RUN	io.github.yubrajsahoo.smf4j.benchmark.gatling.Smf4jSimulation	smf4jsimulation	1790945072656	 	3.11.5
USER	Counter Scenario	START	1790945074375
USER	Timer Scenario	START	1790945074375
USER	No Metrics Scenario	START	1790945074378
USER	Timer Scenario	START	1790945074378
USER	No Metrics Scenario	START	1790945074379
USER	Counter Scenario	START	1790945074380
USER	Gauge Scenario	START	1790945074382
USER	Gauge Scenario	START	1790945074384
USER	No Metrics Scenario	START	1790945074384
USER	Timer Scenario	START	1790945074385
USER	Gauge Scenario	START	1790945074387
USER	Timer Scenario	START	1790945074388
USER	Gauge Scenario	START	1790945074389
USER	Timer Scenario	START	1790945074390
USER	Gauge Scenario	START	1790945074394
USER	No Metrics Scenario	START	1790945074401
USER	Counter Scenario	START	1790945074405
USER	Counter Scenario	START	1790945074408
USER	Gauge Scenario	START	1790945074411
USER	Gauge Scenario	START	1790945074411
USER	Counter Scenario	START	1790945074414
USER	Counter Scenario	START	1790945074414
USER	Timer Scenario	START	1790945074416
USER	No Metrics Scenario	START	1790945074424
USER	Counter Scenario	START	1790945074426
USER	Gauge Scenario	START	1790945074423
USER	Timer Scenario	START	1790945074432
USER	No Metrics Scenario	START	1790945074440
USER	Counter Scenario	START	1790945074447
USER	No Metrics Scenario	START	1790945074449
USER	Counter Scenario	START	1790945074449
USER	Counter Scenario	START	1790945074450
USER	Timer Scenario	START	1790945074450
USER	Timer Scenario	START	1790945074450
USER	No Metrics Scenario	START	1790945074375
USER	Gauge Scenario	START	1790945074453
USER	No Metrics Scenario	START	1790945074467
USER	No Metrics Scenario	START	1790945074468
USER	Counter Scenario	START	1790945074470
USER	Timer Scenario	START	1790945074473
USER	Counter Scenario	START	1790945074476
USER	No Metrics Scenario	START	1790945074477
USER	No Metrics Scenario	START	1790945074479
USER	Timer Scenario	START	1790945074481
USER	Timer Scenario	START	1790945074480
USER	Timer Scenario	START	1790945074485
USER	Gauge Scenario	START	1790945074486
USER	Gauge Scenario	START	1790945074486
USER	Counter Scenario	START	1790945074487
USER	Counter Scenario	START	1790945074488
USER	Timer Scenario	START	1790945074488
USER	Gauge Scenario	START	1790945074490
USER	Gauge Scenario	START	1790945074493
USER	Timer Scenario	START	1790945074497
USER	Gauge Scenario	START	1790945074499
USER	Gauge Scenario	START	1790945074504
USER	Counter Scenario	START	1790945074508
USER	Counter Scenario	START	1790945074509
USER	No Metrics Scenario	START	1790945074509
USER	Timer Scenario	START	1790945074512
USER	Gauge Scenario	START	1790945074519
USER	No Metrics Scenario	START	1790945074542
REQUEST		request_no_metrics	1790945074466	1790945074505	OK	 
REQUEST		request_no_metrics	1790945074331	1790945074501	OK	 
REQUEST		request_no_metrics	1790945074508	1790945074522	OK	 
REQUEST		request_no_metrics	1790945074331	1790945074542	OK	 
USER	Gauge Scenario	START	1790945074547
REQUEST		request_no_metrics	1790945074329	1790945074454	OK	 
USER	No Metrics Scenario	END	1790945074554
REQUEST		request_no_metrics	1790945074423	1790945074557	OK	 
REQUEST		request_no_metrics	1790945074436	1790945074558	OK	 
USER	No Metrics Scenario	END	1790945074559
USER	Gauge Scenario	START	1790945074560
REQUEST		request_no_metrics	1790945074448	1790945074561	OK	 
USER	No Metrics Scenario	START	1790945074572
USER	Gauge Scenario	START	1790945074578
USER	No Metrics Scenario	START	1790945074579
USER	No Metrics Scenario	START	1790945074579
USER	Timer Scenario	START	1790945074580
USER	Counter Scenario	START	1790945074582
USER	Counter Scenario	START	1790945074583
USER	Timer Scenario	START	1790945074580
USER	Gauge Scenario	START	1790945074585
USER	No Metrics Scenario	START	1790945074588
USER	Timer Scenario	START	1790945074591
USER	Counter Scenario	START	1790945074591
USER	Timer Scenario	START	1790945074590
USER	No Metrics Scenario	END	1790945074596
USER	No Metrics Scenario	END	1790945074597
USER	No Metrics Scenario	END	1790945074597
USER	No Metrics Scenario	END	1790945074597
USER	No Metrics Scenario	END	1790945074597
USER	No Metrics Scenario	END	1790945074599
USER	Counter Scenario	START	1790945074603
USER	No Metrics Scenario	START	1790945074603
USER	Timer Scenario	START	1790945074605
REQUEST		request_no_metrics	1790945074601	1790945074615	OK	 
REQUEST		request_no_metrics	1790945074383	1790945074617	OK	 
USER	No Metrics Scenario	END	1790945074618
USER	No Metrics Scenario	END	1790945074620
REQUEST		request_gauge	1790945074422	1790945074631	OK	 
REQUEST		request_gauge	1790945074492	1790945074632	OK	 
REQUEST		request_gauge	1790945074410	1790945074633	OK	 
USER	Gauge Scenario	END	1790945074633
USER	Gauge Scenario	END	1790945074633
USER	Gauge Scenario	END	1790945074634
REQUEST		request_gauge	1790945074325	1790945074637	OK	 
REQUEST		request_gauge	1790945074393	1790945074638	OK	 
USER	Gauge Scenario	END	1790945074639
USER	Gauge Scenario	END	1790945074639
REQUEST		request_gauge	1790945074559	1790945074641	OK	 
REQUEST		request_no_metrics	1790945074578	1790945074643	OK	 
USER	Gauge Scenario	END	1790945074645
REQUEST		request_no_metrics	1790945074578	1790945074646	OK	 
USER	No Metrics Scenario	START	1790945074648
USER	Timer Scenario	START	1790945074650
USER	Gauge Scenario	START	1790945074651
REQUEST		request_gauge	1790945074650	1790945074657	OK	 
USER	Counter Scenario	START	1790945074660
USER	No Metrics Scenario	END	1790945074662
USER	No Metrics Scenario	END	1790945074663
USER	Gauge Scenario	END	1790945074663
USER	Gauge Scenario	START	1790945074665
USER	No Metrics Scenario	START	1790945074666
USER	Timer Scenario	START	1790945074668
USER	Counter Scenario	START	1790945074669
REQUEST		request_gauge	1790945074664	1790945074670	OK	 
USER	Gauge Scenario	END	1790945074671
USER	No Metrics Scenario	START	1790945074672
REQUEST		request_no_metrics	1790945074665	1790945074673	OK	 
USER	No Metrics Scenario	END	1790945074674
REQUEST		request_no_metrics	1790945074329	1790945074625	OK	 
USER	No Metrics Scenario	START	1790945074675
USER	Timer Scenario	START	1790945074675
USER	Timer Scenario	START	1790945074677
REQUEST		request_gauge	1790945074332	1790945074679	OK	 
USER	No Metrics Scenario	END	1790945074681
USER	Counter Scenario	START	1790945074681
REQUEST		request_no_metrics	1790945074331	1790945074679	OK	 
USER	No Metrics Scenario	START	1790945074681
USER	No Metrics Scenario	END	1790945074682
USER	Gauge Scenario	START	1790945074684
USER	Gauge Scenario	END	1790945074684
USER	Timer Scenario	START	1790945074683
REQUEST		request_gauge	1790945074383	1790945074686	OK	 
REQUEST		request_gauge	1790945074381	1790945074686	OK	 
USER	Gauge Scenario	END	1790945074687
USER	Gauge Scenario	END	1790945074687
REQUEST		request_gauge	1790945074486	1790945074691	OK	 
USER	Gauge Scenario	END	1790945074692
REQUEST		request_gauge	1790945074578	1790945074692	OK	 
USER	Gauge Scenario	END	1790945074693
REQUEST		request_gauge	1790945074584	1790945074695	OK	 
USER	Gauge Scenario	END	1790945074696
REQUEST		request_no_metrics	1790945074680	1790945074699	OK	 
USER	No Metrics Scenario	END	1790945074700
REQUEST		request_gauge	1790945074545	1790945074701	OK	 
REQUEST		request_no_metrics	1790945074647	1790945074702	OK	 
USER	Gauge Scenario	END	1790945074702
USER	No Metrics Scenario	END	1790945074703
REQUEST		request_no_metrics	1790945074541	1790945074704	OK	 
USER	No Metrics Scenario	START	1790945074705
USER	No Metrics Scenario	END	1790945074705
REQUEST		request_gauge	1790945074485	1790945074706	OK	 
REQUEST		request_gauge	1790945074451	1790945074707	OK	 
USER	Gauge Scenario	END	1790945074707
USER	Gauge Scenario	END	1790945074708
USER	Counter Scenario	START	1790945074708
USER	Gauge Scenario	START	1790945074709
USER	Gauge Scenario	START	1790945074713
USER	Gauge Scenario	START	1790945074716
REQUEST		request_no_metrics	1790945074464	1790945074716	OK	 
USER	Counter Scenario	START	1790945074717
USER	No Metrics Scenario	END	1790945074717
REQUEST		request_gauge	1790945074489	1790945074718	OK	 
REQUEST		request_gauge	1790945074503	1790945074718	OK	 
USER	Gauge Scenario	END	1790945074718
REQUEST		request_no_metrics	1790945074571	1790945074718	OK	 
USER	Gauge Scenario	END	1790945074720
USER	No Metrics Scenario	END	1790945074721
USER	Counter Scenario	START	1790945074724
USER	Gauge Scenario	START	1790945074727
REQUEST		request_no_metrics	1790945074627	1790945074731	OK	 
USER	Gauge Scenario	START	1790945074732
USER	No Metrics Scenario	END	1790945074732
USER	Counter Scenario	START	1790945074734
REQUEST		request_no_metrics	1790945074671	1790945074734	OK	 
USER	No Metrics Scenario	END	1790945074734
REQUEST		request_gauge	1790945074330	1790945074737	OK	 
USER	No Metrics Scenario	START	1790945074734
REQUEST		request_no_metrics	1790945074583	1790945074739	OK	 
REQUEST		request_gauge	1790945074684	1790945074735	OK	 
USER	Timer Scenario	START	1790945074740
REQUEST		request_gauge	1790945074498	1790945074740	OK	 
USER	Gauge Scenario	END	1790945074741
USER	No Metrics Scenario	END	1790945074742
USER	No Metrics Scenario	START	1790945074743
USER	Gauge Scenario	END	1790945074744
REQUEST		request_no_metrics	1790945074477	1790945074744	OK	 
USER	No Metrics Scenario	END	1790945074745
USER	Gauge Scenario	START	1790945074748
USER	Timer Scenario	START	1790945074748
USER	Counter Scenario	START	1790945074748
USER	Counter Scenario	START	1790945074738
REQUEST		request_no_metrics	1790945074742	1790945074754	OK	 
USER	No Metrics Scenario	END	1790945074755
USER	No Metrics Scenario	START	1790945074759
USER	Gauge Scenario	START	1790945074759
USER	Gauge Scenario	END	1790945074760
USER	Timer Scenario	START	1790945074765
REQUEST		request_gauge	1790945074684	1790945074768	OK	 
USER	Gauge Scenario	END	1790945074769
REQUEST		request_no_metrics	1790945074758	1790945074769	OK	 
REQUEST		request_gauge	1790945074731	1790945074771	OK	 
REQUEST		request_gauge	1790945074473	1790945074771	OK	 
USER	Gauge Scenario	END	1790945074771
REQUEST		request_gauge	1790945074747	1790945074771	OK	 
USER	Gauge Scenario	END	1790945074772
USER	Gauge Scenario	END	1790945074773
USER	Counter Scenario	START	1790945074773
REQUEST		request_no_metrics	1790945074733	1790945074773	OK	 
USER	No Metrics Scenario	END	1790945074774
USER	No Metrics Scenario	END	1790945074774
REQUEST		request_gauge	1790945074758	1790945074778	OK	 
USER	Gauge Scenario	END	1790945074779
REQUEST		request_gauge	1790945074715	1790945074782	OK	 
USER	Gauge Scenario	END	1790945074783
REQUEST		request_gauge	1790945074706	1790945074778	OK	 
USER	Counter Scenario	START	1790945074785
USER	Gauge Scenario	END	1790945074785
USER	No Metrics Scenario	START	1790945074786
USER	Timer Scenario	START	1790945074788
REQUEST		request_no_metrics	1790945074677	1790945074791	OK	 
USER	No Metrics Scenario	END	1790945074792
USER	No Metrics Scenario	START	1790945074792
USER	Gauge Scenario	START	1790945074794
REQUEST		request_timer	1790945074387	1790945074794	OK	 
USER	Timer Scenario	END	1790945074795
USER	Timer Scenario	START	1790945074796
REQUEST		request_gauge	1790945074716	1790945074796	OK	 
REQUEST		request_timer	1790945074329	1790945074796	OK	 
USER	Timer Scenario	END	1790945074797
USER	Gauge Scenario	END	1790945074798
REQUEST		request_timer	1790945074415	1790945074800	OK	 
REQUEST		request_timer	1790945074384	1790945074800	OK	 
USER	Timer Scenario	END	1790945074800
USER	Counter Scenario	START	1790945074801
USER	Gauge Scenario	START	1790945074802
USER	Timer Scenario	END	1790945074802
REQUEST		request_counter	1790945074329	1790945074805	OK	 
USER	Counter Scenario	END	1790945074806
REQUEST		request_no_metrics	1790945074784	1790945074806	OK	 
USER	No Metrics Scenario	END	1790945074807
REQUEST		request_counter	1790945074508	1790945074807	OK	 
REQUEST		request_counter	1790945074331	1790945074807	OK	 
USER	Counter Scenario	END	1790945074812
REQUEST		request_gauge	1790945074801	1790945074812	OK	 
REQUEST		request_no_metrics	1790945074789	1790945074812	OK	 
USER	Counter Scenario	END	1790945074812
USER	Gauge Scenario	END	1790945074813
USER	No Metrics Scenario	END	1790945074813
USER	No Metrics Scenario	START	1790945074817
REQUEST		request_gauge	1790945074793	1790945074816	OK	 
USER	Gauge Scenario	END	1790945074821
USER	Gauge Scenario	START	1790945074821
USER	No Metrics Scenario	START	1790945074821
USER	Timer Scenario	START	1790945074822
USER	Counter Scenario	START	1790945074823
USER	Timer Scenario	START	1790945074825
REQUEST		request_gauge	1790945074820	1790945074826	OK	 
USER	Gauge Scenario	END	1790945074827
REQUEST		request_no_metrics	1790945074821	1790945074828	OK	 
USER	No Metrics Scenario	END	1790945074829
REQUEST		request_no_metrics	1790945074809	1790945074832	OK	 
USER	No Metrics Scenario	END	1790945074833
REQUEST		request_counter	1790945074379	1790945074836	OK	 
REQUEST		request_counter	1790945074404	1790945074836	OK	 
REQUEST		request_counter	1790945074400	1790945074837	OK	 
USER	Counter Scenario	END	1790945074838
USER	Counter Scenario	END	1790945074838
USER	Counter Scenario	END	1790945074838
USER	No Metrics Scenario	START	1790945074838
REQUEST		request_no_metrics	1790945074838	1790945074844	OK	 
USER	No Metrics Scenario	END	1790945074845
REQUEST		request_counter	1790945074329	1790945074847	OK	 
REQUEST		request_counter	1790945074325	1790945074848	OK	 
USER	Timer Scenario	START	1790945074848
USER	Counter Scenario	END	1790945074848
USER	Counter Scenario	END	1790945074848
USER	Counter Scenario	START	1790945074850
USER	Gauge Scenario	START	1790945074855
USER	Counter Scenario	START	1790945074862
REQUEST		request_timer	1790945074450	1790945074865	OK	 
REQUEST		request_timer	1790945074430	1790945074865	OK	 
USER	Timer Scenario	END	1790945074866
USER	Timer Scenario	END	1790945074866
REQUEST		request_gauge	1790945074854	1790945074864	OK	 
USER	Gauge Scenario	END	1790945074867
USER	Gauge Scenario	START	1790945074868
USER	No Metrics Scenario	START	1790945074869
USER	Timer Scenario	START	1790945074870
REQUEST		request_gauge	1790945074867	1790945074874	OK	 
USER	Gauge Scenario	END	1790945074875
REQUEST		request_no_metrics	1790945074868	1790945074876	OK	 
USER	No Metrics Scenario	END	1790945074877
REQUEST		request_timer	1790945074331	1790945074881	OK	 
REQUEST		request_timer	1790945074329	1790945074881	OK	 
USER	Timer Scenario	END	1790945074882
USER	Timer Scenario	END	1790945074882
REQUEST		request_timer	1790945074510	1790945074883	OK	 
USER	Timer Scenario	END	1790945074884
USER	Gauge Scenario	START	1790945074884
USER	Counter Scenario	START	1790945074885
USER	No Metrics Scenario	START	1790945074885
USER	Timer Scenario	START	1790945074891
REQUEST		request_gauge	1790945074883	1790945074891	OK	 
REQUEST		request_counter	1790945074446	1790945074891	OK	 
USER	Counter Scenario	END	1790945074892
USER	Gauge Scenario	END	1790945074892
REQUEST		request_no_metrics	1790945074884	1790945074892	OK	 
USER	No Metrics Scenario	END	1790945074893
USER	No Metrics Scenario	START	1790945074900
REQUEST		request_timer	1790945074450	1790945074901	OK	 
REQUEST		request_timer	1790945074451	1790945074901	OK	 
USER	Timer Scenario	END	1790945074903
USER	Timer Scenario	END	1790945074903
REQUEST		request_no_metrics	1790945074899	1790945074905	OK	 
USER	No Metrics Scenario	END	1790945074906
USER	Timer Scenario	START	1790945074908
REQUEST		request_counter	1790945074415	1790945074912	OK	 
REQUEST		request_counter	1790945074424	1790945074912	OK	 
USER	Counter Scenario	END	1790945074913
USER	Counter Scenario	END	1790945074913
USER	Gauge Scenario	START	1790945074914
USER	Counter Scenario	START	1790945074914
REQUEST		request_gauge	1790945074914	1790945074918	OK	 
USER	Gauge Scenario	END	1790945074919
USER	Counter Scenario	START	1790945074920
USER	No Metrics Scenario	START	1790945074930
USER	Gauge Scenario	START	1790945074931
USER	Timer Scenario	START	1790945074931
REQUEST		request_no_metrics	1790945074929	1790945074934	OK	 
REQUEST		request_gauge	1790945074930	1790945074935	OK	 
USER	No Metrics Scenario	END	1790945074935
USER	Gauge Scenario	END	1790945074936
REQUEST		request_counter	1790945074601	1790945074936	OK	 
USER	Counter Scenario	END	1790945074937
REQUEST		request_counter	1790945074582	1790945074943	OK	 
REQUEST		request_timer	1790945074603	1790945074944	OK	 
REQUEST		request_counter	1790945074486	1790945074945	OK	 
REQUEST		request_counter	1790945074330	1790945074945	OK	 
REQUEST		request_timer	1790945074484	1790945074945	OK	 
REQUEST		request_counter	1790945074487	1790945074946	OK	 
USER	No Metrics Scenario	START	1790945074948
USER	Counter Scenario	END	1790945074949
USER	Timer Scenario	END	1790945074949
USER	Counter Scenario	END	1790945074949
USER	Counter Scenario	END	1790945074949
USER	Timer Scenario	END	1790945074949
USER	Counter Scenario	END	1790945074949
USER	Timer Scenario	START	1790945074950
USER	Counter Scenario	START	1790945074948
USER	Gauge Scenario	START	1790945074951
REQUEST		request_timer	1790945074480	1790945074951	OK	 
USER	Timer Scenario	END	1790945074952
REQUEST		request_counter	1790945074475	1790945074953	OK	 
USER	Counter Scenario	END	1790945074955
REQUEST		request_no_metrics	1790945074947	1790945074955	OK	 
USER	No Metrics Scenario	END	1790945074956
REQUEST		request_gauge	1790945074950	1790945074956	OK	 
USER	Gauge Scenario	END	1790945074956
REQUEST		request_counter	1790945074659	1790945074958	OK	 
REQUEST		request_timer	1790945074488	1790945074958	OK	 
REQUEST		request_timer	1790945074580	1790945074960	OK	 
REQUEST		request_timer	1790945074591	1790945074960	OK	 
USER	Counter Scenario	END	1790945074961
USER	Timer Scenario	END	1790945074961
USER	Timer Scenario	END	1790945074961
USER	Timer Scenario	END	1790945074961
USER	Gauge Scenario	START	1790945074962
REQUEST		request_timer	1790945074471	1790945074962	OK	 
USER	Timer Scenario	END	1790945074963
USER	No Metrics Scenario	START	1790945074965
USER	Counter Scenario	START	1790945074964
REQUEST		request_gauge	1790945074961	1790945074971	OK	 
USER	Gauge Scenario	END	1790945074971
USER	Timer Scenario	START	1790945074973
REQUEST		request_no_metrics	1790945074961	1790945074974	OK	 
USER	No Metrics Scenario	END	1790945074975
REQUEST		request_timer	1790945074496	1790945074977	OK	 
REQUEST		request_counter	1790945074589	1790945074977	OK	 
USER	Counter Scenario	END	1790945074978
USER	Timer Scenario	END	1790945074978
USER	No Metrics Scenario	START	1790945074979
REQUEST		request_timer	1790945074667	1790945074981	OK	 
USER	Timer Scenario	END	1790945074982
REQUEST		request_no_metrics	1790945074978	1790945074985	OK	 
USER	No Metrics Scenario	END	1790945074986
USER	Timer Scenario	START	1790945074989
REQUEST		request_timer	1790945074682	1790945074992	OK	 
REQUEST		request_timer	1790945074674	1790945074993	OK	 
REQUEST		request_counter	1790945074507	1790945074993	OK	 
USER	Gauge Scenario	START	1790945074993
USER	Counter Scenario	START	1790945074993
USER	Timer Scenario	END	1790945074996
USER	Timer Scenario	END	1790945074996
USER	Counter Scenario	END	1790945074996
REQUEST		request_timer	1790945074649	1790945074996	OK	 
USER	Timer Scenario	END	1790945074997
USER	Counter Scenario	START	1790945075001
REQUEST		request_gauge	1790945074993	1790945075002	OK	 
USER	Gauge Scenario	END	1790945075003
REQUEST		request_counter	1790945074612	1790945075004	OK	 
REQUEST		request_counter	1790945074679	1790945075005	OK	 
USER	Counter Scenario	END	1790945075005
USER	Counter Scenario	END	1790945075005
USER	Gauge Scenario	START	1790945075009
USER	No Metrics Scenario	START	1790945075009
USER	Timer Scenario	START	1790945075011
REQUEST		request_gauge	1790945075008	1790945075015	OK	 
USER	Gauge Scenario	END	1790945075016
REQUEST		request_counter	1790945074575	1790945075017	OK	 
USER	Counter Scenario	END	1790945075018
REQUEST		request_timer	1790945074575	1790945075019	OK	 
USER	Timer Scenario	END	1790945075020
REQUEST		request_timer	1790945074589	1790945075021	OK	 
USER	Gauge Scenario	START	1790945075022
REQUEST		request_no_metrics	1790945075008	1790945075022	OK	 
USER	No Metrics Scenario	END	1790945075023
USER	Timer Scenario	END	1790945075023
USER	Counter Scenario	START	1790945075025
USER	No Metrics Scenario	START	1790945075026
REQUEST		request_timer	1790945074676	1790945075026	OK	 
USER	Timer Scenario	END	1790945075027
REQUEST		request_gauge	1790945075021	1790945075032	OK	 
USER	Timer Scenario	START	1790945075032
USER	Gauge Scenario	END	1790945075033
REQUEST		request_no_metrics	1790945075024	1790945075034	OK	 
USER	No Metrics Scenario	END	1790945075035
REQUEST		request_counter	1790945074747	1790945075037	OK	 
REQUEST		request_timer	1790945074744	1790945075037	OK	 
REQUEST		request_counter	1790945074707	1790945075037	OK	 
USER	Timer Scenario	END	1790945075038
USER	Counter Scenario	END	1790945075038
USER	Counter Scenario	END	1790945075038
REQUEST		request_timer	1790945074739	1790945075038	OK	 
USER	Timer Scenario	END	1790945075039
USER	No Metrics Scenario	START	1790945075041
REQUEST		request_no_metrics	1790945075040	1790945075046	OK	 
USER	No Metrics Scenario	END	1790945075047
USER	Timer Scenario	START	1790945075049
REQUEST		request_counter	1790945074772	1790945075049	OK	 
REQUEST		request_counter	1790945074716	1790945075049	OK	 
REQUEST		request_counter	1790945074714	1790945075049	OK	 
USER	Counter Scenario	END	1790945075050
USER	Counter Scenario	END	1790945075050
USER	Counter Scenario	END	1790945075050
USER	Gauge Scenario	START	1790945075056
USER	Counter Scenario	START	1790945075056
USER	Counter Scenario	START	1790945075061
REQUEST		request_gauge	1790945075055	1790945075065	OK	 
USER	Gauge Scenario	END	1790945075066
USER	No Metrics Scenario	START	1790945075072
USER	Gauge Scenario	START	1790945075072
USER	Timer Scenario	START	1790945075074
REQUEST		request_counter	1790945074737	1790945075075	OK	 
REQUEST		request_counter	1790945074733	1790945075075	OK	 
REQUEST		request_timer	1790945074764	1790945075075	OK	 
USER	Counter Scenario	END	1790945075076
USER	Timer Scenario	END	1790945075076
USER	Counter Scenario	END	1790945075076
USER	No Metrics Scenario	START	1790945075078
REQUEST		request_gauge	1790945075071	1790945075078	OK	 
USER	Gauge Scenario	END	1790945075079
REQUEST		request_no_metrics	1790945075071	1790945075080	OK	 
USER	No Metrics Scenario	END	1790945075081
REQUEST		request_no_metrics	1790945075077	1790945075081	OK	 
USER	No Metrics Scenario	END	1790945075082
REQUEST		request_timer	1790945074793	1790945075086	OK	 
REQUEST		request_counter	1790945074780	1790945075086	OK	 
REQUEST		request_timer	1790945074787	1790945075086	OK	 
REQUEST		request_counter	1790945074799	1790945075086	OK	 
USER	Timer Scenario	END	1790945075087
USER	Counter Scenario	END	1790945075087
USER	Counter Scenario	END	1790945075087
USER	Timer Scenario	END	1790945075087
USER	Counter Scenario	START	1790945075087
USER	Timer Scenario	START	1790945075087
USER	Gauge Scenario	START	1790945075088
REQUEST		request_gauge	1790945075087	1790945075091	OK	 
USER	Gauge Scenario	END	1790945075092
REQUEST		request_timer	1790945074824	1790945075097	OK	 
REQUEST		request_timer	1790945074820	1790945075097	OK	 
REQUEST		request_counter	1790945074820	1790945075097	OK	 
USER	Counter Scenario	END	1790945075098
USER	Timer Scenario	END	1790945075098
USER	Timer Scenario	END	1790945075098
USER	Counter Scenario	START	1790945075103
USER	No Metrics Scenario	START	1790945075103
USER	Gauge Scenario	START	1790945075103
REQUEST		request_counter	1790945074861	1790945075106	OK	 
REQUEST		request_timer	1790945074846	1790945075106	OK	 
REQUEST		request_counter	1790945074849	1790945075106	OK	 
REQUEST		request_no_metrics	1790945075102	1790945075106	OK	 
USER	Timer Scenario	END	1790945075107
USER	Counter Scenario	END	1790945075107
USER	No Metrics Scenario	END	1790945075107
USER	Counter Scenario	END	1790945075107
USER	Timer Scenario	START	1790945075108
REQUEST		request_gauge	1790945075102	1790945075108	OK	 
USER	Gauge Scenario	END	1790945075108
USER	No Metrics Scenario	START	1790945075118
REQUEST		request_no_metrics	1790945075118	1790945075123	OK	 
USER	No Metrics Scenario	END	1790945075124
REQUEST		request_timer	1790945074869	1790945075127	OK	 
REQUEST		request_counter	1790945074914	1790945075127	OK	 
REQUEST		request_counter	1790945074883	1790945075127	OK	 
REQUEST		request_timer	1790945074907	1790945075127	OK	 
REQUEST		request_timer	1790945074888	1790945075127	OK	 
USER	Timer Scenario	END	1790945075128
USER	Counter Scenario	END	1790945075128
USER	Counter Scenario	END	1790945075128
USER	Timer Scenario	END	1790945075128
USER	Timer Scenario	END	1790945075128
USER	Gauge Scenario	START	1790945075133
USER	Timer Scenario	START	1790945075134
USER	Counter Scenario	START	1790945075137
REQUEST		request_timer	1790945074931	1790945075140	OK	 
REQUEST		request_counter	1790945074919	1790945075140	OK	 
USER	Counter Scenario	END	1790945075140
USER	Timer Scenario	END	1790945075140
REQUEST		request_gauge	1790945075133	1790945075140	OK	 
USER	Gauge Scenario	END	1790945075141
USER	Counter Scenario	START	1790945075142
REQUEST		request_timer	1790945074971	1790945075148	OK	 
REQUEST		request_counter	1790945074961	1790945075148	OK	 
REQUEST		request_timer	1790945074949	1790945075148	OK	 
USER	Timer Scenario	END	1790945075149
USER	Counter Scenario	END	1790945075149
USER	Timer Scenario	END	1790945075149
USER	Gauge Scenario	START	1790945075149
USER	No Metrics Scenario	START	1790945075149
REQUEST		request_counter	1790945074947	1790945075149	OK	 
USER	Counter Scenario	END	1790945075149
USER	Timer Scenario	START	1790945075150
REQUEST		request_gauge	1790945075148	1790945075153	OK	 
USER	Gauge Scenario	END	1790945075154
REQUEST		request_no_metrics	1790945075148	1790945075155	OK	 
USER	No Metrics Scenario	END	1790945075156
REQUEST		request_counter	1790945075000	1790945075160	OK	 
REQUEST		request_timer	1790945074988	1790945075160	OK	 
USER	Timer Scenario	END	1790945075161
USER	Counter Scenario	END	1790945075161
REQUEST		request_counter	1790945074993	1790945075162	OK	 
USER	Counter Scenario	END	1790945075162
USER	No Metrics Scenario	START	1790945075162
USER	Gauge Scenario	START	1790945075165
USER	Counter Scenario	START	1790945075165
REQUEST		request_no_metrics	1790945075162	1790945075166	OK	 
USER	No Metrics Scenario	END	1790945075167
USER	Timer Scenario	START	1790945075168
REQUEST		request_gauge	1790945075164	1790945075168	OK	 
USER	Gauge Scenario	END	1790945075169
REQUEST		request_counter	1790945075060	1790945075174	OK	 
REQUEST		request_timer	1790945075073	1790945075174	OK	 
REQUEST		request_timer	1790945075030	1790945075174	OK	 
REQUEST		request_counter	1790945075024	1790945075174	OK	 
USER	Counter Scenario	END	1790945075175
USER	Timer Scenario	END	1790945075175
USER	Timer Scenario	END	1790945075175
USER	Counter Scenario	END	1790945075175
REQUEST		request_timer	1790945075010	1790945075175	OK	 
USER	Timer Scenario	END	1790945075177
REQUEST		request_counter	1790945075055	1790945075177	OK	 
USER	Counter Scenario	END	1790945075178
REQUEST		request_timer	1790945075048	1790945075178	OK	 
USER	Timer Scenario	END	1790945075179
USER	No Metrics Scenario	START	1790945075180
REQUEST		request_no_metrics	1790945075179	1790945075184	OK	 
USER	No Metrics Scenario	END	1790945075186
REQUEST		request_timer	1790945075087	1790945075192	OK	 
REQUEST		request_counter	1790945075087	1790945075193	OK	 
REQUEST		request_counter	1790945075102	1790945075193	OK	 
USER	Counter Scenario	END	1790945075193
USER	Timer Scenario	END	1790945075194
USER	Counter Scenario	END	1790945075194
USER	Counter Scenario	START	1790945075195
USER	Gauge Scenario	START	1790945075195
USER	Timer Scenario	START	1790945075195
REQUEST		request_gauge	1790945075194	1790945075199	OK	 
USER	Gauge Scenario	END	1790945075200
REQUEST		request_counter	1790945075141	1790945075202	OK	 
REQUEST		request_timer	1790945075107	1790945075202	OK	 
REQUEST		request_timer	1790945075133	1790945075202	OK	 
REQUEST		request_counter	1790945075134	1790945075202	OK	 
USER	Counter Scenario	END	1790945075202
USER	Counter Scenario	END	1790945075202
USER	Timer Scenario	END	1790945075202
USER	Timer Scenario	END	1790945075202
USER	Counter Scenario	START	1790945075204
REQUEST		request_timer	1790945075168	1790945075210	OK	 
REQUEST		request_counter	1790945075164	1790945075210	OK	 
REQUEST		request_timer	1790945075149	1790945075210	OK	 
USER	Counter Scenario	END	1790945075211
USER	Timer Scenario	END	1790945075211
USER	Timer Scenario	END	1790945075211
USER	No Metrics Scenario	START	1790945075212
USER	Gauge Scenario	START	1790945075212
USER	Timer Scenario	START	1790945075212
REQUEST		request_gauge	1790945075211	1790945075216	OK	 
USER	Gauge Scenario	END	1790945075218
REQUEST		request_no_metrics	1790945075211	1790945075218	OK	 
USER	No Metrics Scenario	END	1790945075219
REQUEST		request_counter	1790945075194	1790945075223	OK	 
REQUEST		request_timer	1790945075195	1790945075223	OK	 
USER	Timer Scenario	END	1790945075224
USER	Counter Scenario	END	1790945075224
USER	No Metrics Scenario	START	1790945075227
USER	Gauge Scenario	START	1790945075227
USER	Counter Scenario	START	1790945075228
USER	Timer Scenario	START	1790945075230
REQUEST		request_no_metrics	1790945075226	1790945075231	OK	 
REQUEST		request_gauge	1790945075226	1790945075232	OK	 
USER	No Metrics Scenario	END	1790945075232
USER	Gauge Scenario	END	1790945075232
REQUEST		request_timer	1790945075212	1790945075239	OK	 
REQUEST		request_counter	1790945075228	1790945075239	OK	 
USER	Counter Scenario	END	1790945075240
USER	Timer Scenario	END	1790945075240
REQUEST		request_counter	1790945075203	1790945075241	OK	 
USER	Counter Scenario	END	1790945075242
USER	No Metrics Scenario	START	1790945075242
USER	Gauge Scenario	START	1790945075242
USER	Counter Scenario	START	1790945075242
REQUEST		request_no_metrics	1790945075241	1790945075247	OK	 
USER	No Metrics Scenario	END	1790945075248
USER	Timer Scenario	START	1790945075249
REQUEST		request_gauge	1790945075241	1790945075249	OK	 
USER	Gauge Scenario	END	1790945075250
REQUEST		request_timer	1790945075229	1790945075256	OK	 
REQUEST		request_counter	1790945075241	1790945075256	OK	 
USER	Timer Scenario	END	1790945075257
USER	Counter Scenario	END	1790945075257
REQUEST		request_timer	1790945075248	1790945075258	OK	 
USER	Timer Scenario	END	1790945075259
USER	No Metrics Scenario	START	1790945075274
USER	Counter Scenario	START	1790945075274
USER	Gauge Scenario	START	1790945075275
USER	Timer Scenario	START	1790945075278
REQUEST		request_gauge	1790945075273	1790945075280	OK	 
USER	Gauge Scenario	END	1790945075281
REQUEST		request_no_metrics	1790945075273	1790945075282	OK	 
USER	Counter Scenario	START	1790945075282
USER	No Metrics Scenario	END	1790945075283
REQUEST		request_counter	1790945075281	1790945075288	OK	 
USER	Gauge Scenario	START	1790945075289
USER	No Metrics Scenario	START	1790945075289
USER	Counter Scenario	END	1790945075289
REQUEST		request_timer	1790945075274	1790945075289	OK	 
USER	Timer Scenario	END	1790945075290
USER	Timer Scenario	START	1790945075291
REQUEST		request_gauge	1790945075288	1790945075293	OK	 
USER	Gauge Scenario	END	1790945075294
REQUEST		request_counter	1790945075274	1790945075296	OK	 
USER	Counter Scenario	END	1790945075297
REQUEST		request_no_metrics	1790945075288	1790945075301	OK	 
USER	No Metrics Scenario	END	1790945075302
USER	No Metrics Scenario	START	1790945075305
USER	Gauge Scenario	START	1790945075305
REQUEST		request_gauge	1790945075304	1790945075309	OK	 
USER	Counter Scenario	START	1790945075310
USER	Gauge Scenario	END	1790945075310
USER	Timer Scenario	START	1790945075311
REQUEST		request_no_metrics	1790945075304	1790945075312	OK	 
USER	No Metrics Scenario	END	1790945075313
REQUEST		request_timer	1790945075290	1790945075316	OK	 
REQUEST		request_counter	1790945075309	1790945075316	OK	 
USER	Counter Scenario	END	1790945075317
USER	Timer Scenario	END	1790945075317
USER	No Metrics Scenario	START	1790945075320
REQUEST		request_no_metrics	1790945075320	1790945075324	OK	 
USER	No Metrics Scenario	END	1790945075325
REQUEST		request_timer	1790945075310	1790945075329	OK	 
USER	Timer Scenario	END	1790945075330
USER	Gauge Scenario	START	1790945075336
USER	Timer Scenario	START	1790945075336
USER	Counter Scenario	START	1790945075336
REQUEST		request_gauge	1790945075335	1790945075340	OK	 
USER	Gauge Scenario	END	1790945075341
USER	Counter Scenario	START	1790945075342
REQUEST		request_counter	1790945075335	1790945075347	OK	 
USER	Counter Scenario	END	1790945075347
REQUEST		request_timer	1790945075335	1790945075348	OK	 
USER	Timer Scenario	END	1790945075348
USER	No Metrics Scenario	START	1790945075351
USER	Gauge Scenario	START	1790945075351
USER	Timer Scenario	START	1790945075355
REQUEST		request_gauge	1790945075350	1790945075359	OK	 
USER	Gauge Scenario	END	1790945075360
REQUEST		request_no_metrics	1790945075350	1790945075362	OK	 
USER	No Metrics Scenario	END	1790945075363
USER	No Metrics Scenario	START	1790945075367
USER	Counter Scenario	START	1790945075367
USER	Gauge Scenario	START	1790945075369
USER	Timer Scenario	START	1790945075375
REQUEST		request_gauge	1790945075367	1790945075375	OK	 
USER	Gauge Scenario	END	1790945075376
REQUEST		request_no_metrics	1790945075366	1790945075378	OK	 
USER	No Metrics Scenario	END	1790945075378
REQUEST		request_counter	1790945075341	1790945075382	OK	 
USER	Counter Scenario	END	1790945075383
USER	Counter Scenario	START	1790945075383
USER	No Metrics Scenario	START	1790945075384
REQUEST		request_no_metrics	1790945075383	1790945075387	OK	 
USER	No Metrics Scenario	END	1790945075388
USER	Timer Scenario	START	1790945075390
REQUEST		request_counter	1790945075366	1790945075392	OK	 
REQUEST		request_timer	1790945075374	1790945075392	OK	 
REQUEST		request_timer	1790945075355	1790945075392	OK	 
USER	Timer Scenario	END	1790945075392
USER	Timer Scenario	END	1790945075393
USER	Counter Scenario	END	1790945075393
USER	Gauge Scenario	START	1790945075398
USER	Counter Scenario	START	1790945075402
REQUEST		request_counter	1790945075381	1790945075403	OK	 
REQUEST		request_timer	1790945075389	1790945075404	OK	 
REQUEST		request_gauge	1790945075397	1790945075404	OK	 
USER	Counter Scenario	END	1790945075404
USER	Timer Scenario	END	1790945075404
USER	Gauge Scenario	END	1790945075404
USER	Gauge Scenario	START	1790945075414
USER	No Metrics Scenario	START	1790945075414
USER	Timer Scenario	START	1790945075415
REQUEST		request_gauge	1790945075413	1790945075419	OK	 
REQUEST		request_no_metrics	1790945075413	1790945075419	OK	 
USER	Gauge Scenario	END	1790945075420
USER	No Metrics Scenario	END	1790945075420
USER	Gauge Scenario	START	1790945075432
USER	No Metrics Scenario	START	1790945075433
USER	Timer Scenario	START	1790945075434
REQUEST		request_counter	1790945075401	1790945075437	OK	 
USER	Counter Scenario	START	1790945075438
USER	Counter Scenario	END	1790945075438
REQUEST		request_timer	1790945075414	1790945075439	OK	 
USER	Timer Scenario	END	1790945075442
USER	Counter Scenario	START	1790945075449
USER	No Metrics Scenario	START	1790945075449
USER	Timer Scenario	START	1790945075450
REQUEST		request_gauge	1790945075431	1790945075451	OK	 
USER	Gauge Scenario	END	1790945075452
REQUEST		request_counter	1790945075429	1790945075455	OK	 
USER	Counter Scenario	END	1790945075456
REQUEST		request_no_metrics	1790945075448	1790945075458	OK	 
REQUEST		request_no_metrics	1790945075432	1790945075457	OK	 
USER	No Metrics Scenario	END	1790945075459
USER	No Metrics Scenario	END	1790945075460
USER	Gauge Scenario	START	1790945075463
USER	Counter Scenario	START	1790945075465
REQUEST		request_timer	1790945075449	1790945075467	OK	 
REQUEST		request_counter	1790945075444	1790945075467	OK	 
USER	Counter Scenario	END	1790945075468
REQUEST		request_gauge	1790945075462	1790945075470	OK	 
USER	Timer Scenario	END	1790945075470
USER	Gauge Scenario	END	1790945075471
USER	No Metrics Scenario	START	1790945075477
USER	Gauge Scenario	START	1790945075478
USER	Timer Scenario	START	1790945075479
USER	Counter Scenario	START	1790945075483
REQUEST		request_gauge	1790945075476	1790945075485	OK	 
USER	Gauge Scenario	END	1790945075485
REQUEST		request_no_metrics	1790945075476	1790945075485	OK	 
USER	No Metrics Scenario	END	1790945075486
REQUEST		request_counter	1790945075464	1790945075489	OK	 
USER	Counter Scenario	END	1790945075490
USER	No Metrics Scenario	START	1790945075492
USER	Gauge Scenario	START	1790945075492
USER	Timer Scenario	START	1790945075493
REQUEST		request_timer	1790945075434	1790945075496	OK	 
USER	Timer Scenario	END	1790945075497
REQUEST		request_timer	1790945075478	1790945075497	OK	 
REQUEST		request_counter	1790945075483	1790945075497	OK	 
USER	Timer Scenario	END	1790945075497
USER	Counter Scenario	END	1790945075497
REQUEST		request_no_metrics	1790945075491	1790945075504	OK	 
USER	No Metrics Scenario	END	1790945075505
REQUEST		request_timer	1790945075492	1790945075508	OK	 
USER	Gauge Scenario	START	1790945075513
USER	No Metrics Scenario	START	1790945075514
USER	Timer Scenario	END	1790945075514
USER	Timer Scenario	START	1790945075515
USER	Counter Scenario	START	1790945075521
REQUEST		request_no_metrics	1790945075513	1790945075521	OK	 
USER	No Metrics Scenario	END	1790945075522
USER	No Metrics Scenario	START	1790945075527
REQUEST		request_gauge	1790945075512	1790945075531	OK	 
USER	Timer Scenario	START	1790945075534
REQUEST		request_gauge	1790945075491	1790945075537	OK	 
USER	Gauge Scenario	START	1790945075538
USER	Gauge Scenario	END	1790945075536
USER	Gauge Scenario	END	1790945075539
REQUEST		request_no_metrics	1790945075525	1790945075541	OK	 
USER	No Metrics Scenario	END	1790945075543
USER	Counter Scenario	START	1790945075547
REQUEST		request_gauge	1790945075537	1790945075549	OK	 
USER	Counter Scenario	START	1790945075550
USER	Gauge Scenario	END	1790945075550
USER	Gauge Scenario	START	1790945075554
USER	No Metrics Scenario	START	1790945075554
USER	Timer Scenario	START	1790945075555
REQUEST		request_gauge	1790945075553	1790945075558	OK	 
USER	Gauge Scenario	END	1790945075559
REQUEST		request_no_metrics	1790945075554	1790945075564	OK	 
USER	No Metrics Scenario	END	1790945075565
USER	No Metrics Scenario	START	1790945075569
USER	Gauge Scenario	START	1790945075569
USER	Counter Scenario	START	1790945075569
USER	Timer Scenario	START	1790945075570
REQUEST		request_no_metrics	1790945075568	1790945075573	OK	 
USER	No Metrics Scenario	END	1790945075574
REQUEST		request_timer	1790945075533	1790945075582	OK	 
USER	Timer Scenario	END	1790945075585
REQUEST		request_timer	1790945075514	1790945075586	OK	 
USER	Counter Scenario	START	1790945075587
REQUEST		request_counter	1790945075520	1790945075588	OK	 
USER	Timer Scenario	END	1790945075590
USER	Counter Scenario	END	1790945075590
REQUEST		request_counter	1790945075549	1790945075595	OK	 
USER	Counter Scenario	END	1790945075597
REQUEST		request_gauge	1790945075568	1790945075591	OK	 
USER	Gauge Scenario	END	1790945075599
REQUEST		request_counter	1790945075546	1790945075600	OK	 
USER	Counter Scenario	END	1790945075602
USER	Gauge Scenario	START	1790945075603
REQUEST		request_counter	1790945075568	1790945075609	OK	 
REQUEST		request_timer	1790945075554	1790945075609	OK	 
USER	Counter Scenario	END	1790945075610
USER	Timer Scenario	END	1790945075610
USER	No Metrics Scenario	START	1790945075614
USER	No Metrics Scenario	START	1790945075614
USER	Counter Scenario	START	1790945075615
USER	Gauge Scenario	START	1790945075615
USER	Timer Scenario	START	1790945075615
USER	Timer Scenario	START	1790945075617
REQUEST		request_timer	1790945075569	1790945075619	OK	 
USER	Timer Scenario	END	1790945075620
REQUEST		request_gauge	1790945075615	1790945075620	OK	 
USER	Gauge Scenario	END	1790945075621
USER	Counter Scenario	START	1790945075623
USER	Gauge Scenario	START	1790945075630
USER	No Metrics Scenario	START	1790945075630
USER	Timer Scenario	START	1790945075631
REQUEST		request_gauge	1790945075629	1790945075634	OK	 
USER	Gauge Scenario	END	1790945075634
REQUEST		request_no_metrics	1790945075612	1790945075634	OK	 
USER	No Metrics Scenario	END	1790945075636
REQUEST		request_gauge	1790945075602	1790945075636	OK	 
REQUEST		request_no_metrics	1790945075629	1790945075636	OK	 
REQUEST		request_counter	1790945075584	1790945075636	OK	 
REQUEST		request_no_metrics	1790945075614	1790945075636	OK	 
USER	No Metrics Scenario	END	1790945075636
USER	Counter Scenario	END	1790945075636
USER	No Metrics Scenario	END	1790945075636
USER	Gauge Scenario	END	1790945075637
REQUEST		request_counter	1790945075622	1790945075642	OK	 
REQUEST		request_timer	1790945075615	1790945075642	OK	 
USER	Counter Scenario	END	1790945075642
USER	Timer Scenario	END	1790945075643
REQUEST		request_counter	1790945075611	1790945075644	OK	 
USER	Gauge Scenario	START	1790945075646
USER	No Metrics Scenario	START	1790945075646
USER	Counter Scenario	START	1790945075646
USER	Counter Scenario	END	1790945075646
USER	Timer Scenario	START	1790945075649
REQUEST		request_gauge	1790945075645	1790945075649	OK	 
USER	Gauge Scenario	END	1790945075650
REQUEST		request_no_metrics	1790945075645	1790945075650	OK	 
USER	No Metrics Scenario	END	1790945075651
REQUEST		request_counter	1790945075645	1790945075655	OK	 
REQUEST		request_timer	1790945075648	1790945075655	OK	 
REQUEST		request_timer	1790945075630	1790945075655	OK	 
REQUEST		request_timer	1790945075615	1790945075656	OK	 
USER	Timer Scenario	END	1790945075656
USER	Timer Scenario	END	1790945075656
USER	Counter Scenario	END	1790945075656
USER	Timer Scenario	END	1790945075656
USER	No Metrics Scenario	START	1790945075662
REQUEST		request_no_metrics	1790945075661	1790945075666	OK	 
USER	No Metrics Scenario	END	1790945075666
USER	Timer Scenario	START	1790945075677
USER	Gauge Scenario	START	1790945075677
USER	Counter Scenario	START	1790945075677
REQUEST		request_gauge	1790945075676	1790945075683	OK	 
USER	Gauge Scenario	END	1790945075684
USER	Counter Scenario	START	1790945075685
REQUEST		request_counter	1790945075677	1790945075686	OK	 
REQUEST		request_timer	1790945075676	1790945075686	OK	 
USER	Timer Scenario	END	1790945075687
USER	Counter Scenario	END	1790945075687
USER	No Metrics Scenario	START	1790945075693
USER	Gauge Scenario	START	1790945075693
USER	Timer Scenario	START	1790945075694
REQUEST		request_gauge	1790945075692	1790945075697	OK	 
USER	Gauge Scenario	END	1790945075698
REQUEST		request_no_metrics	1790945075692	1790945075699	OK	 
USER	No Metrics Scenario	END	1790945075699
REQUEST		request_timer	1790945075693	1790945075703	OK	 
REQUEST		request_counter	1790945075684	1790945075703	OK	 
USER	Timer Scenario	END	1790945075704
USER	Counter Scenario	END	1790945075704
USER	Counter Scenario	START	1790945075709
USER	No Metrics Scenario	START	1790945075709
USER	Gauge Scenario	START	1790945075709
USER	Timer Scenario	START	1790945075710
REQUEST		request_counter	1790945075708	1790945075714	OK	 
REQUEST		request_gauge	1790945075708	1790945075714	OK	 
USER	Counter Scenario	END	1790945075717
USER	Gauge Scenario	END	1790945075717
REQUEST		request_no_metrics	1790945075708	1790945075717	OK	 
USER	No Metrics Scenario	END	1790945075718
REQUEST		request_timer	1790945075710	1790945075723	OK	 
USER	Timer Scenario	END	1790945075723
USER	No Metrics Scenario	START	1790945075726
USER	Gauge Scenario	START	1790945075726
USER	Counter Scenario	START	1790945075726
USER	Timer Scenario	START	1790945075730
REQUEST		request_gauge	1790945075726	1790945075730	OK	 
USER	Gauge Scenario	END	1790945075731
REQUEST		request_no_metrics	1790945075726	1790945075732	OK	 
USER	No Metrics Scenario	END	1790945075733
REQUEST		request_counter	1790945075726	1790945075734	OK	 
USER	Counter Scenario	END	1790945075734
USER	No Metrics Scenario	START	1790945075742
REQUEST		request_no_metrics	1790945075741	1790945075745	OK	 
USER	No Metrics Scenario	END	1790945075747
USER	Gauge Scenario	START	1790945075758
USER	Timer Scenario	START	1790945075758
USER	Counter Scenario	START	1790945075758
REQUEST		request_gauge	1790945075757	1790945075760	OK	 
USER	Gauge Scenario	END	1790945075761
REQUEST		request_timer	1790945075729	1790945075767	OK	 
REQUEST		request_counter	1790945075757	1790945075767	OK	 
USER	Counter Scenario	END	1790945075768
USER	Timer Scenario	END	1790945075768
REQUEST		request_timer	1790945075757	1790945075769	OK	 
USER	Timer Scenario	END	1790945075770
USER	Counter Scenario	START	1790945075773
USER	Gauge Scenario	START	1790945075773
USER	No Metrics Scenario	START	1790945075773
REQUEST		request_gauge	1790945075772	1790945075776	OK	 
USER	Gauge Scenario	END	1790945075777
USER	Timer Scenario	START	1790945075779
REQUEST		request_counter	1790945075772	1790945075781	OK	 
USER	Counter Scenario	END	1790945075781
REQUEST		request_no_metrics	1790945075772	1790945075787	OK	 
USER	No Metrics Scenario	END	1790945075788
USER	Counter Scenario	START	1790945075789
USER	Gauge Scenario	START	1790945075790
USER	No Metrics Scenario	START	1790945075791
USER	Timer Scenario	START	1790945075792
REQUEST		request_gauge	1790945075789	1790945075795	OK	 
USER	Gauge Scenario	END	1790945075797
REQUEST		request_no_metrics	1790945075790	1790945075798	OK	 
USER	No Metrics Scenario	END	1790945075799
USER	No Metrics Scenario	START	1790945075804
USER	Counter Scenario	START	1790945075804
REQUEST		request_timer	1790945075773	1790945075806	OK	 
REQUEST		request_counter	1790945075788	1790945075806	OK	 
USER	Timer Scenario	END	1790945075807
USER	Counter Scenario	END	1790945075808
REQUEST		request_no_metrics	1790945075804	1790945075808	OK	 
USER	No Metrics Scenario	END	1790945075809
USER	Timer Scenario	START	1790945075812
USER	Gauge Scenario	START	1790945075821
REQUEST		request_timer	1790945075791	1790945075832	OK	 
REQUEST		request_counter	1790945075804	1790945075832	OK	 
USER	Timer Scenario	END	1790945075833
USER	Counter Scenario	END	1790945075833
USER	Gauge Scenario	START	1790945075835
USER	Counter Scenario	START	1790945075839
USER	No Metrics Scenario	START	1790945075844
REQUEST		request_gauge	1790945075820	1790945075840	OK	 
USER	Gauge Scenario	END	1790945075848
REQUEST		request_gauge	1790945075835	1790945075848	OK	 
USER	Gauge Scenario	END	1790945075850
USER	Gauge Scenario	START	1790945075851
USER	No Metrics Scenario	START	1790945075851
USER	Timer Scenario	START	1790945075851
USER	Timer Scenario	START	1790945075845
REQUEST		request_gauge	1790945075850	1790945075854	OK	 
USER	Gauge Scenario	END	1790945075854
REQUEST		request_no_metrics	1790945075838	1790945075856	OK	 
USER	No Metrics Scenario	END	1790945075857
USER	Counter Scenario	START	1790945075857
REQUEST		request_no_metrics	1790945075850	1790945075859	OK	 
REQUEST		request_timer	1790945075810	1790945075860	OK	 
REQUEST		request_counter	1790945075838	1790945075860	OK	 
USER	No Metrics Scenario	END	1790945075860
USER	Counter Scenario	END	1790945075860
USER	Timer Scenario	END	1790945075860
USER	Counter Scenario	START	1790945075866
USER	Gauge Scenario	START	1790945075866
USER	No Metrics Scenario	START	1790945075866
USER	Timer Scenario	START	1790945075871
REQUEST		request_gauge	1790945075866	1790945075871	OK	 
USER	Gauge Scenario	END	1790945075871
REQUEST		request_no_metrics	1790945075866	1790945075872	OK	 
USER	No Metrics Scenario	END	1790945075873
REQUEST		request_timer	1790945075851	1790945075875	OK	 
REQUEST		request_counter	1790945075866	1790945075875	OK	 
REQUEST		request_timer	1790945075845	1790945075875	OK	 
REQUEST		request_counter	1790945075855	1790945075875	OK	 
USER	Timer Scenario	END	1790945075875
USER	Timer Scenario	END	1790945075875
USER	Counter Scenario	END	1790945075875
USER	Counter Scenario	END	1790945075875
USER	No Metrics Scenario	START	1790945075882
REQUEST		request_no_metrics	1790945075881	1790945075885	OK	 
USER	No Metrics Scenario	END	1790945075885
REQUEST		request_timer	1790945075868	1790945075887	OK	 
USER	Timer Scenario	END	1790945075888
USER	Counter Scenario	START	1790945075897
USER	Timer Scenario	START	1790945075897
USER	Gauge Scenario	START	1790945075903
USER	Counter Scenario	START	1790945075906
REQUEST		request_gauge	1790945075899	1790945075908	OK	 
REQUEST		request_timer	1790945075897	1790945075915	OK	 
USER	Gauge Scenario	END	1790945075916
USER	Timer Scenario	END	1790945075916
USER	No Metrics Scenario	START	1790945075917
USER	Gauge Scenario	START	1790945075919
REQUEST		request_counter	1790945075897	1790945075919	OK	 
USER	Timer Scenario	START	1790945075918
USER	Counter Scenario	END	1790945075920
REQUEST		request_gauge	1790945075919	1790945075922	OK	 
USER	Gauge Scenario	END	1790945075923
USER	Counter Scenario	START	1790945075924
REQUEST		request_no_metrics	1790945075914	1790945075925	OK	 
USER	Gauge Scenario	START	1790945075928
USER	No Metrics Scenario	START	1790945075928
USER	No Metrics Scenario	END	1790945075928
USER	Timer Scenario	START	1790945075931
REQUEST		request_gauge	1790945075927	1790945075931	OK	 
USER	Gauge Scenario	END	1790945075932
REQUEST		request_no_metrics	1790945075927	1790945075932	OK	 
USER	No Metrics Scenario	END	1790945075932
REQUEST		request_counter	1790945075905	1790945075936	OK	 
USER	Counter Scenario	END	1790945075937
REQUEST		request_counter	1790945075923	1790945075943	OK	 
REQUEST		request_timer	1790945075917	1790945075943	OK	 
USER	Timer Scenario	END	1790945075943
USER	Counter Scenario	END	1790945075944
USER	No Metrics Scenario	START	1790945075944
REQUEST		request_timer	1790945075929	1790945075945	OK	 
USER	Timer Scenario	END	1790945075946
REQUEST		request_no_metrics	1790945075943	1790945075947	OK	 
USER	No Metrics Scenario	END	1790945075947
USER	Timer Scenario	START	1790945075949
REQUEST		request_timer	1790945075948	1790945075958	OK	 
USER	Timer Scenario	END	1790945075959
USER	Counter Scenario	START	1790945075959
USER	Gauge Scenario	START	1790945075959
USER	Counter Scenario	START	1790945075964
REQUEST		request_gauge	1790945075958	1790945075965	OK	 
USER	Gauge Scenario	END	1790945075965
REQUEST		request_counter	1790945075963	1790945075974	OK	 
REQUEST		request_counter	1790945075958	1790945075974	OK	 
USER	Counter Scenario	END	1790945075974
USER	Counter Scenario	END	1790945075974
USER	Gauge Scenario	START	1790945075974
USER	No Metrics Scenario	START	1790945075974
USER	Timer Scenario	START	1790945075975
REQUEST		request_no_metrics	1790945075974	1790945075980	OK	 
REQUEST		request_gauge	1790945075974	1790945075980	OK	 
USER	No Metrics Scenario	END	1790945075980
USER	Gauge Scenario	END	1790945075980
REQUEST		request_timer	1790945075975	1790945075986	OK	 
USER	Timer Scenario	END	1790945075987
USER	No Metrics Scenario	START	1790945075990
USER	Counter Scenario	START	1790945075990
USER	Gauge Scenario	START	1790945075990
USER	Timer Scenario	START	1790945075992
REQUEST		request_gauge	1790945075989	1790945075994	OK	 
USER	Gauge Scenario	END	1790945075995
REQUEST		request_counter	1790945075989	1790945075997	OK	 
REQUEST		request_no_metrics	1790945075989	1790945075997	OK	 
USER	Counter Scenario	END	1790945075997
USER	No Metrics Scenario	END	1790945075997
REQUEST		request_timer	1790945075990	1790945076003	OK	 
USER	Timer Scenario	END	1790945076005
USER	No Metrics Scenario	START	1790945076006
USER	Counter Scenario	START	1790945076006
USER	Gauge Scenario	START	1790945076006
REQUEST		request_no_metrics	1790945076005	1790945076008	OK	 
REQUEST		request_gauge	1790945076005	1790945076008	OK	 
USER	Gauge Scenario	END	1790945076009
USER	No Metrics Scenario	END	1790945076009
USER	Timer Scenario	START	1790945076010
REQUEST		request_counter	1790945076005	1790945076013	OK	 
USER	Counter Scenario	END	1790945076013
USER	No Metrics Scenario	START	1790945076022
REQUEST		request_no_metrics	1790945076021	1790945076024	OK	 
USER	No Metrics Scenario	END	1790945076025
REQUEST		request_timer	1790945076010	1790945076028	OK	 
USER	Timer Scenario	END	1790945076029
USER	Counter Scenario	START	1790945076037
USER	Timer Scenario	START	1790945076037
USER	Gauge Scenario	START	1790945076039
REQUEST		request_gauge	1790945076038	1790945076042	OK	 
USER	Gauge Scenario	END	1790945076043
USER	Counter Scenario	START	1790945076045
REQUEST		request_counter	1790945076044	1790945076051	OK	 
REQUEST		request_counter	1790945076036	1790945076051	OK	 
USER	Counter Scenario	END	1790945076052
USER	Counter Scenario	END	1790945076052
USER	No Metrics Scenario	START	1790945076052
USER	Gauge Scenario	START	1790945076052
USER	Timer Scenario	START	1790945076053
REQUEST		request_timer	1790945076036	1790945076054	OK	 
USER	Timer Scenario	END	1790945076055
REQUEST		request_gauge	1790945076051	1790945076055	OK	 
USER	Gauge Scenario	END	1790945076056
REQUEST		request_no_metrics	1790945076051	1790945076057	OK	 
USER	No Metrics Scenario	END	1790945076058
REQUEST		request_timer	1790945076052	1790945076064	OK	 
USER	Timer Scenario	END	1790945076065
USER	No Metrics Scenario	START	1790945076067
USER	Gauge Scenario	START	1790945076069
USER	Counter Scenario	START	1790945076072
USER	Timer Scenario	START	1790945076073
REQUEST		request_gauge	1790945076069	1790945076074	OK	 
REQUEST		request_no_metrics	1790945076067	1790945076074	OK	 
USER	No Metrics Scenario	END	1790945076075
USER	Gauge Scenario	END	1790945076075
REQUEST		request_timer	1790945076072	1790945076083	OK	 
REQUEST		request_counter	1790945076069	1790945076083	OK	 
USER	Counter Scenario	END	1790945076084
USER	Timer Scenario	END	1790945076084
USER	Counter Scenario	START	1790945076092
USER	Gauge Scenario	START	1790945076092
USER	No Metrics Scenario	START	1790945076092
USER	Timer Scenario	START	1790945076095
REQUEST		request_gauge	1790945076091	1790945076096	OK	 
USER	Gauge Scenario	END	1790945076097
REQUEST		request_no_metrics	1790945076091	1790945076100	OK	 
USER	No Metrics Scenario	END	1790945076100
REQUEST		request_counter	1790945076091	1790945076103	OK	 
REQUEST		request_timer	1790945076093	1790945076103	OK	 
USER	Counter Scenario	END	1790945076103
USER	Timer Scenario	END	1790945076103
USER	No Metrics Scenario	START	1790945076107
USER	Counter Scenario	START	1790945076107
USER	Gauge Scenario	START	1790945076107
USER	Timer Scenario	START	1790945076111
REQUEST		request_gauge	1790945076106	1790945076111	OK	 
USER	Gauge Scenario	END	1790945076112
REQUEST		request_counter	1790945076106	1790945076112	OK	 
USER	Counter Scenario	END	1790945076113
REQUEST		request_no_metrics	1790945076106	1790945076113	OK	 
USER	No Metrics Scenario	END	1790945076113
USER	No Metrics Scenario	START	1790945076122
REQUEST		request_timer	1790945076109	1790945076125	OK	 
USER	Timer Scenario	END	1790945076125
REQUEST		request_no_metrics	1790945076121	1790945076128	OK	 
USER	No Metrics Scenario	END	1790945076129
USER	Timer Scenario	START	1790945076130
REQUEST		request_timer	1790945076129	1790945076136	OK	 
USER	Timer Scenario	END	1790945076137
USER	Counter Scenario	START	1790945076138
USER	Gauge Scenario	START	1790945076139
REQUEST		request_gauge	1790945076138	1790945076142	OK	 
USER	Gauge Scenario	END	1790945076143
USER	Counter Scenario	START	1790945076145
REQUEST		request_counter	1790945076137	1790945076149	OK	 
USER	Counter Scenario	END	1790945076149
USER	No Metrics Scenario	START	1790945076155
USER	Gauge Scenario	START	1790945076155
USER	Timer Scenario	START	1790945076156
REQUEST		request_counter	1790945076144	1790945076157	OK	 
USER	Counter Scenario	END	1790945076158
REQUEST		request_gauge	1790945076154	1790945076161	OK	 
USER	Gauge Scenario	END	1790945076162
REQUEST		request_timer	1790945076155	1790945076166	OK	 
USER	Timer Scenario	END	1790945076168
REQUEST		request_no_metrics	1790945076154	1790945076169	OK	 
USER	Counter Scenario	START	1790945076170
USER	Gauge Scenario	START	1790945076170
USER	No Metrics Scenario	END	1790945076170
REQUEST		request_gauge	1790945076169	1790945076173	OK	 
USER	No Metrics Scenario	START	1790945076176
USER	Gauge Scenario	END	1790945076177
USER	Timer Scenario	START	1790945076178
REQUEST		request_no_metrics	1790945076175	1790945076181	OK	 
USER	No Metrics Scenario	END	1790945076184
REQUEST		request_timer	1790945076176	1790945076184	OK	 
USER	Timer Scenario	END	1790945076184
USER	No Metrics Scenario	START	1790945076185
USER	Counter Scenario	START	1790945076185
REQUEST		request_no_metrics	1790945076184	1790945076190	OK	 
USER	No Metrics Scenario	END	1790945076191
USER	Timer Scenario	START	1790945076192
USER	Gauge Scenario	START	1790945076202
USER	Counter Scenario	START	1790945076205
REQUEST		request_gauge	1790945076200	1790945076207	OK	 
USER	Gauge Scenario	END	1790945076209
REQUEST		request_counter	1790945076169	1790945076209	OK	 
USER	Counter Scenario	END	1790945076210
REQUEST		request_counter	1790945076184	1790945076211	OK	 
USER	Counter Scenario	END	1790945076212
USER	No Metrics Scenario	START	1790945076216
USER	Gauge Scenario	START	1790945076217
USER	Timer Scenario	START	1790945076217
REQUEST		request_gauge	1790945076216	1790945076219	OK	 
REQUEST		request_no_metrics	1790945076215	1790945076219	OK	 
USER	No Metrics Scenario	END	1790945076220
USER	Gauge Scenario	END	1790945076220
REQUEST		request_timer	1790945076191	1790945076223	OK	 
REQUEST		request_timer	1790945076216	1790945076223	OK	 
REQUEST		request_counter	1790945076204	1790945076223	OK	 
USER	Timer Scenario	END	1790945076224
USER	Counter Scenario	END	1790945076224
USER	Timer Scenario	END	1790945076224
USER	No Metrics Scenario	START	1790945076232
USER	Counter Scenario	START	1790945076232
USER	Gauge Scenario	START	1790945076232
USER	Timer Scenario	START	1790945076233
REQUEST		request_gauge	1790945076231	1790945076235	OK	 
USER	Gauge Scenario	END	1790945076236
REQUEST		request_no_metrics	1790945076231	1790945076238	OK	 
USER	No Metrics Scenario	END	1790945076239
REQUEST		request_timer	1790945076232	1790945076243	OK	 
REQUEST		request_counter	1790945076231	1790945076243	OK	 
USER	Counter Scenario	END	1790945076244
USER	Timer Scenario	END	1790945076244
USER	Gauge Scenario	START	1790945076247
USER	No Metrics Scenario	START	1790945076247
USER	Counter Scenario	START	1790945076247
USER	No Metrics Scenario	START	1790945076248
REQUEST		request_gauge	1790945076246	1790945076250	OK	 
REQUEST		request_no_metrics	1790945076246	1790945076250	OK	 
USER	Gauge Scenario	END	1790945076250
USER	No Metrics Scenario	END	1790945076251
USER	Timer Scenario	START	1790945076253
REQUEST		request_no_metrics	1790945076247	1790945076255	OK	 
USER	No Metrics Scenario	END	1790945076257
REQUEST		request_timer	1790945076253	1790945076259	OK	 
REQUEST		request_counter	1790945076246	1790945076259	OK	 
USER	Counter Scenario	END	1790945076260
USER	Timer Scenario	END	1790945076260
USER	Counter Scenario	START	1790945076262
USER	No Metrics Scenario	START	1790945076264
USER	Gauge Scenario	START	1790945076266
REQUEST		request_no_metrics	1790945076263	1790945076267	OK	 
USER	No Metrics Scenario	END	1790945076268
REQUEST		request_gauge	1790945076265	1790945076272	OK	 
USER	Gauge Scenario	END	1790945076273
REQUEST		request_counter	1790945076261	1790945076276	OK	 
USER	Counter Scenario	END	1790945076277
USER	Timer Scenario	START	1790945076278
USER	Timer Scenario	START	1790945076279
USER	Gauge Scenario	START	1790945076281
REQUEST		request_gauge	1790945076280	1790945076284	OK	 
USER	Gauge Scenario	END	1790945076285
USER	Counter Scenario	START	1790945076293
USER	No Metrics Scenario	START	1790945076293
REQUEST		request_timer	1790945076278	1790945076296	OK	 
REQUEST		request_timer	1790945076277	1790945076296	OK	 
REQUEST		request_no_metrics	1790945076293	1790945076297	OK	 
USER	No Metrics Scenario	END	1790945076297
USER	Timer Scenario	END	1790945076297
USER	Timer Scenario	END	1790945076297
REQUEST		request_counter	1790945076293	1790945076307	OK	 
USER	Counter Scenario	END	1790945076308
USER	No Metrics Scenario	START	1790945076309
USER	Timer Scenario	START	1790945076309
USER	Counter Scenario	START	1790945076309
USER	Gauge Scenario	START	1790945076311
REQUEST		request_no_metrics	1790945076308	1790945076313	OK	 
USER	No Metrics Scenario	END	1790945076313
REQUEST		request_gauge	1790945076309	1790945076313	OK	 
USER	Gauge Scenario	END	1790945076314
REQUEST		request_timer	1790945076308	1790945076319	OK	 
REQUEST		request_counter	1790945076308	1790945076319	OK	 
USER	Counter Scenario	END	1790945076320
USER	Timer Scenario	END	1790945076320
USER	Counter Scenario	START	1790945076326
USER	Gauge Scenario	START	1790945076326
USER	No Metrics Scenario	START	1790945076326
USER	Timer Scenario	START	1790945076329
REQUEST		request_no_metrics	1790945076326	1790945076329	OK	 
USER	No Metrics Scenario	END	1790945076329
REQUEST		request_gauge	1790945076326	1790945076330	OK	 
USER	Gauge Scenario	END	1790945076331
REQUEST		request_counter	1790945076326	1790945076336	OK	 
REQUEST		request_timer	1790945076326	1790945076336	OK	 
USER	Timer Scenario	END	1790945076337
USER	Counter Scenario	END	1790945076337
USER	Gauge Scenario	START	1790945076343
USER	Counter Scenario	START	1790945076343
USER	Timer Scenario	START	1790945076346
USER	No Metrics Scenario	START	1790945076346
REQUEST		request_gauge	1790945076342	1790945076347	OK	 
REQUEST		request_no_metrics	1790945076342	1790945076348	OK	 
USER	Gauge Scenario	END	1790945076348
USER	No Metrics Scenario	END	1790945076349
REQUEST		request_counter	1790945076342	1790945076357	OK	 
REQUEST		request_timer	1790945076345	1790945076357	OK	 
USER	Gauge Scenario	START	1790945076358
USER	Timer Scenario	END	1790945076358
USER	Counter Scenario	START	1790945076358
USER	Counter Scenario	END	1790945076358
REQUEST		request_gauge	1790945076357	1790945076361	OK	 
USER	Gauge Scenario	END	1790945076361
REQUEST		request_counter	1790945076357	1790945076370	OK	 
USER	Counter Scenario	END	1790945076371
USER	Timer Scenario	START	1790945076373
USER	No Metrics Scenario	START	1790945076373
REQUEST		request_no_metrics	1790945076372	1790945076376	OK	 
USER	No Metrics Scenario	END	1790945076378
REQUEST		request_timer	1790945076372	1790945076382	OK	 
USER	Timer Scenario	END	1790945076383
USER	Counter Scenario	START	1790945076389
USER	Gauge Scenario	START	1790945076389
USER	Timer Scenario	START	1790945076389
USER	No Metrics Scenario	START	1790945076392
REQUEST		request_gauge	1790945076388	1790945076393	OK	 
USER	Gauge Scenario	END	1790945076394
REQUEST		request_no_metrics	1790945076391	1790945076396	OK	 
USER	No Metrics Scenario	END	1790945076397
USER	No Metrics Scenario	START	1790945076404
USER	Gauge Scenario	START	1790945076404
USER	Timer Scenario	START	1790945076404
USER	Counter Scenario	START	1790945076404
REQUEST		request_no_metrics	1790945076404	1790945076406	OK	 
REQUEST		request_gauge	1790945076404	1790945076407	OK	 
USER	No Metrics Scenario	END	1790945076407
USER	Gauge Scenario	END	1790945076407
REQUEST		request_timer	1790945076404	1790945076415	OK	 
REQUEST		request_counter	1790945076404	1790945076415	OK	 
REQUEST		request_counter	1790945076388	1790945076415	OK	 
REQUEST		request_timer	1790945076388	1790945076415	OK	 
USER	Timer Scenario	END	1790945076415
USER	Counter Scenario	END	1790945076416
USER	Counter Scenario	END	1790945076416
USER	Timer Scenario	END	1790945076416
USER	Gauge Scenario	START	1790945076419
USER	Counter Scenario	START	1790945076419
USER	No Metrics Scenario	START	1790945076420
USER	Timer Scenario	START	1790945076421
REQUEST		request_no_metrics	1790945076419	1790945076422	OK	 
USER	No Metrics Scenario	END	1790945076423
REQUEST		request_gauge	1790945076419	1790945076423	OK	 
USER	Gauge Scenario	END	1790945076424
REQUEST		request_timer	1790945076419	1790945076432	OK	 
REQUEST		request_counter	1790945076419	1790945076432	OK	 
USER	Timer Scenario	END	1790945076433
USER	Counter Scenario	END	1790945076433
USER	Timer Scenario	START	1790945076444
USER	Gauge Scenario	START	1790945076444
USER	Counter Scenario	START	1790945076445
USER	No Metrics Scenario	START	1790945076447
REQUEST		request_gauge	1790945076443	1790945076447	OK	 
USER	Gauge Scenario	END	1790945076448
REQUEST		request_no_metrics	1790945076446	1790945076449	OK	 
USER	No Metrics Scenario	END	1790945076449
REQUEST		request_counter	1790945076444	1790945076463	OK	 
REQUEST		request_timer	1790945076443	1790945076463	OK	 
USER	Timer Scenario	END	1790945076463
USER	Counter Scenario	END	1790945076464
USER	Counter Scenario	START	1790945076465
USER	No Metrics Scenario	START	1790945076465
USER	Timer Scenario	START	1790945076465
USER	Gauge Scenario	START	1790945076466
REQUEST		request_no_metrics	1790945076464	1790945076469	OK	 
USER	No Metrics Scenario	END	1790945076470
REQUEST		request_gauge	1790945076465	1790945076472	OK	 
USER	Gauge Scenario	END	1790945076472
REQUEST		request_counter	1790945076464	1790945076487	OK	 
USER	Counter Scenario	END	1790945076488
USER	No Metrics Scenario	START	1790945076491
USER	Counter Scenario	START	1790945076491
USER	Gauge Scenario	START	1790945076491
USER	Timer Scenario	START	1790945076491
REQUEST		request_gauge	1790945076490	1790945076494	OK	 
USER	Gauge Scenario	END	1790945076494
REQUEST		request_no_metrics	1790945076490	1790945076496	OK	 
USER	No Metrics Scenario	END	1790945076496
REQUEST		request_timer	1790945076490	1790945076498	OK	 
REQUEST		request_timer	1790945076464	1790945076498	OK	 
REQUEST		request_counter	1790945076490	1790945076498	OK	 
USER	Timer Scenario	END	1790945076499
USER	Timer Scenario	END	1790945076499
USER	Counter Scenario	END	1790945076499
USER	Counter Scenario	START	1790945076507
USER	Timer Scenario	START	1790945076507
USER	Gauge Scenario	START	1790945076507
USER	No Metrics Scenario	START	1790945076507
REQUEST		request_gauge	1790945076506	1790945076513	OK	 
REQUEST		request_no_metrics	1790945076506	1790945076513	OK	 
USER	No Metrics Scenario	END	1790945076514
USER	Gauge Scenario	END	1790945076514
USER	Gauge Scenario	START	1790945076522
USER	Timer Scenario	START	1790945076522
USER	No Metrics Scenario	START	1790945076524
REQUEST		request_gauge	1790945076521	1790945076525	OK	 
USER	Gauge Scenario	END	1790945076525
USER	Counter Scenario	START	1790945076527
REQUEST		request_no_metrics	1790945076523	1790945076529	OK	 
REQUEST		request_timer	1790945076506	1790945076530	OK	 
REQUEST		request_counter	1790945076506	1790945076530	OK	 
USER	No Metrics Scenario	END	1790945076530
USER	Timer Scenario	END	1790945076530
USER	Counter Scenario	END	1790945076530
USER	No Metrics Scenario	START	1790945076538
USER	Gauge Scenario	START	1790945076539
REQUEST		request_no_metrics	1790945076537	1790945076541	OK	 
USER	No Metrics Scenario	END	1790945076541
REQUEST		request_gauge	1790945076539	1790945076542	OK	 
USER	Gauge Scenario	END	1790945076543
REQUEST		request_timer	1790945076521	1790945076546	OK	 
REQUEST		request_counter	1790945076524	1790945076546	OK	 
USER	Counter Scenario	END	1790945076547
USER	Timer Scenario	END	1790945076547
USER	Counter Scenario	START	1790945076554
USER	Timer Scenario	START	1790945076554
REQUEST		request_timer	1790945076553	1790945076557	OK	 
REQUEST		request_counter	1790945076552	1790945076557	OK	 
USER	Counter Scenario	END	1790945076558
USER	Timer Scenario	END	1790945076558
USER	Gauge Scenario	START	1790945076569
USER	Timer Scenario	START	1790945076569
USER	Counter Scenario	START	1790945076569
USER	No Metrics Scenario	START	1790945076569
REQUEST		request_no_metrics	1790945076568	1790945076571	OK	 
REQUEST		request_gauge	1790945076568	1790945076571	OK	 
USER	Gauge Scenario	END	1790945076572
USER	No Metrics Scenario	END	1790945076572
REQUEST		request_timer	1790945076568	1790945076577	OK	 
REQUEST		request_counter	1790945076568	1790945076577	OK	 
USER	Counter Scenario	END	1790945076578
USER	Timer Scenario	END	1790945076578
USER	Gauge Scenario	START	1790945076584
USER	No Metrics Scenario	START	1790945076584
USER	Timer Scenario	START	1790945076586
USER	Counter Scenario	START	1790945076586
REQUEST		request_gauge	1790945076583	1790945076588	OK	 
REQUEST		request_no_metrics	1790945076583	1790945076588	OK	 
USER	Gauge Scenario	END	1790945076589
USER	No Metrics Scenario	END	1790945076589
USER	Counter Scenario	START	1790945076599
USER	Gauge Scenario	START	1790945076599
USER	No Metrics Scenario	START	1790945076599
USER	Timer Scenario	START	1790945076599
REQUEST		request_no_metrics	1790945076599	1790945076601	OK	 
REQUEST		request_gauge	1790945076598	1790945076602	OK	 
USER	No Metrics Scenario	END	1790945076602
USER	Gauge Scenario	END	1790945076602
REQUEST		request_timer	1790945076599	1790945076605	OK	 
REQUEST		request_timer	1790945076586	1790945076605	OK	 
REQUEST		request_counter	1790945076585	1790945076605	OK	 
REQUEST		request_counter	1790945076599	1790945076605	OK	 
USER	Counter Scenario	END	1790945076605
USER	Timer Scenario	END	1790945076605
USER	Counter Scenario	END	1790945076605
USER	Timer Scenario	END	1790945076606
USER	No Metrics Scenario	START	1790945076627
USER	Timer Scenario	START	1790945076627
USER	Counter Scenario	START	1790945076627
USER	Gauge Scenario	START	1790945076629
REQUEST		request_no_metrics	1790945076626	1790945076629	OK	 
USER	No Metrics Scenario	END	1790945076630
REQUEST		request_gauge	1790945076628	1790945076631	OK	 
USER	Gauge Scenario	END	1790945076632
REQUEST		request_timer	1790945076626	1790945076641	OK	 
REQUEST		request_counter	1790945076626	1790945076641	OK	 
USER	Timer Scenario	END	1790945076642
USER	Counter Scenario	END	1790945076642
USER	Timer Scenario	START	1790945076642
USER	Counter Scenario	START	1790945076642
USER	Gauge Scenario	START	1790945076642
USER	No Metrics Scenario	START	1790945076642
REQUEST		request_gauge	1790945076641	1790945076645	OK	 
REQUEST		request_no_metrics	1790945076641	1790945076645	OK	 
USER	Gauge Scenario	END	1790945076645
USER	No Metrics Scenario	END	1790945076646
REQUEST		request_counter	1790945076641	1790945076654	OK	 
REQUEST		request_timer	1790945076641	1790945076654	OK	 
USER	Counter Scenario	END	1790945076655
USER	Timer Scenario	END	1790945076655
USER	Gauge Scenario	START	1790945076658
REQUEST		request_gauge	1790945076657	1790945076662	OK	 
USER	Gauge Scenario	END	1790945076663
USER	No Metrics Scenario	START	1790945076674
USER	Timer Scenario	START	1790945076674
USER	Counter Scenario	START	1790945076674
REQUEST		request_no_metrics	1790945076673	1790945076679	OK	 
USER	No Metrics Scenario	END	1790945076680
REQUEST		request_counter	1790945076673	1790945076684	OK	 
REQUEST		request_timer	1790945076673	1790945076684	OK	 
USER	Counter Scenario	END	1790945076684
USER	Timer Scenario	END	1790945076684
USER	No Metrics Scenario	START	1790945076690
USER	Gauge Scenario	START	1790945076690
USER	Counter Scenario	START	1790945076691
USER	Timer Scenario	START	1790945076691
REQUEST		request_gauge	1790945076689	1790945076693	OK	 
REQUEST		request_no_metrics	1790945076689	1790945076693	OK	 
USER	Gauge Scenario	END	1790945076694
USER	No Metrics Scenario	END	1790945076694
REQUEST		request_counter	1790945076690	1790945076697	OK	 
REQUEST		request_timer	1790945076690	1790945076697	OK	 
USER	Counter Scenario	END	1790945076698
USER	Timer Scenario	END	1790945076698
USER	No Metrics Scenario	START	1790945076706
USER	Timer Scenario	START	1790945076706
USER	Counter Scenario	START	1790945076706
USER	Gauge Scenario	START	1790945076706
REQUEST		request_no_metrics	1790945076705	1790945076709	OK	 
USER	No Metrics Scenario	END	1790945076710
REQUEST		request_gauge	1790945076705	1790945076712	OK	 
USER	Gauge Scenario	END	1790945076712
REQUEST		request_counter	1790945076705	1790945076714	OK	 
REQUEST		request_timer	1790945076705	1790945076714	OK	 
USER	Timer Scenario	END	1790945076715
USER	Counter Scenario	END	1790945076715
USER	Gauge Scenario	START	1790945076722
USER	Counter Scenario	START	1790945076722
USER	No Metrics Scenario	START	1790945076722
USER	Timer Scenario	START	1790945076724
REQUEST		request_no_metrics	1790945076721	1790945076731	OK	 
USER	No Metrics Scenario	END	1790945076731
REQUEST		request_gauge	1790945076721	1790945076734	OK	 
USER	Gauge Scenario	END	1790945076735
USER	Gauge Scenario	START	1790945076745
USER	Counter Scenario	START	1790945076745
USER	Timer Scenario	START	1790945076745
USER	No Metrics Scenario	START	1790945076745
REQUEST		request_timer	1790945076723	1790945076747	OK	 
REQUEST		request_counter	1790945076721	1790945076747	OK	 
REQUEST		request_no_metrics	1790945076745	1790945076747	OK	 
USER	Counter Scenario	END	1790945076748
USER	Timer Scenario	END	1790945076748
USER	No Metrics Scenario	END	1790945076748
REQUEST		request_gauge	1790945076744	1790945076751	OK	 
USER	Gauge Scenario	END	1790945076751
REQUEST		request_counter	1790945076744	1790945076757	OK	 
REQUEST		request_timer	1790945076745	1790945076757	OK	 
USER	Timer Scenario	END	1790945076758
USER	Counter Scenario	END	1790945076758
USER	Counter Scenario	START	1790945076760
USER	Gauge Scenario	START	1790945076760
USER	No Metrics Scenario	START	1790945076760
USER	Timer Scenario	START	1790945076760
REQUEST		request_gauge	1790945076759	1790945076763	OK	 
REQUEST		request_no_metrics	1790945076759	1790945076763	OK	 
USER	No Metrics Scenario	END	1790945076763
USER	Gauge Scenario	END	1790945076763
REQUEST		request_counter	1790945076759	1790945076770	OK	 
REQUEST		request_timer	1790945076759	1790945076770	OK	 
USER	Counter Scenario	END	1790945076770
USER	Timer Scenario	END	1790945076770
USER	Gauge Scenario	START	1790945076790
USER	Timer Scenario	START	1790945076790
USER	No Metrics Scenario	START	1790945076790
USER	Counter Scenario	START	1790945076790
REQUEST		request_gauge	1790945076790	1790945076794	OK	 
USER	Gauge Scenario	END	1790945076794
REQUEST		request_no_metrics	1790945076790	1790945076794	OK	 
USER	No Metrics Scenario	END	1790945076796
REQUEST		request_timer	1790945076790	1790945076797	OK	 
REQUEST		request_counter	1790945076790	1790945076797	OK	 
USER	Timer Scenario	END	1790945076798
USER	Counter Scenario	END	1790945076798
USER	Gauge Scenario	START	1790945076810
USER	Timer Scenario	START	1790945076810
USER	No Metrics Scenario	START	1790945076810
USER	Counter Scenario	START	1790945076810
REQUEST		request_no_metrics	1790945076809	1790945076814	OK	 
REQUEST		request_gauge	1790945076809	1790945076815	OK	 
USER	No Metrics Scenario	END	1790945076815
USER	Gauge Scenario	END	1790945076815
REQUEST		request_timer	1790945076809	1790945076825	OK	 
REQUEST		request_counter	1790945076809	1790945076825	OK	 
USER	Counter Scenario	END	1790945076825
USER	Timer Scenario	END	1790945076825
USER	Timer Scenario	START	1790945076826
USER	Gauge Scenario	START	1790945076826
USER	Counter Scenario	START	1790945076826
USER	No Metrics Scenario	START	1790945076829
REQUEST		request_gauge	1790945076825	1790945076829	OK	 
USER	Gauge Scenario	END	1790945076829
REQUEST		request_no_metrics	1790945076827	1790945076831	OK	 
USER	No Metrics Scenario	END	1790945076832
REQUEST		request_counter	1790945076826	1790945076836	OK	 
REQUEST		request_timer	1790945076825	1790945076836	OK	 
USER	Timer Scenario	END	1790945076836
USER	Counter Scenario	END	1790945076836
USER	No Metrics Scenario	START	1790945076841
USER	Counter Scenario	START	1790945076841
USER	Gauge Scenario	START	1790945076841
USER	Timer Scenario	START	1790945076841
REQUEST		request_gauge	1790945076840	1790945076843	OK	 
REQUEST		request_no_metrics	1790945076840	1790945076843	OK	 
USER	Gauge Scenario	END	1790945076844
USER	No Metrics Scenario	END	1790945076844
REQUEST		request_counter	1790945076840	1790945076852	OK	 
REQUEST		request_timer	1790945076840	1790945076852	OK	 
USER	Timer Scenario	END	1790945076853
USER	Counter Scenario	END	1790945076853
USER	Timer Scenario	START	1790945076873
USER	Counter Scenario	START	1790945076873
USER	Gauge Scenario	START	1790945076873
REQUEST		request_gauge	1790945076872	1790945076875	OK	 
USER	Gauge Scenario	END	1790945076876
USER	No Metrics Scenario	START	1790945076876
REQUEST		request_no_metrics	1790945076874	1790945076880	OK	 
USER	No Metrics Scenario	END	1790945076880
REQUEST		request_counter	1790945076872	1790945076882	OK	 
USER	Counter Scenario	END	1790945076882
REQUEST		request_timer	1790945076872	1790945076882	OK	 
USER	Timer Scenario	END	1790945076883
USER	Gauge Scenario	START	1790945076888
USER	Timer Scenario	START	1790945076888
USER	No Metrics Scenario	START	1790945076888
USER	Counter Scenario	START	1790945076890
REQUEST		request_gauge	1790945076887	1790945076893	OK	 
USER	Gauge Scenario	END	1790945076893
REQUEST		request_no_metrics	1790945076887	1790945076892	OK	 
USER	No Metrics Scenario	END	1790945076894
REQUEST		request_timer	1790945076887	1790945076897	OK	 
USER	Timer Scenario	END	1790945076898
REQUEST		request_counter	1790945076889	1790945076899	OK	 
USER	Counter Scenario	END	1790945076899
USER	Counter Scenario	START	1790945076904
USER	Gauge Scenario	START	1790945076905
USER	No Metrics Scenario	START	1790945076905
USER	Timer Scenario	START	1790945076905
REQUEST		request_no_metrics	1790945076904	1790945076907	OK	 
USER	No Metrics Scenario	END	1790945076907
REQUEST		request_gauge	1790945076904	1790945076907	OK	 
USER	Gauge Scenario	END	1790945076908
REQUEST		request_timer	1790945076905	1790945076911	OK	 
REQUEST		request_counter	1790945076903	1790945076911	OK	 
USER	Counter Scenario	END	1790945076911
USER	Timer Scenario	END	1790945076911
USER	Gauge Scenario	START	1790945076920
USER	Timer Scenario	START	1790945076920
USER	No Metrics Scenario	START	1790945076920
REQUEST		request_gauge	1790945076919	1790945076923	OK	 
REQUEST		request_no_metrics	1790945076919	1790945076923	OK	 
USER	No Metrics Scenario	END	1790945076923
USER	Gauge Scenario	END	1790945076923
USER	Counter Scenario	START	1790945076923
REQUEST		request_counter	1790945076919	1790945076930	OK	 
REQUEST		request_timer	1790945076919	1790945076930	OK	 
USER	Counter Scenario	END	1790945076931
USER	Timer Scenario	END	1790945076931
USER	Gauge Scenario	START	1790945076952
USER	Counter Scenario	START	1790945076952
USER	No Metrics Scenario	START	1790945076952
USER	Timer Scenario	START	1790945076955
REQUEST		request_no_metrics	1790945076951	1790945076956	OK	 
USER	No Metrics Scenario	END	1790945076957
REQUEST		request_gauge	1790945076951	1790945076958	OK	 
USER	Gauge Scenario	END	1790945076958
REQUEST		request_timer	1790945076954	1790945076959	OK	 
USER	Timer Scenario	END	1790945076960
USER	No Metrics Scenario	START	1790945076961
USER	Counter Scenario	START	1790945076961
USER	Timer Scenario	START	1790945076961
USER	Gauge Scenario	START	1790945076964
REQUEST		request_counter	1790945076951	1790945076970	OK	 
USER	Counter Scenario	END	1790945076970
REQUEST		request_no_metrics	1790945076961	1790945076970	OK	 
USER	No Metrics Scenario	END	1790945076971
REQUEST		request_gauge	1790945076963	1790945076972	OK	 
USER	Gauge Scenario	END	1790945076972
REQUEST		request_counter	1790945076960	1790945076977	OK	 
REQUEST		request_timer	1790945076960	1790945076977	OK	 
USER	Timer Scenario	END	1790945076978
USER	Counter Scenario	END	1790945076978
USER	Gauge Scenario	START	1790945076992
USER	Counter Scenario	START	1790945076993
USER	Timer Scenario	START	1790945076993
USER	No Metrics Scenario	START	1790945077000
REQUEST		request_gauge	1790945076992	1790945077000	OK	 
USER	Gauge Scenario	END	1790945077001
REQUEST		request_no_metrics	1790945076999	1790945077002	OK	 
USER	No Metrics Scenario	END	1790945077003
REQUEST		request_counter	1790945076992	1790945077004	OK	 
REQUEST		request_timer	1790945076993	1790945077004	OK	 
USER	Counter Scenario	END	1790945077004
USER	Timer Scenario	END	1790945077005
USER	Timer Scenario	START	1790945077007
USER	Gauge Scenario	START	1790945077007
USER	No Metrics Scenario	START	1790945077008
REQUEST		request_no_metrics	1790945077007	1790945077011	OK	 
USER	No Metrics Scenario	END	1790945077011
REQUEST		request_gauge	1790945077007	1790945077011	OK	 
USER	Gauge Scenario	END	1790945077012
USER	Counter Scenario	START	1790945077012
REQUEST		request_timer	1790945077007	1790945077021	OK	 
USER	Timer Scenario	END	1790945077022
USER	Timer Scenario	START	1790945077023
USER	Gauge Scenario	START	1790945077023
USER	No Metrics Scenario	START	1790945077023
USER	Counter Scenario	START	1790945077023
REQUEST		request_no_metrics	1790945077023	1790945077026	OK	 
REQUEST		request_gauge	1790945077023	1790945077026	OK	 
USER	No Metrics Scenario	END	1790945077026
USER	Gauge Scenario	END	1790945077026
REQUEST		request_counter	1790945077011	1790945077027	OK	 
USER	Counter Scenario	END	1790945077028
REQUEST		request_timer	1790945077023	1790945077037	OK	 
REQUEST		request_counter	1790945077023	1790945077037	OK	 
USER	Timer Scenario	END	1790945077038
USER	Counter Scenario	END	1790945077038
USER	Gauge Scenario	START	1790945077040
REQUEST		request_gauge	1790945077039	1790945077042	OK	 
USER	Gauge Scenario	END	1790945077043
USER	No Metrics Scenario	START	1790945077054
USER	Timer Scenario	START	1790945077054
USER	Counter Scenario	START	1790945077056
REQUEST		request_no_metrics	1790945077053	1790945077058	OK	 
USER	No Metrics Scenario	END	1790945077058
USER	Gauge Scenario	START	1790945077061
USER	Counter Scenario	START	1790945077062
USER	Timer Scenario	START	1790945077063
USER	No Metrics Scenario	START	1790945077063
REQUEST		request_no_metrics	1790945077063	1790945077065	OK	 
USER	No Metrics Scenario	END	1790945077065
REQUEST		request_gauge	1790945077061	1790945077065	OK	 
USER	Gauge Scenario	END	1790945077066
REQUEST		request_counter	1790945077055	1790945077070	OK	 
REQUEST		request_timer	1790945077063	1790945077070	OK	 
USER	Counter Scenario	END	1790945077070
USER	Timer Scenario	END	1790945077070
REQUEST		request_counter	1790945077061	1790945077071	OK	 
USER	Counter Scenario	END	1790945077071
REQUEST		request_timer	1790945077053	1790945077071	OK	 
USER	Timer Scenario	END	1790945077072
USER	No Metrics Scenario	START	1790945077091
USER	Counter Scenario	START	1790945077092
USER	Timer Scenario	START	1790945077092
USER	Gauge Scenario	START	1790945077091
REQUEST		request_no_metrics	1790945077091	1790945077094	OK	 
REQUEST		request_gauge	1790945077091	1790945077094	OK	 
USER	Gauge Scenario	END	1790945077095
USER	No Metrics Scenario	END	1790945077095
REQUEST		request_timer	1790945077091	1790945077099	OK	 
REQUEST		request_counter	1790945077091	1790945077099	OK	 
USER	Counter Scenario	END	1790945077100
USER	Timer Scenario	END	1790945077100
USER	Timer Scenario	START	1790945077107
USER	No Metrics Scenario	START	1790945077107
USER	Gauge Scenario	START	1790945077107
USER	Counter Scenario	START	1790945077107
REQUEST		request_gauge	1790945077106	1790945077110	OK	 
REQUEST		request_no_metrics	1790945077106	1790945077110	OK	 
USER	No Metrics Scenario	END	1790945077110
USER	Gauge Scenario	END	1790945077110
USER	No Metrics Scenario	START	1790945077122
USER	Gauge Scenario	START	1790945077122
USER	Timer Scenario	START	1790945077123
USER	Counter Scenario	START	1790945077123
REQUEST		request_gauge	1790945077122	1790945077125	OK	 
USER	Gauge Scenario	END	1790945077125
REQUEST		request_counter	1790945077123	1790945077125	OK	 
REQUEST		request_timer	1790945077123	1790945077125	OK	 
REQUEST		request_timer	1790945077106	1790945077125	OK	 
REQUEST		request_counter	1790945077106	1790945077125	OK	 
USER	Counter Scenario	END	1790945077126
USER	Timer Scenario	END	1790945077126
USER	Counter Scenario	END	1790945077126
USER	Timer Scenario	END	1790945077126
REQUEST		request_no_metrics	1790945077122	1790945077126	OK	 
USER	No Metrics Scenario	END	1790945077127
USER	Gauge Scenario	START	1790945077138
REQUEST		request_gauge	1790945077137	1790945077141	OK	 
USER	Gauge Scenario	END	1790945077142
USER	Counter Scenario	START	1790945077154
USER	No Metrics Scenario	START	1790945077154
USER	Timer Scenario	START	1790945077155
REQUEST		request_no_metrics	1790945077153	1790945077156	OK	 
REQUEST		request_timer	1790945077154	1790945077157	OK	 
REQUEST		request_counter	1790945077153	1790945077157	OK	 
USER	No Metrics Scenario	END	1790945077157
USER	Counter Scenario	END	1790945077157
USER	Timer Scenario	END	1790945077157
USER	Gauge Scenario	START	1790945077168
USER	Timer Scenario	START	1790945077168
USER	Counter Scenario	START	1790945077170
USER	No Metrics Scenario	START	1790945077170
REQUEST		request_no_metrics	1790945077169	1790945077172	OK	 
REQUEST		request_gauge	1790945077168	1790945077173	OK	 
USER	No Metrics Scenario	END	1790945077174
USER	Gauge Scenario	END	1790945077174
USER	No Metrics Scenario	START	1790945077184
USER	Timer Scenario	START	1790945077184
USER	Gauge Scenario	START	1790945077184
USER	Counter Scenario	START	1790945077184
REQUEST		request_counter	1790945077169	1790945077186	OK	 
REQUEST		request_no_metrics	1790945077183	1790945077186	OK	 
REQUEST		request_gauge	1790945077183	1790945077186	OK	 
USER	Counter Scenario	END	1790945077186
USER	No Metrics Scenario	END	1790945077187
USER	Gauge Scenario	END	1790945077187
REQUEST		request_timer	1790945077168	1790945077187	OK	 
USER	Timer Scenario	END	1790945077187
REQUEST		request_timer	1790945077183	1790945077196	OK	 
REQUEST		request_counter	1790945077184	1790945077196	OK	 
USER	Counter Scenario	END	1790945077197
USER	Timer Scenario	END	1790945077197
USER	No Metrics Scenario	START	1790945077199
USER	Counter Scenario	START	1790945077199
USER	Timer Scenario	START	1790945077199
USER	Gauge Scenario	START	1790945077200
REQUEST		request_no_metrics	1790945077199	1790945077201	OK	 
REQUEST		request_gauge	1790945077199	1790945077201	OK	 
USER	Gauge Scenario	END	1790945077202
USER	No Metrics Scenario	END	1790945077202
REQUEST		request_counter	1790945077199	1790945077205	OK	 
REQUEST		request_timer	1790945077199	1790945077205	OK	 
USER	Counter Scenario	END	1790945077206
USER	Timer Scenario	END	1790945077206
USER	Counter Scenario	START	1790945077231
USER	Timer Scenario	START	1790945077231
USER	No Metrics Scenario	START	1790945077231
USER	Gauge Scenario	START	1790945077231
REQUEST		request_no_metrics	1790945077230	1790945077233	OK	 
REQUEST		request_gauge	1790945077231	1790945077234	OK	 
USER	No Metrics Scenario	END	1790945077234
USER	Gauge Scenario	END	1790945077234
REQUEST		request_timer	1790945077230	1790945077240	OK	 
REQUEST		request_counter	1790945077230	1790945077240	OK	 
USER	Counter Scenario	END	1790945077241
USER	Timer Scenario	END	1790945077241
USER	Gauge Scenario	START	1790945077247
USER	Counter Scenario	START	1790945077247
USER	No Metrics Scenario	START	1790945077247
USER	Timer Scenario	START	1790945077247
REQUEST		request_no_metrics	1790945077246	1790945077250	OK	 
USER	No Metrics Scenario	END	1790945077250
REQUEST		request_gauge	1790945077246	1790945077250	OK	 
USER	Gauge Scenario	END	1790945077250
REQUEST		request_counter	1790945077246	1790945077254	OK	 
REQUEST		request_timer	1790945077246	1790945077254	OK	 
USER	Counter Scenario	END	1790945077255
USER	Timer Scenario	END	1790945077255
USER	Gauge Scenario	START	1790945077262
USER	No Metrics Scenario	START	1790945077262
USER	Counter Scenario	START	1790945077263
USER	Timer Scenario	START	1790945077264
REQUEST		request_no_metrics	1790945077262	1790945077266	OK	 
USER	No Metrics Scenario	END	1790945077266
REQUEST		request_gauge	1790945077262	1790945077268	OK	 
USER	Gauge Scenario	END	1790945077268
REQUEST		request_counter	1790945077262	1790945077272	OK	 
REQUEST		request_timer	1790945077263	1790945077272	OK	 
USER	Counter Scenario	END	1790945077273
USER	Timer Scenario	END	1790945077273
USER	No Metrics Scenario	START	1790945077278
USER	Gauge Scenario	START	1790945077278
USER	Timer Scenario	START	1790945077279
USER	Counter Scenario	START	1790945077279
REQUEST		request_no_metrics	1790945077278	1790945077281	OK	 
REQUEST		request_gauge	1790945077278	1790945077281	OK	 
USER	Gauge Scenario	END	1790945077281
USER	No Metrics Scenario	END	1790945077281
REQUEST		request_counter	1790945077278	1790945077290	OK	 
REQUEST		request_timer	1790945077278	1790945077290	OK	 
USER	Counter Scenario	END	1790945077291
USER	Timer Scenario	END	1790945077291
USER	Counter Scenario	START	1790945077311
USER	No Metrics Scenario	START	1790945077311
USER	Gauge Scenario	START	1790945077311
REQUEST		request_gauge	1790945077310	1790945077314	OK	 
USER	Timer Scenario	START	1790945077315
REQUEST		request_no_metrics	1790945077310	1790945077315	OK	 
USER	Gauge Scenario	END	1790945077315
USER	No Metrics Scenario	END	1790945077315
USER	Gauge Scenario	START	1790945077326
USER	No Metrics Scenario	START	1790945077326
USER	Timer Scenario	START	1790945077328
USER	Counter Scenario	START	1790945077328
REQUEST		request_no_metrics	1790945077326	1790945077329	OK	 
REQUEST		request_gauge	1790945077325	1790945077329	OK	 
USER	No Metrics Scenario	END	1790945077329
USER	Gauge Scenario	END	1790945077329
REQUEST		request_timer	1790945077326	1790945077339	OK	 
REQUEST		request_counter	1790945077310	1790945077339	OK	 
REQUEST		request_counter	1790945077327	1790945077339	OK	 
REQUEST		request_timer	1790945077314	1790945077339	OK	 
USER	Counter Scenario	END	1790945077340
USER	Timer Scenario	END	1790945077340
USER	Timer Scenario	END	1790945077340
USER	Counter Scenario	END	1790945077340
USER	Counter Scenario	START	1790945077341
USER	No Metrics Scenario	START	1790945077341
USER	Gauge Scenario	START	1790945077342
USER	Timer Scenario	START	1790945077342
REQUEST		request_no_metrics	1790945077340	1790945077343	OK	 
USER	No Metrics Scenario	END	1790945077344
REQUEST		request_gauge	1790945077341	1790945077344	OK	 
USER	Gauge Scenario	END	1790945077344
REQUEST		request_counter	1790945077340	1790945077354	OK	 
REQUEST		request_timer	1790945077341	1790945077354	OK	 
USER	Counter Scenario	END	1790945077354
USER	Timer Scenario	END	1790945077354
USER	Counter Scenario	START	1790945077372
USER	No Metrics Scenario	START	1790945077372
USER	Timer Scenario	START	1790945077372
USER	Gauge Scenario	START	1790945077374
REQUEST		request_gauge	1790945077373	1790945077376	OK	 
USER	Gauge Scenario	END	1790945077377
REQUEST		request_no_metrics	1790945077372	1790945077378	OK	 
USER	No Metrics Scenario	END	1790945077378
USER	Counter Scenario	START	1790945077387
USER	Timer Scenario	START	1790945077387
USER	No Metrics Scenario	START	1790945077387
USER	Gauge Scenario	START	1790945077387
REQUEST		request_counter	1790945077372	1790945077389	OK	 
REQUEST		request_timer	1790945077372	1790945077389	OK	 
USER	Counter Scenario	END	1790945077390
USER	Timer Scenario	END	1790945077390
REQUEST		request_no_metrics	1790945077387	1790945077391	OK	 
REQUEST		request_gauge	1790945077387	1790945077392	OK	 
USER	No Metrics Scenario	END	1790945077392
USER	Gauge Scenario	END	1790945077392
REQUEST		request_counter	1790945077387	1790945077399	OK	 
REQUEST		request_timer	1790945077387	1790945077399	OK	 
USER	Timer Scenario	END	1790945077399
USER	Counter Scenario	END	1790945077400
USER	Counter Scenario	START	1790945077403
USER	Timer Scenario	START	1790945077403
USER	No Metrics Scenario	START	1790945077403
USER	Gauge Scenario	START	1790945077403
REQUEST		request_no_metrics	1790945077402	1790945077405	OK	 
REQUEST		request_gauge	1790945077402	1790945077405	OK	 
USER	No Metrics Scenario	END	1790945077405
USER	Gauge Scenario	END	1790945077406
REQUEST		request_counter	1790945077402	1790945077410	OK	 
REQUEST		request_timer	1790945077402	1790945077410	OK	 
USER	Counter Scenario	END	1790945077410
USER	Timer Scenario	END	1790945077411
USER	Counter Scenario	START	1790945077426
USER	Timer Scenario	START	1790945077427
USER	No Metrics Scenario	START	1790945077428
USER	Gauge Scenario	START	1790945077428
REQUEST		request_no_metrics	1790945077427	1790945077430	OK	 
USER	No Metrics Scenario	END	1790945077430
REQUEST		request_gauge	1790945077427	1790945077431	OK	 
USER	Gauge Scenario	END	1790945077432
USER	Timer Scenario	START	1790945077442
USER	Counter Scenario	START	1790945077442
REQUEST		request_counter	1790945077426	1790945077442	OK	 
REQUEST		request_timer	1790945077426	1790945077442	OK	 
USER	Gauge Scenario	START	1790945077443
USER	Timer Scenario	END	1790945077443
USER	Counter Scenario	END	1790945077443
USER	No Metrics Scenario	START	1790945077443
REQUEST		request_no_metrics	1790945077441	1790945077445	OK	 
USER	No Metrics Scenario	END	1790945077446
REQUEST		request_gauge	1790945077442	1790945077446	OK	 
USER	Gauge Scenario	END	1790945077446
REQUEST		request_counter	1790945077441	1790945077453	OK	 
REQUEST		request_timer	1790945077441	1790945077453	OK	 
USER	Timer Scenario	END	1790945077454
USER	Counter Scenario	END	1790945077454
USER	No Metrics Scenario	START	1790945077473
USER	Timer Scenario	START	1790945077473
USER	Counter Scenario	START	1790945077473
USER	Gauge Scenario	START	1790945077475
REQUEST		request_no_metrics	1790945077473	1790945077477	OK	 
REQUEST		request_gauge	1790945077475	1790945077479	OK	 
USER	No Metrics Scenario	END	1790945077479
USER	Gauge Scenario	END	1790945077479
REQUEST		request_timer	1790945077473	1790945077481	OK	 
REQUEST		request_counter	1790945077473	1790945077481	OK	 
USER	Counter Scenario	END	1790945077481
USER	Timer Scenario	END	1790945077481
USER	Gauge Scenario	START	1790945077489
USER	No Metrics Scenario	START	1790945077489
USER	Counter Scenario	START	1790945077489
USER	Timer Scenario	START	1790945077489
REQUEST		request_no_metrics	1790945077488	1790945077492	OK	 
REQUEST		request_gauge	1790945077488	1790945077492	OK	 
USER	Gauge Scenario	END	1790945077492
USER	No Metrics Scenario	END	1790945077492
REQUEST		request_timer	1790945077488	1790945077492	OK	 
REQUEST		request_counter	1790945077488	1790945077492	OK	 
USER	Counter Scenario	END	1790945077493
USER	Timer Scenario	END	1790945077493
USER	Gauge Scenario	START	1790945077504
USER	Counter Scenario	START	1790945077504
USER	No Metrics Scenario	START	1790945077504
USER	Timer Scenario	START	1790945077504
REQUEST		request_no_metrics	1790945077503	1790945077506	OK	 
REQUEST		request_gauge	1790945077503	1790945077506	OK	 
USER	No Metrics Scenario	END	1790945077506
USER	Gauge Scenario	END	1790945077507
REQUEST		request_timer	1790945077503	1790945077512	OK	 
REQUEST		request_counter	1790945077503	1790945077512	OK	 
USER	Timer Scenario	END	1790945077512
USER	Counter Scenario	END	1790945077512
USER	Counter Scenario	START	1790945077519
USER	No Metrics Scenario	START	1790945077519
USER	Timer Scenario	START	1790945077519
USER	Gauge Scenario	START	1790945077519
REQUEST		request_gauge	1790945077519	1790945077522	OK	 
USER	Gauge Scenario	END	1790945077522
REQUEST		request_no_metrics	1790945077519	1790945077523	OK	 
USER	No Metrics Scenario	END	1790945077524
REQUEST		request_timer	1790945077519	1790945077525	OK	 
USER	Timer Scenario	END	1790945077526
REQUEST		request_counter	1790945077519	1790945077526	OK	 
USER	Counter Scenario	END	1790945077526
USER	No Metrics Scenario	START	1790945077544
USER	Gauge Scenario	START	1790945077544
USER	Counter Scenario	START	1790945077544
USER	Timer Scenario	START	1790945077545
REQUEST		request_no_metrics	1790945077544	1790945077546	OK	 
REQUEST		request_counter	1790945077544	1790945077547	OK	 
REQUEST		request_timer	1790945077544	1790945077547	OK	 
USER	No Metrics Scenario	END	1790945077547
USER	Counter Scenario	END	1790945077547
USER	Timer Scenario	END	1790945077547
REQUEST		request_gauge	1790945077544	1790945077547	OK	 
USER	Gauge Scenario	END	1790945077547
USER	Counter Scenario	START	1790945077560
USER	Timer Scenario	START	1790945077560
USER	Gauge Scenario	START	1790945077560
USER	No Metrics Scenario	START	1790945077561
REQUEST		request_no_metrics	1790945077560	1790945077564	OK	 
USER	No Metrics Scenario	END	1790945077565
REQUEST		request_gauge	1790945077559	1790945077566	OK	 
USER	Gauge Scenario	END	1790945077567
REQUEST		request_timer	1790945077559	1790945077570	OK	 
REQUEST		request_counter	1790945077559	1790945077570	OK	 
USER	Timer Scenario	END	1790945077571
USER	Counter Scenario	END	1790945077571
USER	Counter Scenario	START	1790945077578
REQUEST		request_counter	1790945077577	1790945077583	OK	 
USER	Counter Scenario	END	1790945077584
USER	No Metrics Scenario	START	1790945077593
USER	Gauge Scenario	START	1790945077593
USER	Timer Scenario	START	1790945077594
REQUEST		request_no_metrics	1790945077593	1790945077596	OK	 
REQUEST		request_gauge	1790945077593	1790945077596	OK	 
USER	Gauge Scenario	END	1790945077596
USER	No Metrics Scenario	END	1790945077597
REQUEST		request_timer	1790945077593	1790945077602	OK	 
USER	Timer Scenario	END	1790945077602
USER	Counter Scenario	START	1790945077609
USER	Gauge Scenario	START	1790945077609
USER	No Metrics Scenario	START	1790945077609
USER	Timer Scenario	START	1790945077609
REQUEST		request_gauge	1790945077608	1790945077612	OK	 
USER	Gauge Scenario	END	1790945077613
REQUEST		request_no_metrics	1790945077608	1790945077615	OK	 
USER	No Metrics Scenario	END	1790945077615
REQUEST		request_timer	1790945077608	1790945077617	OK	 
REQUEST		request_counter	1790945077608	1790945077617	OK	 
USER	Counter Scenario	END	1790945077618
USER	Timer Scenario	END	1790945077618
USER	Gauge Scenario	START	1790945077625
USER	No Metrics Scenario	START	1790945077625
USER	Counter Scenario	START	1790945077625
USER	Timer Scenario	START	1790945077625
REQUEST		request_gauge	1790945077624	1790945077627	OK	 
REQUEST		request_no_metrics	1790945077624	1790945077627	OK	 
USER	No Metrics Scenario	END	1790945077628
USER	Gauge Scenario	END	1790945077628
REQUEST		request_timer	1790945077624	1790945077631	OK	 
REQUEST		request_counter	1790945077624	1790945077631	OK	 
USER	Counter Scenario	END	1790945077631
USER	Timer Scenario	END	1790945077631
USER	Counter Scenario	START	1790945077641
USER	Gauge Scenario	START	1790945077641
USER	Timer Scenario	START	1790945077641
USER	No Metrics Scenario	START	1790945077641
REQUEST		request_no_metrics	1790945077640	1790945077643	OK	 
USER	No Metrics Scenario	END	1790945077644
REQUEST		request_gauge	1790945077640	1790945077645	OK	 
USER	Gauge Scenario	END	1790945077645
REQUEST		request_timer	1790945077640	1790945077651	OK	 
REQUEST		request_counter	1790945077640	1790945077651	OK	 
USER	Counter Scenario	END	1790945077651
USER	Timer Scenario	END	1790945077651
USER	Counter Scenario	START	1790945077673
USER	Timer Scenario	START	1790945077673
USER	No Metrics Scenario	START	1790945077673
REQUEST		request_no_metrics	1790945077672	1790945077675	OK	 
USER	No Metrics Scenario	END	1790945077676
USER	Gauge Scenario	START	1790945077676
REQUEST		request_gauge	1790945077675	1790945077680	OK	 
USER	Gauge Scenario	END	1790945077680
REQUEST		request_timer	1790945077672	1790945077682	OK	 
REQUEST		request_counter	1790945077672	1790945077683	OK	 
USER	Counter Scenario	END	1790945077683
USER	Timer Scenario	END	1790945077683
USER	No Metrics Scenario	START	1790945077689
USER	Counter Scenario	START	1790945077689
USER	Timer Scenario	START	1790945077689
USER	Gauge Scenario	START	1790945077689
REQUEST		request_no_metrics	1790945077688	1790945077691	OK	 
REQUEST		request_gauge	1790945077688	1790945077691	OK	 
USER	No Metrics Scenario	END	1790945077692
USER	Gauge Scenario	END	1790945077692
REQUEST		request_timer	1790945077688	1790945077701	OK	 
REQUEST		request_counter	1790945077688	1790945077701	OK	 
USER	Timer Scenario	END	1790945077701
USER	Counter Scenario	END	1790945077701
USER	Gauge Scenario	START	1790945077704
USER	Counter Scenario	START	1790945077704
USER	Timer Scenario	START	1790945077704
REQUEST		request_gauge	1790945077703	1790945077706	OK	 
USER	Gauge Scenario	END	1790945077706
USER	No Metrics Scenario	START	1790945077707
REQUEST		request_no_metrics	1790945077707	1790945077711	OK	 
USER	No Metrics Scenario	END	1790945077711
REQUEST		request_counter	1790945077703	1790945077715	OK	 
USER	Counter Scenario	END	1790945077716
USER	Gauge Scenario	START	1790945077725
USER	Counter Scenario	START	1790945077725
USER	No Metrics Scenario	START	1790945077725
USER	Timer Scenario	START	1790945077725
REQUEST		request_timer	1790945077703	1790945077726	OK	 
USER	Timer Scenario	END	1790945077727
REQUEST		request_no_metrics	1790945077724	1790945077728	OK	 
USER	No Metrics Scenario	END	1790945077728
REQUEST		request_gauge	1790945077724	1790945077729	OK	 
USER	Gauge Scenario	END	1790945077729
REQUEST		request_timer	1790945077725	1790945077734	OK	 
REQUEST		request_counter	1790945077724	1790945077734	OK	 
USER	Timer Scenario	END	1790945077734
USER	Counter Scenario	END	1790945077734
USER	No Metrics Scenario	START	1790945077741
USER	Gauge Scenario	START	1790945077741
USER	Timer Scenario	START	1790945077742
REQUEST		request_gauge	1790945077740	1790945077743	OK	 
USER	Gauge Scenario	END	1790945077743
REQUEST		request_no_metrics	1790945077740	1790945077745	OK	 
USER	No Metrics Scenario	END	1790945077745
USER	Counter Scenario	START	1790945077747
REQUEST		request_timer	1790945077742	1790945077748	OK	 
USER	Timer Scenario	END	1790945077748
REQUEST		request_counter	1790945077746	1790945077756	OK	 
USER	Counter Scenario	END	1790945077757
USER	Counter Scenario	START	1790945077774
USER	Timer Scenario	START	1790945077774
USER	Gauge Scenario	START	1790945077774
USER	No Metrics Scenario	START	1790945077775
REQUEST		request_gauge	1790945077773	1790945077776	OK	 
USER	Gauge Scenario	END	1790945077777
REQUEST		request_no_metrics	1790945077775	1790945077778	OK	 
USER	No Metrics Scenario	END	1790945077779
REQUEST		request_timer	1790945077773	1790945077781	OK	 
REQUEST		request_counter	1790945077773	1790945077781	OK	 
USER	Counter Scenario	END	1790945077781
USER	Timer Scenario	END	1790945077782
USER	Gauge Scenario	START	1790945077789
USER	Timer Scenario	START	1790945077789
USER	Counter Scenario	START	1790945077791
USER	No Metrics Scenario	START	1790945077789
REQUEST		request_gauge	1790945077789	1790945077793	OK	 
REQUEST		request_no_metrics	1790945077789	1790945077793	OK	 
USER	No Metrics Scenario	END	1790945077793
USER	Gauge Scenario	END	1790945077793
REQUEST		request_counter	1790945077790	1790945077796	OK	 
REQUEST		request_timer	1790945077789	1790945077798	OK	 
USER	Counter Scenario	END	1790945077798
USER	Timer Scenario	END	1790945077798
USER	Counter Scenario	START	1790945077804
USER	No Metrics Scenario	START	1790945077804
USER	Gauge Scenario	START	1790945077805
REQUEST		request_gauge	1790945077805	1790945077806	OK	 
USER	Gauge Scenario	END	1790945077807
USER	Timer Scenario	START	1790945077807
REQUEST		request_no_metrics	1790945077804	1790945077807	OK	 
USER	No Metrics Scenario	END	1790945077807
REQUEST		request_counter	1790945077804	1790945077810	OK	 
REQUEST		request_timer	1790945077806	1790945077810	OK	 
USER	Counter Scenario	END	1790945077811
USER	Timer Scenario	END	1790945077811
USER	Counter Scenario	START	1790945077820
USER	No Metrics Scenario	START	1790945077820
USER	Gauge Scenario	START	1790945077820
USER	Timer Scenario	START	1790945077820
REQUEST		request_no_metrics	1790945077820	1790945077824	OK	 
USER	No Metrics Scenario	END	1790945077824
REQUEST		request_gauge	1790945077820	1790945077824	OK	 
USER	Gauge Scenario	END	1790945077825
REQUEST		request_timer	1790945077820	1790945077832	OK	 
REQUEST		request_counter	1790945077820	1790945077832	OK	 
USER	Timer Scenario	END	1790945077833
USER	Counter Scenario	END	1790945077833
USER	Gauge Scenario	START	1790945077851
USER	Timer Scenario	START	1790945077851
USER	No Metrics Scenario	START	1790945077851
USER	Counter Scenario	START	1790945077851
REQUEST		request_no_metrics	1790945077851	1790945077853	OK	 
REQUEST		request_gauge	1790945077851	1790945077853	OK	 
USER	No Metrics Scenario	END	1790945077853
USER	Gauge Scenario	END	1790945077853
REQUEST		request_timer	1790945077851	1790945077860	OK	 
REQUEST		request_counter	1790945077851	1790945077860	OK	 
USER	Counter Scenario	END	1790945077860
USER	Timer Scenario	END	1790945077860
USER	Counter Scenario	START	1790945077867
USER	Timer Scenario	START	1790945077867
USER	No Metrics Scenario	START	1790945077867
USER	Gauge Scenario	START	1790945077867
REQUEST		request_no_metrics	1790945077866	1790945077869	OK	 
REQUEST		request_gauge	1790945077866	1790945077870	OK	 
USER	No Metrics Scenario	END	1790945077870
USER	Gauge Scenario	END	1790945077870
REQUEST		request_counter	1790945077866	1790945077873	OK	 
REQUEST		request_timer	1790945077866	1790945077873	OK	 
USER	Counter Scenario	END	1790945077873
USER	Timer Scenario	END	1790945077874
USER	No Metrics Scenario	START	1790945077882
USER	Timer Scenario	START	1790945077882
USER	Counter Scenario	START	1790945077882
USER	Gauge Scenario	START	1790945077882
REQUEST		request_no_metrics	1790945077882	1790945077884	OK	 
REQUEST		request_gauge	1790945077882	1790945077885	OK	 
USER	No Metrics Scenario	END	1790945077885
USER	Gauge Scenario	END	1790945077885
REQUEST		request_timer	1790945077882	1790945077894	OK	 
USER	Timer Scenario	END	1790945077894
REQUEST		request_counter	1790945077882	1790945077894	OK	 
USER	Counter Scenario	END	1790945077895
USER	Gauge Scenario	START	1790945077898
USER	No Metrics Scenario	START	1790945077898
REQUEST		request_no_metrics	1790945077898	1790945077900	OK	 
REQUEST		request_gauge	1790945077898	1790945077900	OK	 
USER	No Metrics Scenario	END	1790945077900
USER	Gauge Scenario	END	1790945077900
USER	Timer Scenario	START	1790945077901
USER	Counter Scenario	START	1790945077901
REQUEST		request_counter	1790945077900	1790945077907	OK	 
REQUEST		request_timer	1790945077900	1790945077907	OK	 
USER	Timer Scenario	END	1790945077907
USER	Counter Scenario	END	1790945077907
USER	Counter Scenario	START	1790945077930
USER	Timer Scenario	START	1790945077930
USER	Gauge Scenario	START	1790945077930
USER	No Metrics Scenario	START	1790945077931
REQUEST		request_no_metrics	1790945077930	1790945077933	OK	 
REQUEST		request_gauge	1790945077930	1790945077933	OK	 
USER	No Metrics Scenario	END	1790945077933
USER	Gauge Scenario	END	1790945077933
REQUEST		request_timer	1790945077929	1790945077933	OK	 
REQUEST		request_counter	1790945077929	1790945077934	OK	 
USER	Timer Scenario	END	1790945077934
USER	Counter Scenario	END	1790945077934
USER	No Metrics Scenario	START	1790945077945
USER	Timer Scenario	START	1790945077946
USER	Counter Scenario	START	1790945077946
USER	Gauge Scenario	START	1790945077946
REQUEST		request_no_metrics	1790945077945	1790945077948	OK	 
REQUEST		request_gauge	1790945077946	1790945077948	OK	 
USER	Gauge Scenario	END	1790945077948
USER	No Metrics Scenario	END	1790945077948
REQUEST		request_counter	1790945077946	1790945077958	OK	 
REQUEST		request_timer	1790945077945	1790945077958	OK	 
USER	Timer Scenario	END	1790945077959
USER	Counter Scenario	END	1790945077959
USER	Timer Scenario	START	1790945077961
USER	No Metrics Scenario	START	1790945077961
USER	Counter Scenario	START	1790945077961
USER	Gauge Scenario	START	1790945077962
REQUEST		request_no_metrics	1790945077961	1790945077964	OK	 
USER	No Metrics Scenario	END	1790945077964
REQUEST		request_gauge	1790945077961	1790945077965	OK	 
USER	Gauge Scenario	END	1790945077965
REQUEST		request_timer	1790945077961	1790945077968	OK	 
REQUEST		request_counter	1790945077961	1790945077968	OK	 
USER	Timer Scenario	END	1790945077968
USER	Counter Scenario	END	1790945077968
USER	Timer Scenario	START	1790945077993
USER	Gauge Scenario	START	1790945077993
USER	No Metrics Scenario	START	1790945077993
USER	Counter Scenario	START	1790945077993
REQUEST		request_no_metrics	1790945077992	1790945077995	OK	 
USER	No Metrics Scenario	END	1790945077996
REQUEST		request_gauge	1790945077992	1790945077996	OK	 
USER	Gauge Scenario	END	1790945077997
USER	Timer Scenario	START	1790945078008
USER	No Metrics Scenario	START	1790945078008
USER	Gauge Scenario	START	1790945078008
USER	Counter Scenario	START	1790945078008
REQUEST		request_counter	1790945077992	1790945078011	OK	 
REQUEST		request_gauge	1790945078008	1790945078011	OK	 
USER	Counter Scenario	END	1790945078012
USER	Gauge Scenario	END	1790945078012
REQUEST		request_no_metrics	1790945078008	1790945078012	OK	 
USER	No Metrics Scenario	END	1790945078012
REQUEST		request_timer	1790945078008	1790945078019	OK	 
REQUEST		request_timer	1790945077992	1790945078019	OK	 
REQUEST		request_counter	1790945078008	1790945078019	OK	 
USER	Timer Scenario	END	1790945078019
USER	Counter Scenario	END	1790945078019
USER	Timer Scenario	END	1790945078019
USER	Counter Scenario	START	1790945078020
USER	Gauge Scenario	START	1790945078023
USER	No Metrics Scenario	START	1790945078023
USER	Timer Scenario	START	1790945078023
REQUEST		request_no_metrics	1790945078023	1790945078026	OK	 
REQUEST		request_gauge	1790945078023	1790945078026	OK	 
USER	No Metrics Scenario	END	1790945078027
USER	Gauge Scenario	END	1790945078027
REQUEST		request_timer	1790945078023	1790945078032	OK	 
REQUEST		request_counter	1790945078020	1790945078032	OK	 
USER	Timer Scenario	END	1790945078033
USER	Counter Scenario	END	1790945078033
USER	Counter Scenario	START	1790945078039
USER	No Metrics Scenario	START	1790945078039
USER	Gauge Scenario	START	1790945078039
REQUEST		request_no_metrics	1790945078038	1790945078041	OK	 
REQUEST		request_gauge	1790945078038	1790945078041	OK	 
USER	No Metrics Scenario	END	1790945078041
USER	Gauge Scenario	END	1790945078041
USER	Timer Scenario	START	1790945078042
REQUEST		request_counter	1790945078038	1790945078046	OK	 
REQUEST		request_timer	1790945078041	1790945078046	OK	 
USER	Counter Scenario	END	1790945078047
USER	Timer Scenario	END	1790945078047
USER	Gauge Scenario	START	1790945078070
USER	Counter Scenario	START	1790945078070
USER	Timer Scenario	START	1790945078070
USER	No Metrics Scenario	START	1790945078070
REQUEST		request_no_metrics	1790945078070	1790945078072	OK	 
REQUEST		request_gauge	1790945078070	1790945078072	OK	 
USER	Gauge Scenario	END	1790945078073
USER	No Metrics Scenario	END	1790945078073
REQUEST		request_timer	1790945078070	1790945078080	OK	 
REQUEST		request_counter	1790945078070	1790945078080	OK	 
USER	Counter Scenario	END	1790945078080
USER	Timer Scenario	END	1790945078080
USER	Gauge Scenario	START	1790945078086
USER	Counter Scenario	START	1790945078086
USER	Timer Scenario	START	1790945078086
USER	No Metrics Scenario	START	1790945078086
REQUEST		request_gauge	1790945078085	1790945078088	OK	 
REQUEST		request_no_metrics	1790945078085	1790945078088	OK	 
USER	No Metrics Scenario	END	1790945078088
USER	Gauge Scenario	END	1790945078088
REQUEST		request_timer	1790945078086	1790945078096	OK	 
REQUEST		request_counter	1790945078085	1790945078096	OK	 
USER	Timer Scenario	END	1790945078096
USER	Counter Scenario	END	1790945078096
USER	Gauge Scenario	START	1790945078101
USER	Timer Scenario	START	1790945078101
USER	No Metrics Scenario	START	1790945078102
USER	Counter Scenario	START	1790945078102
REQUEST		request_gauge	1790945078101	1790945078104	OK	 
REQUEST		request_no_metrics	1790945078102	1790945078104	OK	 
USER	Gauge Scenario	END	1790945078104
USER	No Metrics Scenario	END	1790945078104
REQUEST		request_timer	1790945078101	1790945078115	OK	 
REQUEST		request_counter	1790945078102	1790945078115	OK	 
USER	Timer Scenario	END	1790945078115
USER	Counter Scenario	END	1790945078115
USER	Counter Scenario	START	1790945078132
USER	Gauge Scenario	START	1790945078132
USER	No Metrics Scenario	START	1790945078132
REQUEST		request_no_metrics	1790945078132	1790945078135	OK	 
USER	Timer Scenario	START	1790945078135
USER	No Metrics Scenario	END	1790945078135
REQUEST		request_gauge	1790945078132	1790945078135	OK	 
USER	Gauge Scenario	END	1790945078136
USER	Timer Scenario	START	1790945078147
USER	No Metrics Scenario	START	1790945078147
USER	Counter Scenario	START	1790945078147
USER	Gauge Scenario	START	1790945078147
REQUEST		request_no_metrics	1790945078147	1790945078149	OK	 
REQUEST		request_gauge	1790945078147	1790945078150	OK	 
USER	No Metrics Scenario	END	1790945078151
USER	Gauge Scenario	END	1790945078151
REQUEST		request_counter	1790945078147	1790945078159	OK	 
REQUEST		request_timer	1790945078147	1790945078159	OK	 
REQUEST		request_counter	1790945078132	1790945078159	OK	 
REQUEST		request_timer	1790945078135	1790945078159	OK	 
USER	Timer Scenario	END	1790945078159
USER	Timer Scenario	END	1790945078159
USER	Counter Scenario	END	1790945078159
USER	Counter Scenario	END	1790945078159
USER	Counter Scenario	START	1790945078160
USER	No Metrics Scenario	START	1790945078160
REQUEST		request_no_metrics	1790945078159	1790945078162	OK	 
USER	Gauge Scenario	START	1790945078163
USER	Timer Scenario	START	1790945078163
USER	No Metrics Scenario	END	1790945078163
REQUEST		request_gauge	1790945078162	1790945078165	OK	 
USER	Gauge Scenario	END	1790945078165
REQUEST		request_timer	1790945078162	1790945078174	OK	 
REQUEST		request_counter	1790945078159	1790945078174	OK	 
USER	Timer Scenario	END	1790945078175
USER	Counter Scenario	END	1790945078175
USER	No Metrics Scenario	START	1790945078179
USER	Counter Scenario	START	1790945078180
USER	Timer Scenario	START	1790945078181
REQUEST		request_no_metrics	1790945078179	1790945078182	OK	 
USER	Gauge Scenario	START	1790945078182
USER	No Metrics Scenario	END	1790945078183
REQUEST		request_gauge	1790945078182	1790945078185	OK	 
USER	Gauge Scenario	END	1790945078185
REQUEST		request_timer	1790945078181	1790945078190	OK	 
REQUEST		request_counter	1790945078180	1790945078190	OK	 
USER	Timer Scenario	END	1790945078191
USER	Counter Scenario	END	1790945078191
USER	Counter Scenario	START	1790945078209
USER	No Metrics Scenario	START	1790945078209
USER	Gauge Scenario	START	1790945078209
USER	Timer Scenario	START	1790945078209
REQUEST		request_no_metrics	1790945078209	1790945078212	OK	 
USER	No Metrics Scenario	END	1790945078212
REQUEST		request_gauge	1790945078209	1790945078217	OK	 
USER	Gauge Scenario	END	1790945078217
USER	No Metrics Scenario	START	1790945078225
USER	Counter Scenario	START	1790945078225
USER	Timer Scenario	START	1790945078225
USER	Gauge Scenario	START	1790945078225
REQUEST		request_no_metrics	1790945078225	1790945078227	OK	 
USER	No Metrics Scenario	END	1790945078228
REQUEST		request_gauge	1790945078225	1790945078228	OK	 
USER	Gauge Scenario	END	1790945078228
REQUEST		request_counter	1790945078209	1790945078232	OK	 
REQUEST		request_timer	1790945078209	1790945078232	OK	 
USER	Timer Scenario	END	1790945078233
USER	Counter Scenario	END	1790945078233
USER	Gauge Scenario	START	1790945078240
USER	No Metrics Scenario	START	1790945078240
USER	Timer Scenario	START	1790945078240
USER	Counter Scenario	START	1790945078240
REQUEST		request_no_metrics	1790945078240	1790945078242	OK	 
REQUEST		request_gauge	1790945078240	1790945078242	OK	 
USER	Gauge Scenario	END	1790945078242
USER	No Metrics Scenario	END	1790945078243
REQUEST		request_counter	1790945078225	1790945078252	OK	 
REQUEST		request_timer	1790945078225	1790945078252	OK	 
USER	Counter Scenario	END	1790945078252
USER	Timer Scenario	END	1790945078252
REQUEST		request_timer	1790945078240	1790945078262	OK	 
REQUEST		request_counter	1790945078240	1790945078262	OK	 
USER	Counter Scenario	END	1790945078263
USER	Timer Scenario	END	1790945078263
USER	Counter Scenario	START	1790945078272
USER	No Metrics Scenario	START	1790945078272
USER	Gauge Scenario	START	1790945078272
USER	Timer Scenario	START	1790945078274
REQUEST		request_no_metrics	1790945078272	1790945078275	OK	 
USER	No Metrics Scenario	END	1790945078275
REQUEST		request_gauge	1790945078272	1790945078276	OK	 
USER	Gauge Scenario	END	1790945078277
USER	Counter Scenario	START	1790945078288
USER	No Metrics Scenario	START	1790945078288
USER	Timer Scenario	START	1790945078288
USER	Gauge Scenario	START	1790945078288
REQUEST		request_gauge	1790945078287	1790945078290	OK	 
USER	Gauge Scenario	END	1790945078290
REQUEST		request_no_metrics	1790945078287	1790945078291	OK	 
USER	No Metrics Scenario	END	1790945078292
USER	No Metrics Scenario	START	1790945078303
USER	Counter Scenario	START	1790945078303
USER	Gauge Scenario	START	1790945078303
USER	Timer Scenario	START	1790945078303
REQUEST		request_gauge	1790945078303	1790945078307	OK	 
USER	Gauge Scenario	END	1790945078307
REQUEST		request_no_metrics	1790945078303	1790945078309	OK	 
USER	No Metrics Scenario	END	1790945078310
USER	Timer Scenario	START	1790945078318
USER	Counter Scenario	START	1790945078318
USER	Gauge Scenario	START	1790945078318
USER	No Metrics Scenario	START	1790945078320
REQUEST		request_gauge	1790945078318	1790945078322	OK	 
USER	Gauge Scenario	END	1790945078322
REQUEST		request_no_metrics	1790945078319	1790945078323	OK	 
USER	No Metrics Scenario	END	1790945078323
REQUEST		request_counter	1790945078272	1790945078324	OK	 
USER	Counter Scenario	END	1790945078324
REQUEST		request_counter	1790945078303	1790945078332	OK	 
REQUEST		request_counter	1790945078318	1790945078332	OK	 
REQUEST		request_timer	1790945078303	1790945078332	OK	 
REQUEST		request_counter	1790945078287	1790945078332	OK	 
REQUEST		request_timer	1790945078287	1790945078332	OK	 
USER	Timer Scenario	END	1790945078332
USER	Timer Scenario	END	1790945078332
USER	Counter Scenario	END	1790945078332
USER	Counter Scenario	END	1790945078332
USER	Counter Scenario	END	1790945078332
REQUEST		request_timer	1790945078274	1790945078332	OK	 
USER	Timer Scenario	END	1790945078332
REQUEST		request_timer	1790945078318	1790945078332	OK	 
USER	Timer Scenario	END	1790945078332
USER	No Metrics Scenario	START	1790945078349
USER	Counter Scenario	START	1790945078349
USER	Gauge Scenario	START	1790945078349
USER	Timer Scenario	START	1790945078349
REQUEST		request_no_metrics	1790945078348	1790945078351	OK	 
REQUEST		request_gauge	1790945078349	1790945078352	OK	 
USER	No Metrics Scenario	END	1790945078352
USER	Gauge Scenario	END	1790945078352
REQUEST		request_counter	1790945078348	1790945078356	OK	 
REQUEST		request_timer	1790945078349	1790945078356	OK	 
USER	Counter Scenario	END	1790945078357
USER	Timer Scenario	END	1790945078357
USER	Gauge Scenario	START	1790945078364
USER	Timer Scenario	START	1790945078364
USER	Counter Scenario	START	1790945078364
USER	No Metrics Scenario	START	1790945078364
REQUEST		request_no_metrics	1790945078364	1790945078366	OK	 
REQUEST		request_gauge	1790945078364	1790945078367	OK	 
USER	No Metrics Scenario	END	1790945078367
USER	Gauge Scenario	END	1790945078367
REQUEST		request_counter	1790945078364	1790945078371	OK	 
REQUEST		request_timer	1790945078364	1790945078371	OK	 
USER	Counter Scenario	END	1790945078371
USER	Timer Scenario	END	1790945078371
USER	Counter Scenario	START	1790945078380
USER	No Metrics Scenario	START	1790945078380
USER	Gauge Scenario	START	1790945078380
USER	Timer Scenario	START	1790945078380
REQUEST		request_no_metrics	1790945078379	1790945078382	OK	 
USER	No Metrics Scenario	END	1790945078382
REQUEST		request_gauge	1790945078379	1790945078382	OK	 
USER	Gauge Scenario	END	1790945078382
REQUEST		request_counter	1790945078379	1790945078393	OK	 
REQUEST		request_timer	1790945078379	1790945078393	OK	 
USER	Counter Scenario	END	1790945078394
USER	Timer Scenario	END	1790945078394
USER	Gauge Scenario	START	1790945078408
USER	Timer Scenario	START	1790945078408
USER	Counter Scenario	START	1790945078408
USER	No Metrics Scenario	START	1790945078408
REQUEST		request_no_metrics	1790945078408	1790945078411	OK	 
REQUEST		request_gauge	1790945078408	1790945078411	OK	 
USER	Gauge Scenario	END	1790945078412
USER	No Metrics Scenario	END	1790945078412
REQUEST		request_counter	1790945078408	1790945078416	OK	 
REQUEST		request_timer	1790945078408	1790945078416	OK	 
USER	Counter Scenario	END	1790945078417
USER	Timer Scenario	END	1790945078417
USER	Gauge Scenario	START	1790945078424
USER	Timer Scenario	START	1790945078424
USER	Counter Scenario	START	1790945078424
USER	No Metrics Scenario	START	1790945078424
REQUEST		request_no_metrics	1790945078423	1790945078426	OK	 
USER	No Metrics Scenario	END	1790945078427
REQUEST		request_gauge	1790945078423	1790945078427	OK	 
USER	Gauge Scenario	END	1790945078427
USER	Gauge Scenario	START	1790945078439
USER	Timer Scenario	START	1790945078440
USER	No Metrics Scenario	START	1790945078440
USER	Counter Scenario	START	1790945078440
REQUEST		request_no_metrics	1790945078440	1790945078441	OK	 
REQUEST		request_timer	1790945078423	1790945078442	OK	 
REQUEST		request_counter	1790945078423	1790945078443	OK	 
USER	No Metrics Scenario	END	1790945078443
USER	Timer Scenario	END	1790945078443
USER	Counter Scenario	END	1790945078443
REQUEST		request_gauge	1790945078439	1790945078444	OK	 
USER	Gauge Scenario	END	1790945078444
REQUEST		request_counter	1790945078440	1790945078454	OK	 
REQUEST		request_timer	1790945078440	1790945078454	OK	 
USER	Timer Scenario	END	1790945078455
USER	Counter Scenario	END	1790945078455
USER	Gauge Scenario	START	1790945078461
USER	No Metrics Scenario	START	1790945078461
USER	Counter Scenario	START	1790945078461
USER	Timer Scenario	START	1790945078461
REQUEST		request_no_metrics	1790945078461	1790945078464	OK	 
USER	No Metrics Scenario	END	1790945078464
REQUEST		request_gauge	1790945078461	1790945078464	OK	 
REQUEST		request_timer	1790945078461	1790945078465	OK	 
USER	Gauge Scenario	END	1790945078465
USER	Timer Scenario	END	1790945078465
REQUEST		request_counter	1790945078461	1790945078474	OK	 
USER	Counter Scenario	END	1790945078475
USER	Counter Scenario	START	1790945078492
USER	No Metrics Scenario	START	1790945078492
USER	Gauge Scenario	START	1790945078493
USER	Timer Scenario	START	1790945078494
REQUEST		request_counter	1790945078492	1790945078495	OK	 
REQUEST		request_no_metrics	1790945078492	1790945078495	OK	 
USER	No Metrics Scenario	END	1790945078495
USER	Counter Scenario	END	1790945078495
REQUEST		request_gauge	1790945078492	1790945078495	OK	 
REQUEST		request_timer	1790945078492	1790945078496	OK	 
USER	Timer Scenario	END	1790945078496
USER	Gauge Scenario	END	1790945078496
USER	No Metrics Scenario	START	1790945078507
USER	Gauge Scenario	START	1790945078507
USER	Counter Scenario	START	1790945078507
USER	Timer Scenario	START	1790945078508
REQUEST		request_gauge	1790945078507	1790945078510	OK	 
REQUEST		request_timer	1790945078507	1790945078510	OK	 
USER	Timer Scenario	END	1790945078510
USER	Gauge Scenario	END	1790945078510
REQUEST		request_no_metrics	1790945078507	1790945078511	OK	 
USER	No Metrics Scenario	END	1790945078511
REQUEST		request_counter	1790945078507	1790945078511	OK	 
USER	Counter Scenario	END	1790945078512
USER	Counter Scenario	START	1790945078523
USER	Gauge Scenario	START	1790945078523
USER	Timer Scenario	START	1790945078523
USER	No Metrics Scenario	START	1790945078523
REQUEST		request_no_metrics	1790945078522	1790945078525	OK	 
REQUEST		request_timer	1790945078522	1790945078526	OK	 
USER	No Metrics Scenario	END	1790945078526
REQUEST		request_counter	1790945078522	1790945078526	OK	 
USER	Timer Scenario	END	1790945078526
USER	Counter Scenario	END	1790945078526
REQUEST		request_gauge	1790945078522	1790945078529	OK	 
USER	Gauge Scenario	END	1790945078529
USER	Gauge Scenario	START	1790945078539
USER	No Metrics Scenario	START	1790945078539
REQUEST		request_no_metrics	1790945078538	1790945078541	OK	 
USER	No Metrics Scenario	END	1790945078542
REQUEST		request_gauge	1790945078538	1790945078545	OK	 
USER	Gauge Scenario	END	1790945078545
USER	Counter Scenario	START	1790945078554
USER	Timer Scenario	START	1790945078554
REQUEST		request_counter	1790945078554	1790945078556	OK	 
REQUEST		request_timer	1790945078554	1790945078556	OK	 
USER	Counter Scenario	END	1790945078557
USER	Timer Scenario	END	1790945078557
USER	Gauge Scenario	START	1790945078570
USER	Counter Scenario	START	1790945078570
USER	Timer Scenario	START	1790945078570
USER	No Metrics Scenario	START	1790945078570
REQUEST		request_no_metrics	1790945078570	1790945078572	OK	 
USER	No Metrics Scenario	END	1790945078572
REQUEST		request_counter	1790945078569	1790945078573	OK	 
REQUEST		request_gauge	1790945078569	1790945078573	OK	 
REQUEST		request_timer	1790945078569	1790945078573	OK	 
USER	Timer Scenario	END	1790945078573
USER	Gauge Scenario	END	1790945078574
USER	Counter Scenario	END	1790945078574
USER	Timer Scenario	START	1790945078585
USER	Gauge Scenario	START	1790945078585
USER	No Metrics Scenario	START	1790945078587
USER	Counter Scenario	START	1790945078587
REQUEST		request_timer	1790945078585	1790945078588	OK	 
USER	Timer Scenario	END	1790945078588
REQUEST		request_gauge	1790945078585	1790945078588	OK	 
REQUEST		request_no_metrics	1790945078586	1790945078588	OK	 
USER	No Metrics Scenario	END	1790945078588
USER	Gauge Scenario	END	1790945078588
REQUEST		request_counter	1790945078586	1790945078591	OK	 
USER	Counter Scenario	END	1790945078591
USER	Gauge Scenario	START	1790945078601
USER	Timer Scenario	START	1790945078602
USER	Counter Scenario	START	1790945078602
USER	No Metrics Scenario	START	1790945078602
REQUEST		request_counter	1790945078602	1790945078604	OK	 
REQUEST		request_no_metrics	1790945078602	1790945078604	OK	 
USER	No Metrics Scenario	END	1790945078605
USER	Counter Scenario	END	1790945078605
REQUEST		request_timer	1790945078601	1790945078605	OK	 
USER	Timer Scenario	END	1790945078605
REQUEST		request_gauge	1790945078600	1790945078605	OK	 
USER	Gauge Scenario	END	1790945078605
USER	No Metrics Scenario	START	1790945078631
USER	Gauge Scenario	START	1790945078631
USER	Timer Scenario	START	1790945078631
USER	Counter Scenario	START	1790945078631
REQUEST		request_no_metrics	1790945078631	1790945078634	OK	 
REQUEST		request_timer	1790945078631	1790945078634	OK	 
REQUEST		request_counter	1790945078631	1790945078634	OK	 
USER	Timer Scenario	END	1790945078634
REQUEST		request_gauge	1790945078631	1790945078634	OK	 
USER	Gauge Scenario	END	1790945078635
USER	Counter Scenario	END	1790945078635
USER	No Metrics Scenario	END	1790945078635
USER	No Metrics Scenario	START	1790945078647
USER	Counter Scenario	START	1790945078647
USER	Gauge Scenario	START	1790945078648
USER	Timer Scenario	START	1790945078648
REQUEST		request_timer	1790945078648	1790945078651	OK	 
REQUEST		request_gauge	1790945078647	1790945078651	OK	 
USER	Gauge Scenario	END	1790945078651
USER	Timer Scenario	END	1790945078651
REQUEST		request_no_metrics	1790945078646	1790945078651	OK	 
USER	No Metrics Scenario	END	1790945078651
REQUEST		request_counter	1790945078646	1790945078652	OK	 
USER	Counter Scenario	END	1790945078652
USER	No Metrics Scenario	START	1790945078662
USER	Timer Scenario	START	1790945078662
USER	Gauge Scenario	START	1790945078662
USER	Counter Scenario	START	1790945078663
REQUEST		request_no_metrics	1790945078662	1790945078664	OK	 
REQUEST		request_timer	1790945078662	1790945078664	OK	 
REQUEST		request_gauge	1790945078662	1790945078664	OK	 
USER	Timer Scenario	END	1790945078665
USER	No Metrics Scenario	END	1790945078665
USER	Gauge Scenario	END	1790945078665
REQUEST		request_counter	1790945078662	1790945078666	OK	 
USER	Counter Scenario	END	1790945078666
USER	Gauge Scenario	START	1790945078692
USER	Timer Scenario	START	1790945078692
USER	Counter Scenario	START	1790945078693
REQUEST		request_timer	1790945078692	1790945078695	OK	 
USER	Timer Scenario	END	1790945078695
REQUEST		request_gauge	1790945078692	1790945078695	OK	 
USER	No Metrics Scenario	START	1790945078696
USER	Gauge Scenario	END	1790945078696
REQUEST		request_counter	1790945078693	1790945078696	OK	 
USER	Counter Scenario	END	1790945078697
REQUEST		request_no_metrics	1790945078695	1790945078698	OK	 
USER	No Metrics Scenario	END	1790945078698
USER	Counter Scenario	START	1790945078707
USER	Timer Scenario	START	1790945078707
USER	Gauge Scenario	START	1790945078707
REQUEST		request_counter	1790945078707	1790945078709	OK	 
REQUEST		request_timer	1790945078707	1790945078710	OK	 
USER	Timer Scenario	END	1790945078710
REQUEST		request_gauge	1790945078707	1790945078710	OK	 
USER	Counter Scenario	END	1790945078710
USER	Gauge Scenario	END	1790945078710
USER	No Metrics Scenario	START	1790945078711
REQUEST		request_no_metrics	1790945078710	1790945078713	OK	 
USER	No Metrics Scenario	END	1790945078713
USER	No Metrics Scenario	START	1790945078723
USER	Counter Scenario	START	1790945078723
USER	Timer Scenario	START	1790945078723
USER	Gauge Scenario	START	1790945078723
REQUEST		request_no_metrics	1790945078722	1790945078724	OK	 
REQUEST		request_gauge	1790945078722	1790945078724	OK	 
REQUEST		request_timer	1790945078722	1790945078725	OK	 
REQUEST		request_counter	1790945078722	1790945078725	OK	 
USER	No Metrics Scenario	END	1790945078725
USER	Gauge Scenario	END	1790945078725
USER	Counter Scenario	END	1790945078725
USER	Timer Scenario	END	1790945078725
USER	Timer Scenario	START	1790945078738
USER	Gauge Scenario	START	1790945078738
REQUEST		request_timer	1790945078738	1790945078741	OK	 
USER	Timer Scenario	END	1790945078742
REQUEST		request_gauge	1790945078738	1790945078741	OK	 
USER	Gauge Scenario	END	1790945078742
USER	No Metrics Scenario	START	1790945078754
USER	Counter Scenario	START	1790945078755
REQUEST		request_no_metrics	1790945078753	1790945078756	OK	 
USER	No Metrics Scenario	END	1790945078756
REQUEST		request_counter	1790945078755	1790945078757	OK	 
USER	Counter Scenario	END	1790945078758
USER	Timer Scenario	START	1790945078769
USER	Gauge Scenario	START	1790945078769
USER	Counter Scenario	START	1790945078769
USER	No Metrics Scenario	START	1790945078769
REQUEST		request_no_metrics	1790945078769	1790945078771	OK	 
REQUEST		request_counter	1790945078769	1790945078771	OK	 
REQUEST		request_gauge	1790945078769	1790945078771	OK	 
USER	Gauge Scenario	END	1790945078772
USER	Counter Scenario	END	1790945078772
USER	No Metrics Scenario	END	1790945078772
REQUEST		request_timer	1790945078769	1790945078772	OK	 
USER	Timer Scenario	END	1790945078772
USER	No Metrics Scenario	START	1790945078784
USER	Timer Scenario	START	1790945078784
USER	Counter Scenario	START	1790945078784
REQUEST		request_no_metrics	1790945078784	1790945078786	OK	 
REQUEST		request_counter	1790945078784	1790945078786	OK	 
REQUEST		request_timer	1790945078784	1790945078786	OK	 
USER	Timer Scenario	END	1790945078787
USER	Counter Scenario	END	1790945078787
USER	No Metrics Scenario	END	1790945078787
USER	Gauge Scenario	START	1790945078787
REQUEST		request_gauge	1790945078787	1790945078789	OK	 
USER	Gauge Scenario	END	1790945078789
USER	Gauge Scenario	START	1790945078800
USER	Counter Scenario	START	1790945078800
USER	Timer Scenario	START	1790945078801
REQUEST		request_timer	1790945078801	1790945078802	OK	 
REQUEST		request_counter	1790945078800	1790945078802	OK	 
REQUEST		request_gauge	1790945078800	1790945078802	OK	 
USER	Counter Scenario	END	1790945078803
USER	Gauge Scenario	END	1790945078803
USER	Timer Scenario	END	1790945078803
USER	No Metrics Scenario	START	1790945078803
REQUEST		request_no_metrics	1790945078802	1790945078805	OK	 
USER	No Metrics Scenario	END	1790945078805
USER	Gauge Scenario	START	1790945078831
USER	Timer Scenario	START	1790945078831
USER	Counter Scenario	START	1790945078831
USER	No Metrics Scenario	START	1790945078831
REQUEST		request_no_metrics	1790945078830	1790945078832	OK	 
REQUEST		request_counter	1790945078830	1790945078833	OK	 
REQUEST		request_timer	1790945078830	1790945078833	OK	 
USER	No Metrics Scenario	END	1790945078833
REQUEST		request_gauge	1790945078830	1790945078833	OK	 
USER	Counter Scenario	END	1790945078833
USER	Timer Scenario	END	1790945078833
USER	Gauge Scenario	END	1790945078833
USER	No Metrics Scenario	START	1790945078846
USER	Counter Scenario	START	1790945078846
USER	Timer Scenario	START	1790945078846
USER	Gauge Scenario	START	1790945078847
REQUEST		request_no_metrics	1790945078846	1790945078848	OK	 
REQUEST		request_counter	1790945078846	1790945078848	OK	 
USER	No Metrics Scenario	END	1790945078848
USER	Counter Scenario	END	1790945078848
REQUEST		request_gauge	1790945078846	1790945078848	OK	 
USER	Gauge Scenario	END	1790945078848
REQUEST		request_timer	1790945078846	1790945078848	OK	 
USER	Timer Scenario	END	1790945078848
USER	Timer Scenario	START	1790945078862
USER	No Metrics Scenario	START	1790945078862
USER	Counter Scenario	START	1790945078862
USER	Gauge Scenario	START	1790945078862
REQUEST		request_no_metrics	1790945078861	1790945078864	OK	 
REQUEST		request_timer	1790945078861	1790945078864	OK	 
REQUEST		request_counter	1790945078861	1790945078864	OK	 
REQUEST		request_gauge	1790945078861	1790945078864	OK	 
USER	No Metrics Scenario	END	1790945078864
USER	Timer Scenario	END	1790945078864
USER	Counter Scenario	END	1790945078864
USER	Gauge Scenario	END	1790945078864
USER	Timer Scenario	START	1790945078892
USER	No Metrics Scenario	START	1790945078892
USER	Counter Scenario	START	1790945078892
REQUEST		request_no_metrics	1790945078892	1790945078894	OK	 
REQUEST		request_timer	1790945078892	1790945078894	OK	 
USER	No Metrics Scenario	END	1790945078894
USER	Timer Scenario	END	1790945078894
REQUEST		request_counter	1790945078892	1790945078895	OK	 
USER	Counter Scenario	END	1790945078895
USER	Gauge Scenario	START	1790945078895
REQUEST		request_gauge	1790945078895	1790945078897	OK	 
USER	Gauge Scenario	END	1790945078898
USER	No Metrics Scenario	START	1790945078908
USER	Counter Scenario	START	1790945078908
USER	Timer Scenario	START	1790945078908
USER	Gauge Scenario	START	1790945078908
REQUEST		request_no_metrics	1790945078907	1790945078910	OK	 
USER	No Metrics Scenario	END	1790945078911
REQUEST		request_timer	1790945078907	1790945078911	OK	 
REQUEST		request_counter	1790945078907	1790945078911	OK	 
USER	Counter Scenario	END	1790945078911
USER	Timer Scenario	END	1790945078912
REQUEST		request_gauge	1790945078907	1790945078912	OK	 
USER	Gauge Scenario	END	1790945078912
USER	Timer Scenario	START	1790945078924
USER	No Metrics Scenario	START	1790945078924
USER	Counter Scenario	START	1790945078924
REQUEST		request_timer	1790945078924	1790945078927	OK	 
REQUEST		request_counter	1790945078924	1790945078927	OK	 
REQUEST		request_no_metrics	1790945078924	1790945078927	OK	 
USER	Timer Scenario	END	1790945078927
USER	Counter Scenario	END	1790945078927
USER	No Metrics Scenario	END	1790945078927
USER	Gauge Scenario	START	1790945078927
REQUEST		request_gauge	1790945078926	1790945078929	OK	 
USER	Gauge Scenario	END	1790945078930
USER	Counter Scenario	START	1790945078940
USER	No Metrics Scenario	START	1790945078940
USER	Timer Scenario	START	1790945078940
USER	Gauge Scenario	START	1790945078940
REQUEST		request_counter	1790945078939	1790945078942	OK	 
REQUEST		request_no_metrics	1790945078939	1790945078942	OK	 
REQUEST		request_gauge	1790945078939	1790945078942	OK	 
USER	Counter Scenario	END	1790945078942
USER	Gauge Scenario	END	1790945078942
USER	No Metrics Scenario	END	1790945078942
REQUEST		request_timer	1790945078939	1790945078942	OK	 
USER	Timer Scenario	END	1790945078942
USER	Gauge Scenario	START	1790945078971
USER	Timer Scenario	START	1790945078971
USER	No Metrics Scenario	START	1790945078971
USER	Counter Scenario	START	1790945078972
REQUEST		request_no_metrics	1790945078971	1790945078973	OK	 
REQUEST		request_gauge	1790945078970	1790945078973	OK	 
REQUEST		request_timer	1790945078971	1790945078973	OK	 
USER	No Metrics Scenario	END	1790945078973
USER	Gauge Scenario	END	1790945078973
USER	Timer Scenario	END	1790945078973
REQUEST		request_counter	1790945078971	1790945078976	OK	 
USER	Counter Scenario	END	1790945078976
USER	Counter Scenario	START	1790945078986
USER	Gauge Scenario	START	1790945078986
USER	No Metrics Scenario	START	1790945078986
USER	Timer Scenario	START	1790945078986
REQUEST		request_counter	1790945078986	1790945078988	OK	 
REQUEST		request_no_metrics	1790945078986	1790945078988	OK	 
REQUEST		request_timer	1790945078986	1790945078988	OK	 
USER	No Metrics Scenario	END	1790945078989
USER	Timer Scenario	END	1790945078989
USER	Counter Scenario	END	1790945078989
REQUEST		request_gauge	1790945078986	1790945078989	OK	 
USER	Gauge Scenario	END	1790945078989
USER	Counter Scenario	START	1790945079001
USER	No Metrics Scenario	START	1790945079001
USER	Timer Scenario	START	1790945079001
USER	Gauge Scenario	START	1790945079001
REQUEST		request_timer	1790945079001	1790945079003	OK	 
REQUEST		request_counter	1790945079001	1790945079003	OK	 
REQUEST		request_gauge	1790945079001	1790945079003	OK	 
USER	Timer Scenario	END	1790945079004
USER	Counter Scenario	END	1790945079004
USER	Gauge Scenario	END	1790945079004
REQUEST		request_no_metrics	1790945079001	1790945079005	OK	 
USER	No Metrics Scenario	END	1790945079005
USER	No Metrics Scenario	START	1790945079032
USER	Gauge Scenario	START	1790945079032
USER	Counter Scenario	START	1790945079032
USER	Timer Scenario	START	1790945079032
REQUEST		request_gauge	1790945079031	1790945079034	OK	 
REQUEST		request_timer	1790945079032	1790945079034	OK	 
REQUEST		request_no_metrics	1790945079031	1790945079034	OK	 
REQUEST		request_counter	1790945079031	1790945079034	OK	 
USER	No Metrics Scenario	END	1790945079034
USER	Timer Scenario	END	1790945079034
USER	Gauge Scenario	END	1790945079034
USER	Counter Scenario	END	1790945079034
USER	Counter Scenario	START	1790945079048
USER	Gauge Scenario	START	1790945079048
USER	No Metrics Scenario	START	1790945079048
USER	Timer Scenario	START	1790945079049
REQUEST		request_no_metrics	1790945079047	1790945079053	OK	 
REQUEST		request_counter	1790945079047	1790945079053	OK	 
REQUEST		request_gauge	1790945079047	1790945079053	OK	 
USER	No Metrics Scenario	END	1790945079053
USER	Gauge Scenario	END	1790945079053
USER	Counter Scenario	END	1790945079053
REQUEST		request_timer	1790945079047	1790945079053	OK	 
USER	Timer Scenario	END	1790945079054
USER	No Metrics Scenario	START	1790945079062
USER	Gauge Scenario	START	1790945079062
USER	Counter Scenario	START	1790945079062
USER	Timer Scenario	START	1790945079062
REQUEST		request_no_metrics	1790945079062	1790945079064	OK	 
REQUEST		request_counter	1790945079062	1790945079064	OK	 
REQUEST		request_timer	1790945079062	1790945079064	OK	 
REQUEST		request_gauge	1790945079062	1790945079064	OK	 
USER	No Metrics Scenario	END	1790945079065
USER	Counter Scenario	END	1790945079065
USER	Timer Scenario	END	1790945079065
USER	Gauge Scenario	END	1790945079065
USER	No Metrics Scenario	START	1790945079081
REQUEST		request_no_metrics	1790945079080	1790945079083	OK	 
USER	No Metrics Scenario	END	1790945079083
USER	Gauge Scenario	START	1790945079093
USER	Counter Scenario	START	1790945079093
USER	Timer Scenario	START	1790945079095
REQUEST		request_gauge	1790945079093	1790945079096	OK	 
USER	Gauge Scenario	END	1790945079096
REQUEST		request_counter	1790945079093	1790945079096	OK	 
USER	Counter Scenario	END	1790945079097
REQUEST		request_timer	1790945079095	1790945079098	OK	 
USER	Timer Scenario	END	1790945079099
USER	Timer Scenario	START	1790945079109
USER	Gauge Scenario	START	1790945079109
USER	No Metrics Scenario	START	1790945079109
USER	Counter Scenario	START	1790945079109
REQUEST		request_counter	1790945079108	1790945079111	OK	 
REQUEST		request_gauge	1790945079108	1790945079111	OK	 
USER	Counter Scenario	END	1790945079111
USER	Gauge Scenario	END	1790945079111
REQUEST		request_no_metrics	1790945079108	1790945079112	OK	 
REQUEST		request_timer	1790945079108	1790945079112	OK	 
USER	No Metrics Scenario	END	1790945079112
USER	Timer Scenario	END	1790945079112
USER	Gauge Scenario	START	1790945079124
USER	Counter Scenario	START	1790945079124
USER	No Metrics Scenario	START	1790945079124
USER	Timer Scenario	START	1790945079124
REQUEST		request_counter	1790945079123	1790945079127	OK	 
REQUEST		request_gauge	1790945079123	1790945079127	OK	 
USER	Gauge Scenario	END	1790945079127
USER	Counter Scenario	END	1790945079127
REQUEST		request_no_metrics	1790945079123	1790945079127	OK	 
USER	No Metrics Scenario	END	1790945079128
REQUEST		request_timer	1790945079123	1790945079128	OK	 
USER	Timer Scenario	END	1790945079128
USER	Timer Scenario	START	1790945079139
USER	Gauge Scenario	START	1790945079141
USER	Counter Scenario	START	1790945079141
USER	No Metrics Scenario	START	1790945079141
REQUEST		request_gauge	1790945079140	1790945079143	OK	 
REQUEST		request_no_metrics	1790945079141	1790945079143	OK	 
USER	Gauge Scenario	END	1790945079143
USER	No Metrics Scenario	END	1790945079144
REQUEST		request_timer	1790945079139	1790945079145	OK	 
USER	Timer Scenario	END	1790945079145
REQUEST		request_counter	1790945079141	1790945079148	OK	 
USER	Counter Scenario	END	1790945079148
USER	Timer Scenario	START	1790945079171
USER	Counter Scenario	START	1790945079171
USER	No Metrics Scenario	START	1790945079171
USER	Gauge Scenario	START	1790945079171
REQUEST		request_counter	1790945079170	1790945079173	OK	 
USER	Counter Scenario	END	1790945079173
REQUEST		request_timer	1790945079170	1790945079174	OK	 
USER	Timer Scenario	END	1790945079174
REQUEST		request_no_metrics	1790945079170	1790945079175	OK	 
USER	No Metrics Scenario	END	1790945079176
REQUEST		request_gauge	1790945079170	1790945079176	OK	 
USER	Gauge Scenario	END	1790945079177
USER	Timer Scenario	START	1790945079187
USER	Gauge Scenario	START	1790945079187
USER	Counter Scenario	START	1790945079189
REQUEST		request_gauge	1790945079186	1790945079190	OK	 
REQUEST		request_timer	1790945079186	1790945079191	OK	 
USER	No Metrics Scenario	START	1790945079195
USER	Timer Scenario	START	1790945079196
USER	Gauge Scenario	START	1790945079197
REQUEST		request_timer	1790945079196	1790945079198	OK	 
REQUEST		request_counter	1790945079187	1790945079201	OK	 
USER	Counter Scenario	START	1790945079202
USER	No Metrics Scenario	START	1790945079202
REQUEST		request_no_metrics	1790945079195	1790945079202	OK	 
USER	Gauge Scenario	END	1790945079202
USER	Timer Scenario	END	1790945079202
USER	Timer Scenario	END	1790945079202
USER	Counter Scenario	END	1790945079202
USER	No Metrics Scenario	END	1790945079202
REQUEST		request_gauge	1790945079196	1790945079203	OK	 
REQUEST		request_no_metrics	1790945079201	1790945079203	OK	 
USER	No Metrics Scenario	END	1790945079204
REQUEST		request_counter	1790945079201	1790945079204	OK	 
USER	Counter Scenario	END	1790945079204
USER	Gauge Scenario	END	1790945079204
USER	No Metrics Scenario	START	1790945079218
USER	Gauge Scenario	START	1790945079218
USER	Timer Scenario	START	1790945079218
REQUEST		request_no_metrics	1790945079217	1790945079220	OK	 
USER	No Metrics Scenario	END	1790945079221
REQUEST		request_timer	1790945079217	1790945079222	OK	 
REQUEST		request_gauge	1790945079217	1790945079222	OK	 
USER	Timer Scenario	END	1790945079222
USER	Gauge Scenario	END	1790945079222
USER	Counter Scenario	START	1790945079233
REQUEST		request_counter	1790945079233	1790945079236	OK	 
USER	Counter Scenario	END	1790945079237
USER	Gauge Scenario	START	1790945079248
USER	Counter Scenario	START	1790945079248
REQUEST		request_counter	1790945079248	1790945079250	OK	 
USER	Counter Scenario	END	1790945079251
REQUEST		request_gauge	1790945079248	1790945079252	OK	 
USER	Gauge Scenario	END	1790945079252
USER	No Metrics Scenario	START	1790945079253
USER	Timer Scenario	START	1790945079255
REQUEST		request_no_metrics	1790945079252	1790945079256	OK	 
USER	No Metrics Scenario	END	1790945079256
REQUEST		request_timer	1790945079254	1790945079257	OK	 
USER	Timer Scenario	END	1790945079258
USER	Timer Scenario	START	1790945079264
USER	Counter Scenario	START	1790945079264
USER	No Metrics Scenario	START	1790945079264
USER	Gauge Scenario	START	1790945079264
REQUEST		request_gauge	1790945079263	1790945079266	OK	 
REQUEST		request_counter	1790945079263	1790945079267	OK	 
USER	Gauge Scenario	END	1790945079267
USER	Counter Scenario	END	1790945079267
REQUEST		request_no_metrics	1790945079263	1790945079267	OK	 
USER	No Metrics Scenario	END	1790945079268
REQUEST		request_timer	1790945079263	1790945079267	OK	 
USER	Timer Scenario	END	1790945079268
USER	Gauge Scenario	START	1790945079279
USER	No Metrics Scenario	START	1790945079279
USER	Timer Scenario	START	1790945079280
REQUEST		request_no_metrics	1790945079279	1790945079282	OK	 
REQUEST		request_timer	1790945079279	1790945079282	OK	 
USER	No Metrics Scenario	END	1790945079282
USER	Timer Scenario	END	1790945079282
REQUEST		request_gauge	1790945079279	1790945079285	OK	 
USER	Gauge Scenario	END	1790945079286
USER	Counter Scenario	START	1790945079295
REQUEST		request_counter	1790945079295	1790945079302	OK	 
USER	Counter Scenario	END	1790945079303
USER	No Metrics Scenario	START	1790945079309
USER	Counter Scenario	START	1790945079309
USER	Gauge Scenario	START	1790945079309
USER	Timer Scenario	START	1790945079309
REQUEST		request_no_metrics	1790945079309	1790945079314	OK	 
USER	No Metrics Scenario	END	1790945079315
REQUEST		request_timer	1790945079309	1790945079315	OK	 
USER	Timer Scenario	END	1790945079315
REQUEST		request_gauge	1790945079309	1790945079315	OK	 
REQUEST		request_counter	1790945079309	1790945079316	OK	 
USER	Gauge Scenario	END	1790945079316
USER	Counter Scenario	END	1790945079316
USER	Gauge Scenario	START	1790945079325
USER	Counter Scenario	START	1790945079325
USER	No Metrics Scenario	START	1790945079325
USER	Timer Scenario	START	1790945079325
REQUEST		request_counter	1790945079324	1790945079328	OK	 
USER	Counter Scenario	END	1790945079328
REQUEST		request_gauge	1790945079325	1790945079329	OK	 
USER	Gauge Scenario	END	1790945079329
REQUEST		request_no_metrics	1790945079324	1790945079329	OK	 
REQUEST		request_timer	1790945079324	1790945079329	OK	 
USER	No Metrics Scenario	END	1790945079329
USER	Timer Scenario	END	1790945079329
USER	No Metrics Scenario	START	1790945079340
USER	Gauge Scenario	START	1790945079340
USER	Timer Scenario	START	1790945079340
REQUEST		request_no_metrics	1790945079340	1790945079342	OK	 
REQUEST		request_gauge	1790945079340	1790945079342	OK	 
USER	No Metrics Scenario	END	1790945079342
REQUEST		request_timer	1790945079340	1790945079345	OK	 
USER	Gauge Scenario	END	1790945079345
USER	Timer Scenario	END	1790945079346
USER	Counter Scenario	START	1790945079357
REQUEST		request_counter	1790945079356	1790945079361	OK	 
USER	Counter Scenario	END	1790945079362
USER	No Metrics Scenario	START	1790945079371
USER	Counter Scenario	START	1790945079371
USER	Gauge Scenario	START	1790945079371
USER	Timer Scenario	START	1790945079373
REQUEST		request_timer	1790945079371	1790945079375	OK	 
USER	Timer Scenario	END	1790945079375
REQUEST		request_gauge	1790945079371	1790945079376	OK	 
USER	Gauge Scenario	END	1790945079376
REQUEST		request_counter	1790945079371	1790945079377	OK	 
USER	Counter Scenario	END	1790945079378
USER	Gauge Scenario	START	1790945079379
REQUEST		request_no_metrics	1790945079371	1790945079380	OK	 
USER	No Metrics Scenario	END	1790945079380
REQUEST		request_gauge	1790945079378	1790945079382	OK	 
USER	Gauge Scenario	END	1790945079382
USER	Timer Scenario	START	1790945079387
USER	Counter Scenario	START	1790945079387
USER	No Metrics Scenario	START	1790945079387
REQUEST		request_timer	1790945079387	1790945079389	OK	 
USER	Timer Scenario	END	1790945079390
REQUEST		request_counter	1790945079386	1790945079390	OK	 
USER	Counter Scenario	END	1790945079391
REQUEST		request_no_metrics	1790945079386	1790945079392	OK	 
USER	No Metrics Scenario	END	1790945079392
USER	Counter Scenario	START	1790945079402
USER	Gauge Scenario	START	1790945079403
USER	No Metrics Scenario	START	1790945079403
REQUEST		request_no_metrics	1790945079402	1790945079405	OK	 
REQUEST		request_gauge	1790945079402	1790945079405	OK	 
USER	Gauge Scenario	END	1790945079406
USER	No Metrics Scenario	END	1790945079406
REQUEST		request_counter	1790945079402	1790945079406	OK	 
USER	Counter Scenario	END	1790945079406
USER	Timer Scenario	START	1790945079410
REQUEST		request_timer	1790945079409	1790945079413	OK	 
USER	Timer Scenario	END	1790945079413
USER	Timer Scenario	START	1790945079418
REQUEST		request_timer	1790945079417	1790945079420	OK	 
USER	Timer Scenario	END	1790945079420
USER	No Metrics Scenario	START	1790945079434
USER	Counter Scenario	START	1790945079434
REQUEST		request_no_metrics	1790945079434	1790945079436	OK	 
USER	No Metrics Scenario	END	1790945079436
REQUEST		request_counter	1790945079433	1790945079436	OK	 
USER	Gauge Scenario	START	1790945079436
USER	Counter Scenario	END	1790945079437
REQUEST		request_gauge	1790945079433	1790945079439	OK	 
USER	Gauge Scenario	END	1790945079439
USER	Timer Scenario	START	1790945079448
USER	Counter Scenario	START	1790945079452
USER	No Metrics Scenario	START	1790945079452
REQUEST		request_timer	1790945079447	1790945079453	OK	 
USER	Timer Scenario	END	1790945079453
REQUEST		request_no_metrics	1790945079452	1790945079457	OK	 
REQUEST		request_counter	1790945079451	1790945079456	OK	 
USER	Counter Scenario	END	1790945079457
USER	No Metrics Scenario	END	1790945079457
USER	Gauge Scenario	START	1790945079457
REQUEST		request_gauge	1790945079452	1790945079460	OK	 
USER	Gauge Scenario	END	1790945079461
USER	Timer Scenario	START	1790945079463
USER	Counter Scenario	START	1790945079463
USER	Gauge Scenario	START	1790945079463
USER	No Metrics Scenario	START	1790945079463
REQUEST		request_timer	1790945079462	1790945079465	OK	 
REQUEST		request_no_metrics	1790945079462	1790945079465	OK	 
REQUEST		request_gauge	1790945079462	1790945079465	OK	 
REQUEST		request_counter	1790945079462	1790945079465	OK	 
USER	Timer Scenario	END	1790945079465
USER	Gauge Scenario	END	1790945079465
USER	No Metrics Scenario	END	1790945079465
USER	Counter Scenario	END	1790945079465
USER	Gauge Scenario	START	1790945079479
USER	Timer Scenario	START	1790945079481
REQUEST		request_gauge	1790945079479	1790945079482	OK	 
USER	Gauge Scenario	END	1790945079482
REQUEST		request_timer	1790945079481	1790945079484	OK	 
USER	Timer Scenario	END	1790945079484
USER	Counter Scenario	START	1790945079494
USER	No Metrics Scenario	START	1790945079494
REQUEST		request_no_metrics	1790945079494	1790945079496	OK	 
REQUEST		request_counter	1790945079493	1790945079497	OK	 
USER	Counter Scenario	END	1790945079497
USER	No Metrics Scenario	END	1790945079497
USER	Counter Scenario	START	1790945079509
USER	No Metrics Scenario	START	1790945079509
USER	Gauge Scenario	START	1790945079509
USER	Timer Scenario	START	1790945079509
REQUEST		request_timer	1790945079509	1790945079511	OK	 
REQUEST		request_no_metrics	1790945079509	1790945079511	OK	 
REQUEST		request_counter	1790945079509	1790945079511	OK	 
REQUEST		request_gauge	1790945079509	1790945079511	OK	 
USER	No Metrics Scenario	END	1790945079511
USER	Timer Scenario	END	1790945079511
USER	Counter Scenario	END	1790945079511
USER	Gauge Scenario	END	1790945079511
USER	Gauge Scenario	START	1790945079525
USER	Counter Scenario	START	1790945079525
USER	No Metrics Scenario	START	1790945079525
REQUEST		request_no_metrics	1790945079525	1790945079527	OK	 
REQUEST		request_counter	1790945079525	1790945079527	OK	 
REQUEST		request_gauge	1790945079525	1790945079527	OK	 
USER	Counter Scenario	END	1790945079527
USER	No Metrics Scenario	END	1790945079527
USER	Gauge Scenario	END	1790945079527
USER	Timer Scenario	START	1790945079528
REQUEST		request_timer	1790945079527	1790945079530	OK	 
USER	Timer Scenario	END	1790945079530
USER	No Metrics Scenario	START	1790945079540
USER	Timer Scenario	START	1790945079540
USER	Gauge Scenario	START	1790945079540
REQUEST		request_no_metrics	1790945079539	1790945079542	OK	 
REQUEST		request_gauge	1790945079539	1790945079542	OK	 
USER	Gauge Scenario	END	1790945079542
USER	No Metrics Scenario	END	1790945079542
REQUEST		request_timer	1790945079539	1790945079542	OK	 
USER	Timer Scenario	END	1790945079543
USER	Counter Scenario	START	1790945079556
REQUEST		request_counter	1790945079555	1790945079560	OK	 
USER	Counter Scenario	END	1790945079560
USER	Counter Scenario	START	1790945079570
USER	Timer Scenario	START	1790945079570
USER	No Metrics Scenario	START	1790945079572
USER	Gauge Scenario	START	1790945079572
REQUEST		request_timer	1790945079570	1790945079573	OK	 
REQUEST		request_counter	1790945079570	1790945079573	OK	 
USER	Counter Scenario	END	1790945079573
USER	Timer Scenario	END	1790945079573
REQUEST		request_no_metrics	1790945079572	1790945079574	OK	 
REQUEST		request_gauge	1790945079572	1790945079574	OK	 
USER	No Metrics Scenario	END	1790945079574
USER	Gauge Scenario	END	1790945079574
USER	Timer Scenario	START	1790945079585
USER	No Metrics Scenario	START	1790945079585
REQUEST		request_no_metrics	1790945079585	1790945079587	OK	 
REQUEST		request_timer	1790945079585	1790945079587	OK	 
USER	No Metrics Scenario	END	1790945079588
USER	Timer Scenario	END	1790945079588
USER	Gauge Scenario	START	1790945079589
USER	Counter Scenario	START	1790945079589
REQUEST		request_counter	1790945079588	1790945079593	OK	 
REQUEST		request_gauge	1790945079588	1790945079593	OK	 
USER	Counter Scenario	END	1790945079593
USER	Gauge Scenario	END	1790945079593
USER	Gauge Scenario	START	1790945079601
USER	Timer Scenario	START	1790945079601
USER	No Metrics Scenario	START	1790945079601
REQUEST		request_timer	1790945079601	1790945079603	OK	 
REQUEST		request_no_metrics	1790945079601	1790945079603	OK	 
REQUEST		request_gauge	1790945079601	1790945079603	OK	 
USER	No Metrics Scenario	END	1790945079603
USER	Gauge Scenario	END	1790945079603
USER	Timer Scenario	END	1790945079603
USER	Counter Scenario	START	1790945079618
REQUEST		request_counter	1790945079617	1790945079621	OK	 
USER	Counter Scenario	END	1790945079621
USER	Counter Scenario	START	1790945079631
USER	Gauge Scenario	START	1790945079631
USER	No Metrics Scenario	START	1790945079631
USER	Timer Scenario	START	1790945079631
REQUEST		request_no_metrics	1790945079631	1790945079633	OK	 
USER	No Metrics Scenario	END	1790945079634
REQUEST		request_counter	1790945079631	1790945079634	OK	 
REQUEST		request_gauge	1790945079631	1790945079634	OK	 
USER	Gauge Scenario	END	1790945079634
USER	Counter Scenario	END	1790945079634
REQUEST		request_timer	1790945079631	1790945079634	OK	 
USER	Timer Scenario	END	1790945079636
USER	Timer Scenario	START	1790945079646
USER	Gauge Scenario	START	1790945079646
USER	No Metrics Scenario	START	1790945079646
REQUEST		request_no_metrics	1790945079646	1790945079648	OK	 
REQUEST		request_timer	1790945079646	1790945079648	OK	 
REQUEST		request_gauge	1790945079646	1790945079648	OK	 
USER	No Metrics Scenario	END	1790945079648
USER	Gauge Scenario	END	1790945079648
USER	Timer Scenario	END	1790945079648
USER	Counter Scenario	START	1790945079649
REQUEST		request_counter	1790945079649	1790945079651	OK	 
USER	Counter Scenario	END	1790945079652
USER	Timer Scenario	START	1790945079663
USER	Gauge Scenario	START	1790945079663
USER	No Metrics Scenario	START	1790945079663
REQUEST		request_timer	1790945079662	1790945079665	OK	 
REQUEST		request_no_metrics	1790945079662	1790945079665	OK	 
USER	Timer Scenario	END	1790945079665
USER	No Metrics Scenario	END	1790945079665
REQUEST		request_gauge	1790945079662	1790945079667	OK	 
USER	Gauge Scenario	END	1790945079667
USER	Counter Scenario	START	1790945079678
REQUEST		request_counter	1790945079677	1790945079682	OK	 
USER	Counter Scenario	END	1790945079682
USER	Timer Scenario	START	1790945079692
USER	No Metrics Scenario	START	1790945079692
REQUEST		request_timer	1790945079691	1790945079694	OK	 
REQUEST		request_no_metrics	1790945079691	1790945079694	OK	 
USER	Timer Scenario	END	1790945079694
USER	No Metrics Scenario	END	1790945079694
USER	Counter Scenario	START	1790945079695
USER	Gauge Scenario	START	1790945079695
REQUEST		request_gauge	1790945079694	1790945079698	OK	 
REQUEST		request_counter	1790945079694	1790945079698	OK	 
USER	Counter Scenario	END	1790945079699
USER	Gauge Scenario	END	1790945079699
USER	No Metrics Scenario	START	1790945079707
USER	Counter Scenario	START	1790945079707
USER	Gauge Scenario	START	1790945079707
USER	Timer Scenario	START	1790945079709
REQUEST		request_counter	1790945079707	1790945079709	OK	 
REQUEST		request_gauge	1790945079707	1790945079709	OK	 
USER	Counter Scenario	END	1790945079709
USER	Gauge Scenario	END	1790945079709
REQUEST		request_no_metrics	1790945079707	1790945079710	OK	 
USER	No Metrics Scenario	END	1790945079710
REQUEST		request_timer	1790945079708	1790945079711	OK	 
USER	Timer Scenario	END	1790945079711
USER	Timer Scenario	START	1790945079723
USER	No Metrics Scenario	START	1790945079723
USER	Gauge Scenario	START	1790945079723
REQUEST		request_no_metrics	1790945079722	1790945079724	OK	 
REQUEST		request_timer	1790945079722	1790945079724	OK	 
REQUEST		request_gauge	1790945079722	1790945079724	OK	 
USER	No Metrics Scenario	END	1790945079725
USER	Timer Scenario	END	1790945079725
USER	Gauge Scenario	END	1790945079725
USER	Counter Scenario	START	1790945079738
USER	Timer Scenario	START	1790945079738
REQUEST		request_counter	1790945079737	1790945079740	OK	 
REQUEST		request_timer	1790945079737	1790945079740	OK	 
USER	Counter Scenario	END	1790945079740
USER	Timer Scenario	END	1790945079740
USER	Gauge Scenario	START	1790945079753
USER	Counter Scenario	START	1790945079753
USER	No Metrics Scenario	START	1790945079753
REQUEST		request_counter	1790945079752	1790945079755	OK	 
REQUEST		request_no_metrics	1790945079752	1790945079755	OK	 
USER	Counter Scenario	END	1790945079755
USER	No Metrics Scenario	END	1790945079755
REQUEST		request_gauge	1790945079752	1790945079758	OK	 
USER	Gauge Scenario	END	1790945079759
USER	Counter Scenario	START	1790945079768
USER	Timer Scenario	START	1790945079768
USER	No Metrics Scenario	START	1790945079768
USER	Gauge Scenario	START	1790945079768
REQUEST		request_no_metrics	1790945079767	1790945079770	OK	 
REQUEST		request_counter	1790945079767	1790945079770	OK	 
REQUEST		request_gauge	1790945079768	1790945079770	OK	 
USER	Counter Scenario	END	1790945079770
USER	No Metrics Scenario	END	1790945079770
USER	Gauge Scenario	END	1790945079770
REQUEST		request_timer	1790945079767	1790945079771	OK	 
USER	Timer Scenario	END	1790945079771
USER	No Metrics Scenario	START	1790945079784
USER	Counter Scenario	START	1790945079784
USER	Gauge Scenario	START	1790945079785
REQUEST		request_counter	1790945079784	1790945079786	OK	 
USER	Counter Scenario	END	1790945079786
USER	Timer Scenario	START	1790945079787
REQUEST		request_no_metrics	1790945079783	1790945079787	OK	 
USER	No Metrics Scenario	END	1790945079788
REQUEST		request_gauge	1790945079785	1790945079789	OK	 
REQUEST		request_timer	1790945079787	1790945079789	OK	 
USER	Gauge Scenario	END	1790945079789
USER	Timer Scenario	END	1790945079789
USER	Gauge Scenario	START	1790945079799
USER	Timer Scenario	START	1790945079799
REQUEST		request_timer	1790945079798	1790945079801	OK	 
REQUEST		request_gauge	1790945079798	1790945079801	OK	 
USER	Timer Scenario	END	1790945079802
USER	Gauge Scenario	END	1790945079802
USER	No Metrics Scenario	START	1790945079814
USER	Counter Scenario	START	1790945079814
REQUEST		request_counter	1790945079814	1790945079817	OK	 
REQUEST		request_no_metrics	1790945079814	1790945079817	OK	 
USER	Counter Scenario	END	1790945079818
USER	No Metrics Scenario	END	1790945079818
USER	No Metrics Scenario	START	1790945079829
USER	Gauge Scenario	START	1790945079829
USER	Counter Scenario	START	1790945079829
USER	Timer Scenario	START	1790945079829
REQUEST		request_counter	1790945079829	1790945079831	OK	 
REQUEST		request_no_metrics	1790945079829	1790945079831	OK	 
REQUEST		request_gauge	1790945079829	1790945079831	OK	 
REQUEST		request_timer	1790945079829	1790945079831	OK	 
USER	Gauge Scenario	END	1790945079831
USER	Counter Scenario	END	1790945079831
USER	No Metrics Scenario	END	1790945079831
USER	Timer Scenario	END	1790945079831
USER	No Metrics Scenario	START	1790945079845
USER	Timer Scenario	START	1790945079845
USER	Gauge Scenario	START	1790945079845
REQUEST		request_timer	1790945079845	1790945079847	OK	 
REQUEST		request_no_metrics	1790945079845	1790945079847	OK	 
USER	No Metrics Scenario	END	1790945079847
USER	Timer Scenario	END	1790945079847
USER	Counter Scenario	START	1790945079848
REQUEST		request_gauge	1790945079845	1790945079849	OK	 
USER	Gauge Scenario	END	1790945079849
REQUEST		request_counter	1790945079847	1790945079850	OK	 
USER	Counter Scenario	END	1790945079850
USER	No Metrics Scenario	START	1790945079861
USER	Gauge Scenario	START	1790945079861
USER	Timer Scenario	START	1790945079861
REQUEST		request_gauge	1790945079860	1790945079863	OK	 
USER	Gauge Scenario	END	1790945079863
REQUEST		request_timer	1790945079860	1790945079864	OK	 
REQUEST		request_no_metrics	1790945079860	1790945079864	OK	 
USER	Timer Scenario	END	1790945079864
USER	No Metrics Scenario	END	1790945079864
USER	Counter Scenario	START	1790945079876
REQUEST		request_counter	1790945079876	1790945079879	OK	 
USER	Counter Scenario	END	1790945079879
USER	Counter Scenario	START	1790945079891
USER	No Metrics Scenario	START	1790945079891
USER	Gauge Scenario	START	1790945079893
USER	Timer Scenario	START	1790945079894
REQUEST		request_no_metrics	1790945079890	1790945079895	OK	 
REQUEST		request_timer	1790945079893	1790945079896	OK	 
USER	No Metrics Scenario	END	1790945079896
USER	Timer Scenario	END	1790945079896
REQUEST		request_counter	1790945079890	1790945079896	OK	 
USER	Counter Scenario	END	1790945079897
REQUEST		request_gauge	1790945079892	1790945079898	OK	 
USER	Gauge Scenario	END	1790945079899
USER	No Metrics Scenario	START	1790945079906
USER	Counter Scenario	START	1790945079906
USER	Timer Scenario	START	1790945079908
USER	Gauge Scenario	START	1790945079910
REQUEST		request_counter	1790945079906	1790945079910	OK	 
USER	Counter Scenario	END	1790945079911
REQUEST		request_no_metrics	1790945079906	1790945079911	OK	 
USER	No Metrics Scenario	END	1790945079912
REQUEST		request_timer	1790945079908	1790945079912	OK	 
USER	Timer Scenario	END	1790945079912
REQUEST		request_gauge	1790945079910	1790945079913	OK	 
USER	Gauge Scenario	END	1790945079913
USER	Timer Scenario	START	1790945079922
USER	No Metrics Scenario	START	1790945079922
USER	Gauge Scenario	START	1790945079922
REQUEST		request_no_metrics	1790945079922	1790945079924	OK	 
REQUEST		request_timer	1790945079921	1790945079924	OK	 
REQUEST		request_gauge	1790945079922	1790945079925	OK	 
USER	Gauge Scenario	END	1790945079925
USER	Timer Scenario	END	1790945079925
USER	No Metrics Scenario	END	1790945079925
USER	Counter Scenario	START	1790945079938
USER	Timer Scenario	START	1790945079938
REQUEST		request_counter	1790945079937	1790945079941	OK	 
REQUEST		request_timer	1790945079937	1790945079941	OK	 
USER	Counter Scenario	END	1790945079941
USER	Timer Scenario	END	1790945079941
USER	Counter Scenario	START	1790945079953
USER	Gauge Scenario	START	1790945079953
USER	No Metrics Scenario	START	1790945079953
REQUEST		request_no_metrics	1790945079953	1790945079955	OK	 
REQUEST		request_counter	1790945079953	1790945079955	OK	 
REQUEST		request_gauge	1790945079953	1790945079956	OK	 
USER	Gauge Scenario	END	1790945079956
USER	No Metrics Scenario	END	1790945079956
USER	Counter Scenario	END	1790945079956
USER	Gauge Scenario	START	1790945079969
USER	No Metrics Scenario	START	1790945079970
USER	Timer Scenario	START	1790945079970
REQUEST		request_no_metrics	1790945079969	1790945079971	OK	 
REQUEST		request_timer	1790945079969	1790945079971	OK	 
USER	Timer Scenario	END	1790945079972
USER	No Metrics Scenario	END	1790945079972
USER	Counter Scenario	START	1790945079972
REQUEST		request_gauge	1790945079968	1790945079973	OK	 
USER	Gauge Scenario	END	1790945079974
REQUEST		request_counter	1790945079972	1790945079975	OK	 
USER	Counter Scenario	END	1790945079975
USER	Counter Scenario	START	1790945079984
USER	No Metrics Scenario	START	1790945079984
USER	Timer Scenario	START	1790945079984
USER	Gauge Scenario	START	1790945079987
REQUEST		request_counter	1790945079984	1790945079987	OK	 
REQUEST		request_no_metrics	1790945079984	1790945079987	OK	 
USER	Counter Scenario	END	1790945079987
USER	No Metrics Scenario	END	1790945079987
REQUEST		request_timer	1790945079984	1790945079988	OK	 
USER	Timer Scenario	END	1790945079988
REQUEST		request_gauge	1790945079986	1790945079989	OK	 
USER	Gauge Scenario	END	1790945079990
USER	Gauge Scenario	START	1790945080000
USER	Timer Scenario	START	1790945080000
USER	No Metrics Scenario	START	1790945080000
REQUEST		request_no_metrics	1790945079999	1790945080002	OK	 
REQUEST		request_gauge	1790945079999	1790945080002	OK	 
USER	No Metrics Scenario	END	1790945080002
USER	Gauge Scenario	END	1790945080003
REQUEST		request_timer	1790945079999	1790945080003	OK	 
USER	Timer Scenario	END	1790945080003
USER	Counter Scenario	START	1790945080014
REQUEST		request_counter	1790945080014	1790945080018	OK	 
USER	Counter Scenario	END	1790945080019
USER	Gauge Scenario	START	1790945080029
USER	Counter Scenario	START	1790945080029
USER	Timer Scenario	START	1790945080030
REQUEST		request_counter	1790945080029	1790945080031	OK	 
USER	Counter Scenario	END	1790945080032
USER	No Metrics Scenario	START	1790945080032
REQUEST		request_timer	1790945080030	1790945080032	OK	 
USER	Timer Scenario	END	1790945080033
REQUEST		request_gauge	1790945080029	1790945080033	OK	 
USER	Gauge Scenario	END	1790945080033
REQUEST		request_no_metrics	1790945080032	1790945080034	OK	 
USER	No Metrics Scenario	END	1790945080035
USER	Gauge Scenario	START	1790945080045
USER	Counter Scenario	START	1790945080045
USER	No Metrics Scenario	START	1790945080045
USER	Timer Scenario	START	1790945080045
REQUEST		request_timer	1790945080045	1790945080047	OK	 
REQUEST		request_gauge	1790945080045	1790945080048	OK	 
REQUEST		request_counter	1790945080045	1790945080047	OK	 
USER	Timer Scenario	END	1790945080048
USER	Gauge Scenario	END	1790945080048
REQUEST		request_no_metrics	1790945080045	1790945080048	OK	 
USER	Counter Scenario	END	1790945080048
USER	No Metrics Scenario	END	1790945080048
USER	No Metrics Scenario	START	1790945080060
USER	Timer Scenario	START	1790945080060
REQUEST		request_no_metrics	1790945080059	1790945080063	OK	 
REQUEST		request_timer	1790945080059	1790945080063	OK	 
USER	No Metrics Scenario	END	1790945080063
USER	Timer Scenario	END	1790945080063
USER	Counter Scenario	START	1790945080077
USER	Gauge Scenario	START	1790945080077
REQUEST		request_counter	1790945080076	1790945080079	OK	 
REQUEST		request_gauge	1790945080076	1790945080079	OK	 
USER	Gauge Scenario	END	1790945080079
USER	Counter Scenario	END	1790945080080
USER	No Metrics Scenario	START	1790945080090
USER	Counter Scenario	START	1790945080090
USER	Timer Scenario	START	1790945080092
REQUEST		request_no_metrics	1790945080090	1790945080092	OK	 
USER	No Metrics Scenario	END	1790945080093
USER	Gauge Scenario	START	1790945080093
REQUEST		request_counter	1790945080090	1790945080096	OK	 
USER	Counter Scenario	END	1790945080096
REQUEST		request_gauge	1790945080093	1790945080097	OK	 
USER	Gauge Scenario	END	1790945080097
REQUEST		request_timer	1790945080092	1790945080098	OK	 
USER	Timer Scenario	END	1790945080098
USER	No Metrics Scenario	START	1790945080105
USER	Counter Scenario	START	1790945080105
USER	Timer Scenario	START	1790945080105
USER	Gauge Scenario	START	1790945080107
REQUEST		request_timer	1790945080105	1790945080107	OK	 
REQUEST		request_no_metrics	1790945080105	1790945080107	OK	 
REQUEST		request_counter	1790945080105	1790945080107	OK	 
USER	Counter Scenario	END	1790945080108
USER	Timer Scenario	END	1790945080108
USER	No Metrics Scenario	END	1790945080108
REQUEST		request_gauge	1790945080107	1790945080110	OK	 
USER	Gauge Scenario	END	1790945080111
USER	No Metrics Scenario	START	1790945080121
USER	Gauge Scenario	START	1790945080121
USER	Timer Scenario	START	1790945080121
REQUEST		request_gauge	1790945080120	1790945080123	OK	 
REQUEST		request_timer	1790945080120	1790945080123	OK	 
USER	Timer Scenario	END	1790945080123
USER	Gauge Scenario	END	1790945080123
REQUEST		request_no_metrics	1790945080120	1790945080124	OK	 
USER	No Metrics Scenario	END	1790945080124
USER	Counter Scenario	START	1790945080136
REQUEST		request_counter	1790945080135	1790945080139	OK	 
USER	Counter Scenario	END	1790945080140
USER	Timer Scenario	START	1790945080151
USER	Gauge Scenario	START	1790945080151
USER	Counter Scenario	START	1790945080151
USER	No Metrics Scenario	START	1790945080151
REQUEST		request_no_metrics	1790945080151	1790945080153	OK	 
REQUEST		request_counter	1790945080151	1790945080153	OK	 
REQUEST		request_gauge	1790945080151	1790945080153	OK	 
USER	No Metrics Scenario	END	1790945080154
USER	Counter Scenario	END	1790945080154
USER	Gauge Scenario	END	1790945080154
REQUEST		request_timer	1790945080151	1790945080154	OK	 
USER	Timer Scenario	END	1790945080154
USER	No Metrics Scenario	START	1790945080166
USER	Timer Scenario	START	1790945080166
USER	Counter Scenario	START	1790945080166
USER	Gauge Scenario	START	1790945080166
REQUEST		request_no_metrics	1790945080166	1790945080168	OK	 
REQUEST		request_counter	1790945080166	1790945080169	OK	 
USER	No Metrics Scenario	END	1790945080169
REQUEST		request_gauge	1790945080166	1790945080169	OK	 
USER	Counter Scenario	END	1790945080169
USER	Gauge Scenario	END	1790945080169
REQUEST		request_timer	1790945080166	1790945080170	OK	 
USER	Timer Scenario	END	1790945080170
USER	No Metrics Scenario	START	1790945080182
USER	Timer Scenario	START	1790945080182
USER	Gauge Scenario	START	1790945080182
REQUEST		request_no_metrics	1790945080181	1790945080184	OK	 
USER	No Metrics Scenario	END	1790945080184
REQUEST		request_gauge	1790945080182	1790945080184	OK	 
USER	Gauge Scenario	END	1790945080185
REQUEST		request_timer	1790945080181	1790945080185	OK	 
USER	Timer Scenario	END	1790945080185
USER	Counter Scenario	START	1790945080197
USER	Timer Scenario	START	1790945080197
USER	No Metrics Scenario	START	1790945080197
USER	Gauge Scenario	START	1790945080197
REQUEST		request_no_metrics	1790945080197	1790945080199	OK	 
REQUEST		request_timer	1790945080197	1790945080199	OK	 
REQUEST		request_counter	1790945080197	1790945080199	OK	 
REQUEST		request_gauge	1790945080197	1790945080199	OK	 
USER	No Metrics Scenario	END	1790945080199
USER	Counter Scenario	END	1790945080199
USER	Timer Scenario	END	1790945080199
USER	Gauge Scenario	END	1790945080199
USER	Counter Scenario	START	1790945080202
REQUEST		request_counter	1790945080202	1790945080206	OK	 
USER	Counter Scenario	END	1790945080207
USER	Timer Scenario	START	1790945080229
USER	Counter Scenario	START	1790945080229
USER	Gauge Scenario	START	1790945080229
USER	No Metrics Scenario	START	1790945080229
REQUEST		request_counter	1790945080228	1790945080231	OK	 
REQUEST		request_gauge	1790945080228	1790945080231	OK	 
USER	Counter Scenario	END	1790945080231
USER	Gauge Scenario	END	1790945080231
REQUEST		request_timer	1790945080228	1790945080231	OK	 
USER	Timer Scenario	END	1790945080232
REQUEST		request_no_metrics	1790945080228	1790945080232	OK	 
USER	No Metrics Scenario	END	1790945080232
USER	No Metrics Scenario	START	1790945080244
USER	Gauge Scenario	START	1790945080244
USER	Counter Scenario	START	1790945080245
REQUEST		request_counter	1790945080244	1790945080247	OK	 
REQUEST		request_no_metrics	1790945080244	1790945080247	OK	 
USER	Timer Scenario	START	1790945080247
USER	Counter Scenario	END	1790945080247
USER	No Metrics Scenario	END	1790945080247
REQUEST		request_gauge	1790945080244	1790945080248	OK	 
USER	Gauge Scenario	END	1790945080248
REQUEST		request_timer	1790945080246	1790945080250	OK	 
USER	Timer Scenario	END	1790945080251
USER	No Metrics Scenario	START	1790945080260
USER	Timer Scenario	START	1790945080260
USER	Gauge Scenario	START	1790945080260
REQUEST		request_no_metrics	1790945080259	1790945080262	OK	 
REQUEST		request_timer	1790945080259	1790945080262	OK	 
USER	No Metrics Scenario	END	1790945080262
USER	Timer Scenario	END	1790945080262
REQUEST		request_gauge	1790945080260	1790945080262	OK	 
USER	Gauge Scenario	END	1790945080262
USER	Counter Scenario	START	1790945080268
REQUEST		request_counter	1790945080268	1790945080277	OK	 
USER	Counter Scenario	END	1790945080278
USER	Counter Scenario	START	1790945080291
USER	Gauge Scenario	START	1790945080291
USER	No Metrics Scenario	START	1790945080293
REQUEST		request_counter	1790945080290	1790945080293	OK	 
REQUEST		request_gauge	1790945080290	1790945080294	OK	 
USER	Gauge Scenario	END	1790945080294
USER	Counter Scenario	END	1790945080294
USER	Timer Scenario	START	1790945080296
REQUEST		request_no_metrics	1790945080292	1790945080297	OK	 
USER	No Metrics Scenario	END	1790945080298
REQUEST		request_timer	1790945080295	1790945080298	OK	 
USER	Timer Scenario	END	1790945080298
USER	Counter Scenario	START	1790945080306
USER	Timer Scenario	START	1790945080306
USER	Gauge Scenario	START	1790945080306
USER	No Metrics Scenario	START	1790945080307
REQUEST		request_timer	1790945080306	1790945080308	OK	 
REQUEST		request_gauge	1790945080306	1790945080308	OK	 
USER	Gauge Scenario	END	1790945080309
USER	Timer Scenario	END	1790945080309
REQUEST		request_no_metrics	1790945080306	1790945080310	OK	 
REQUEST		request_counter	1790945080306	1790945080310	OK	 
USER	No Metrics Scenario	END	1790945080310
USER	Counter Scenario	END	1790945080310
USER	Counter Scenario	START	1790945080322
USER	Gauge Scenario	START	1790945080322
USER	Timer Scenario	START	1790945080322
REQUEST		request_counter	1790945080321	1790945080325	OK	 
USER	Counter Scenario	END	1790945080325
USER	No Metrics Scenario	START	1790945080325
REQUEST		request_gauge	1790945080321	1790945080325	OK	 
USER	Gauge Scenario	END	1790945080326
REQUEST		request_timer	1790945080322	1790945080326	OK	 
USER	Timer Scenario	END	1790945080326
REQUEST		request_no_metrics	1790945080325	1790945080328	OK	 
USER	No Metrics Scenario	END	1790945080328
USER	No Metrics Scenario	START	1790945080337
USER	Timer Scenario	START	1790945080337
REQUEST		request_no_metrics	1790945080336	1790945080338	OK	 
REQUEST		request_timer	1790945080336	1790945080338	OK	 
USER	Timer Scenario	END	1790945080339
USER	No Metrics Scenario	END	1790945080339
USER	Counter Scenario	START	1790945080352
USER	Gauge Scenario	START	1790945080352
REQUEST		request_counter	1790945080352	1790945080355	OK	 
REQUEST		request_gauge	1790945080352	1790945080355	OK	 
USER	Gauge Scenario	END	1790945080355
USER	Counter Scenario	END	1790945080355
USER	Counter Scenario	START	1790945080367
USER	Gauge Scenario	START	1790945080367
USER	No Metrics Scenario	START	1790945080367
USER	Timer Scenario	START	1790945080367
REQUEST		request_timer	1790945080367	1790945080370	OK	 
REQUEST		request_counter	1790945080367	1790945080370	OK	 
REQUEST		request_no_metrics	1790945080367	1790945080370	OK	 
REQUEST		request_gauge	1790945080367	1790945080370	OK	 
USER	Timer Scenario	END	1790945080370
USER	Counter Scenario	END	1790945080370
USER	Gauge Scenario	END	1790945080370
USER	No Metrics Scenario	END	1790945080370
USER	Gauge Scenario	START	1790945080382
USER	Timer Scenario	START	1790945080382
USER	Counter Scenario	START	1790945080383
USER	No Metrics Scenario	START	1790945080383
REQUEST		request_counter	1790945080382	1790945080385	OK	 
USER	Counter Scenario	END	1790945080385
REQUEST		request_gauge	1790945080381	1790945080386	OK	 
USER	Gauge Scenario	END	1790945080386
REQUEST		request_timer	1790945080381	1790945080387	OK	 
USER	Timer Scenario	END	1790945080387
REQUEST		request_no_metrics	1790945080382	1790945080388	OK	 
USER	No Metrics Scenario	END	1790945080388
USER	Gauge Scenario	START	1790945080397
USER	No Metrics Scenario	START	1790945080398
REQUEST		request_no_metrics	1790945080397	1790945080400	OK	 
REQUEST		request_gauge	1790945080397	1790945080400	OK	 
USER	No Metrics Scenario	END	1790945080400
USER	Gauge Scenario	END	1790945080400
USER	Timer Scenario	START	1790945080412
USER	Counter Scenario	START	1790945080412
REQUEST		request_counter	1790945080412	1790945080415	OK	 
REQUEST		request_timer	1790945080412	1790945080415	OK	 
USER	Timer Scenario	END	1790945080415
USER	Counter Scenario	END	1790945080415
USER	No Metrics Scenario	START	1790945080427
USER	Counter Scenario	START	1790945080427
USER	Timer Scenario	START	1790945080429
USER	Gauge Scenario	START	1790945080429
REQUEST		request_counter	1790945080427	1790945080429	OK	 
USER	Counter Scenario	END	1790945080429
REQUEST		request_timer	1790945080428	1790945080430	OK	 
REQUEST		request_gauge	1790945080428	1790945080430	OK	 
USER	Gauge Scenario	END	1790945080431
USER	Timer Scenario	END	1790945080431
REQUEST		request_no_metrics	1790945080426	1790945080432	OK	 
USER	No Metrics Scenario	END	1790945080433
USER	No Metrics Scenario	START	1790945080442
USER	Gauge Scenario	START	1790945080442
USER	Counter Scenario	START	1790945080442
USER	Timer Scenario	START	1790945080442
REQUEST		request_no_metrics	1790945080442	1790945080444	OK	 
REQUEST		request_gauge	1790945080441	1790945080444	OK	 
REQUEST		request_timer	1790945080441	1790945080444	OK	 
USER	Gauge Scenario	END	1790945080444
USER	Timer Scenario	END	1790945080444
USER	No Metrics Scenario	END	1790945080444
REQUEST		request_counter	1790945080441	1790945080445	OK	 
USER	Counter Scenario	END	1790945080445
USER	No Metrics Scenario	START	1790945080457
USER	Timer Scenario	START	1790945080457
REQUEST		request_no_metrics	1790945080457	1790945080459	OK	 
USER	No Metrics Scenario	END	1790945080460
REQUEST		request_timer	1790945080457	1790945080460	OK	 
USER	Timer Scenario	END	1790945080460
USER	Counter Scenario	START	1790945080472
USER	Gauge Scenario	START	1790945080473
REQUEST		request_counter	1790945080472	1790945080474	OK	 
REQUEST		request_gauge	1790945080472	1790945080474	OK	 
USER	Counter Scenario	END	1790945080475
USER	Gauge Scenario	END	1790945080475
USER	Timer Scenario	START	1790945080488
USER	Counter Scenario	START	1790945080488
USER	No Metrics Scenario	START	1790945080488
USER	Gauge Scenario	START	1790945080490
REQUEST		request_no_metrics	1790945080488	1790945080490	OK	 
REQUEST		request_timer	1790945080487	1790945080490	OK	 
USER	No Metrics Scenario	END	1790945080491
USER	Timer Scenario	END	1790945080491
REQUEST		request_gauge	1790945080489	1790945080491	OK	 
USER	Gauge Scenario	END	1790945080491
REQUEST		request_counter	1790945080487	1790945080492	OK	 
USER	Counter Scenario	END	1790945080492
USER	Timer Scenario	START	1790945080504
USER	No Metrics Scenario	START	1790945080504
USER	Gauge Scenario	START	1790945080504
REQUEST		request_timer	1790945080503	1790945080506	OK	 
USER	Counter Scenario	START	1790945080506
USER	Timer Scenario	END	1790945080506
REQUEST		request_no_metrics	1790945080503	1790945080507	OK	 
USER	No Metrics Scenario	END	1790945080507
REQUEST		request_counter	1790945080506	1790945080508	OK	 
USER	Counter Scenario	END	1790945080509
REQUEST		request_gauge	1790945080504	1790945080511	OK	 
USER	Gauge Scenario	END	1790945080512
USER	Timer Scenario	START	1790945080519
USER	Counter Scenario	START	1790945080519
USER	No Metrics Scenario	START	1790945080519
USER	Gauge Scenario	START	1790945080519
REQUEST		request_counter	1790945080519	1790945080521	OK	 
REQUEST		request_gauge	1790945080519	1790945080521	OK	 
USER	Counter Scenario	END	1790945080521
REQUEST		request_no_metrics	1790945080519	1790945080521	OK	 
USER	Gauge Scenario	END	1790945080521
USER	No Metrics Scenario	END	1790945080521
REQUEST		request_timer	1790945080518	1790945080521	OK	 
USER	Timer Scenario	END	1790945080522
USER	Counter Scenario	START	1790945080550
USER	Gauge Scenario	START	1790945080550
USER	No Metrics Scenario	START	1790945080550
USER	Timer Scenario	START	1790945080551
REQUEST		request_counter	1790945080550	1790945080552	OK	 
USER	Counter Scenario	END	1790945080553
REQUEST		request_no_metrics	1790945080550	1790945080553	OK	 
REQUEST		request_timer	1790945080551	1790945080553	OK	 
USER	No Metrics Scenario	END	1790945080553
USER	Timer Scenario	END	1790945080553
REQUEST		request_gauge	1790945080550	1790945080554	OK	 
USER	Gauge Scenario	END	1790945080555
USER	Timer Scenario	START	1790945080566
USER	Gauge Scenario	START	1790945080566
USER	Counter Scenario	START	1790945080567
REQUEST		request_gauge	1790945080566	1790945080569	OK	 
USER	Gauge Scenario	END	1790945080569
REQUEST		request_counter	1790945080567	1790945080569	OK	 
USER	Counter Scenario	END	1790945080570
USER	No Metrics Scenario	START	1790945080571
REQUEST		request_timer	1790945080566	1790945080571	OK	 
USER	Timer Scenario	END	1790945080572
REQUEST		request_no_metrics	1790945080570	1790945080574	OK	 
USER	No Metrics Scenario	END	1790945080575
USER	Gauge Scenario	START	1790945080581
USER	No Metrics Scenario	START	1790945080581
USER	Timer Scenario	START	1790945080582
USER	Counter Scenario	START	1790945080583
REQUEST		request_timer	1790945080581	1790945080584	OK	 
REQUEST		request_counter	1790945080582	1790945080584	OK	 
USER	Timer Scenario	END	1790945080585
USER	Counter Scenario	END	1790945080585
REQUEST		request_no_metrics	1790945080581	1790945080586	OK	 
USER	No Metrics Scenario	END	1790945080587
REQUEST		request_gauge	1790945080581	1790945080588	OK	 
USER	Gauge Scenario	END	1790945080588
USER	No Metrics Scenario	START	1790945080612
USER	Gauge Scenario	START	1790945080612
USER	Counter Scenario	START	1790945080612
REQUEST		request_no_metrics	1790945080611	1790945080614	OK	 
REQUEST		request_gauge	1790945080611	1790945080614	OK	 
USER	No Metrics Scenario	END	1790945080614
USER	Gauge Scenario	END	1790945080614
USER	Timer Scenario	START	1790945080614
REQUEST		request_counter	1790945080611	1790945080614	OK	 
USER	Counter Scenario	END	1790945080614
REQUEST		request_timer	1790945080613	1790945080616	OK	 
USER	Timer Scenario	END	1790945080616
USER	Counter Scenario	START	1790945080628
USER	Gauge Scenario	START	1790945080628
REQUEST		request_counter	1790945080627	1790945080630	OK	 
REQUEST		request_gauge	1790945080628	1790945080630	OK	 
USER	Gauge Scenario	END	1790945080630
USER	Counter Scenario	END	1790945080630
USER	No Metrics Scenario	START	1790945080631
USER	Timer Scenario	START	1790945080632
REQUEST		request_no_metrics	1790945080630	1790945080632	OK	 
USER	No Metrics Scenario	END	1790945080633
REQUEST		request_timer	1790945080630	1790945080634	OK	 
USER	Timer Scenario	END	1790945080635
USER	Counter Scenario	START	1790945080643
USER	No Metrics Scenario	START	1790945080643
USER	Gauge Scenario	START	1790945080643
USER	Timer Scenario	START	1790945080643
REQUEST		request_no_metrics	1790945080643	1790945080645	OK	 
REQUEST		request_timer	1790945080643	1790945080645	OK	 
REQUEST		request_counter	1790945080643	1790945080645	OK	 
REQUEST		request_gauge	1790945080643	1790945080645	OK	 
USER	Counter Scenario	END	1790945080645
USER	Timer Scenario	END	1790945080645
USER	No Metrics Scenario	END	1790945080645
USER	Gauge Scenario	END	1790945080645
USER	Counter Scenario	START	1790945080659
USER	Timer Scenario	START	1790945080659
USER	No Metrics Scenario	START	1790945080659
REQUEST		request_no_metrics	1790945080658	1790945080662	OK	 
REQUEST		request_counter	1790945080658	1790945080662	OK	 
REQUEST		request_timer	1790945080658	1790945080662	OK	 
USER	No Metrics Scenario	END	1790945080663
USER	Counter Scenario	END	1790945080663
USER	Timer Scenario	END	1790945080663
USER	Gauge Scenario	START	1790945080666
REQUEST		request_gauge	1790945080666	1790945080669	OK	 
USER	Gauge Scenario	END	1790945080669
USER	Timer Scenario	START	1790945080690
USER	Counter Scenario	START	1790945080690
USER	Gauge Scenario	START	1790945080690
USER	No Metrics Scenario	START	1790945080690
REQUEST		request_no_metrics	1790945080689	1790945080692	OK	 
USER	No Metrics Scenario	END	1790945080693
REQUEST		request_timer	1790945080689	1790945080693	OK	 
REQUEST		request_counter	1790945080689	1790945080693	OK	 
USER	Counter Scenario	END	1790945080693
USER	Timer Scenario	END	1790945080693
REQUEST		request_gauge	1790945080689	1790945080693	OK	 
USER	Gauge Scenario	END	1790945080694
USER	Timer Scenario	START	1790945080706
USER	Gauge Scenario	START	1790945080706
USER	No Metrics Scenario	START	1790945080706
USER	Counter Scenario	START	1790945080706
REQUEST		request_counter	1790945080705	1790945080708	OK	 
REQUEST		request_timer	1790945080705	1790945080708	OK	 
USER	Counter Scenario	END	1790945080708
USER	Timer Scenario	END	1790945080708
REQUEST		request_gauge	1790945080705	1790945080708	OK	 
REQUEST		request_no_metrics	1790945080705	1790945080708	OK	 
USER	Gauge Scenario	END	1790945080708
USER	No Metrics Scenario	END	1790945080708
USER	Counter Scenario	START	1790945080721
USER	Gauge Scenario	START	1790945080721
USER	No Metrics Scenario	START	1790945080721
USER	Timer Scenario	START	1790945080721
REQUEST		request_no_metrics	1790945080720	1790945080723	OK	 
REQUEST		request_timer	1790945080720	1790945080723	OK	 
REQUEST		request_gauge	1790945080720	1790945080723	OK	 
USER	Gauge Scenario	END	1790945080723
USER	No Metrics Scenario	END	1790945080723
REQUEST		request_counter	1790945080720	1790945080723	OK	 
USER	Timer Scenario	END	1790945080723
USER	Counter Scenario	END	1790945080723
USER	Counter Scenario	START	1790945080751
USER	No Metrics Scenario	START	1790945080751
USER	Timer Scenario	START	1790945080752
REQUEST		request_timer	1790945080752	1790945080754	OK	 
USER	Timer Scenario	END	1790945080754
USER	Gauge Scenario	START	1790945080754
REQUEST		request_counter	1790945080751	1790945080755	OK	 
REQUEST		request_no_metrics	1790945080751	1790945080755	OK	 
USER	Counter Scenario	END	1790945080756
USER	No Metrics Scenario	END	1790945080756
REQUEST		request_gauge	1790945080754	1790945080757	OK	 
USER	Gauge Scenario	END	1790945080757
USER	Counter Scenario	START	1790945080767
USER	Gauge Scenario	START	1790945080767
USER	No Metrics Scenario	START	1790945080767
USER	Timer Scenario	START	1790945080767
REQUEST		request_no_metrics	1790945080767	1790945080769	OK	 
USER	No Metrics Scenario	END	1790945080770
REQUEST		request_gauge	1790945080767	1790945080770	OK	 
REQUEST		request_counter	1790945080767	1790945080770	OK	 
USER	Counter Scenario	END	1790945080770
USER	Gauge Scenario	END	1790945080770
REQUEST		request_timer	1790945080767	1790945080771	OK	 
USER	Timer Scenario	END	1790945080771
USER	Timer Scenario	START	1790945080782
USER	Counter Scenario	START	1790945080782
USER	Gauge Scenario	START	1790945080783
USER	No Metrics Scenario	START	1790945080783
REQUEST		request_no_metrics	1790945080782	1790945080784	OK	 
REQUEST		request_timer	1790945080782	1790945080784	OK	 
REQUEST		request_counter	1790945080782	1790945080784	OK	 
REQUEST		request_gauge	1790945080782	1790945080784	OK	 
USER	Timer Scenario	END	1790945080784
USER	Counter Scenario	END	1790945080784
USER	No Metrics Scenario	END	1790945080784
USER	Gauge Scenario	END	1790945080784
USER	No Metrics Scenario	START	1790945080797
USER	Timer Scenario	START	1790945080797
USER	Gauge Scenario	START	1790945080797
REQUEST		request_no_metrics	1790945080797	1790945080799	OK	 
REQUEST		request_timer	1790945080797	1790945080799	OK	 
REQUEST		request_gauge	1790945080797	1790945080799	OK	 
USER	Timer Scenario	END	1790945080799
USER	Gauge Scenario	END	1790945080799
USER	No Metrics Scenario	END	1790945080800
USER	Counter Scenario	START	1790945080800
REQUEST		request_counter	1790945080799	1790945080802	OK	 
USER	Counter Scenario	END	1790945080802
USER	Timer Scenario	START	1790945080828
USER	No Metrics Scenario	START	1790945080829
USER	Gauge Scenario	START	1790945080829
USER	Counter Scenario	START	1790945080829
REQUEST		request_no_metrics	1790945080828	1790945080830	OK	 
REQUEST		request_gauge	1790945080828	1790945080831	OK	 
USER	Gauge Scenario	END	1790945080831
USER	No Metrics Scenario	END	1790945080831
REQUEST		request_timer	1790945080827	1790945080831	OK	 
USER	Timer Scenario	END	1790945080831
REQUEST		request_counter	1790945080828	1790945080831	OK	 
USER	Counter Scenario	END	1790945080831
USER	Gauge Scenario	START	1790945080843
USER	Counter Scenario	START	1790945080843
USER	No Metrics Scenario	START	1790945080843
USER	Timer Scenario	START	1790945080843
REQUEST		request_timer	1790945080843	1790945080845	OK	 
REQUEST		request_gauge	1790945080843	1790945080846	OK	 
USER	Gauge Scenario	END	1790945080846
USER	Timer Scenario	END	1790945080846
REQUEST		request_no_metrics	1790945080843	1790945080846	OK	 
USER	No Metrics Scenario	END	1790945080846
REQUEST		request_counter	1790945080843	1790945080846	OK	 
USER	Counter Scenario	END	1790945080846
USER	Gauge Scenario	START	1790945080859
USER	Counter Scenario	START	1790945080859
USER	Timer Scenario	START	1790945080859
USER	No Metrics Scenario	START	1790945080861
REQUEST		request_gauge	1790945080858	1790945080862	OK	 
REQUEST		request_counter	1790945080858	1790945080862	OK	 
REQUEST		request_timer	1790945080858	1790945080862	OK	 
USER	Gauge Scenario	END	1790945080862
USER	Counter Scenario	END	1790945080862
USER	Timer Scenario	END	1790945080862
REQUEST		request_no_metrics	1790945080860	1790945080864	OK	 
USER	No Metrics Scenario	END	1790945080870
USER	Timer Scenario	START	1790945080889
USER	Gauge Scenario	START	1790945080889
USER	Counter Scenario	START	1790945080889
USER	No Metrics Scenario	START	1790945080889
REQUEST		request_timer	1790945080889	1790945080891	OK	 
REQUEST		request_counter	1790945080889	1790945080891	OK	 
REQUEST		request_gauge	1790945080889	1790945080891	OK	 
REQUEST		request_no_metrics	1790945080889	1790945080891	OK	 
USER	Counter Scenario	END	1790945080892
USER	Gauge Scenario	END	1790945080892
USER	No Metrics Scenario	END	1790945080892
USER	Timer Scenario	END	1790945080892
USER	No Metrics Scenario	START	1790945080905
USER	Timer Scenario	START	1790945080905
USER	Counter Scenario	START	1790945080905
USER	Gauge Scenario	START	1790945080906
REQUEST		request_no_metrics	1790945080905	1790945080908	OK	 
REQUEST		request_counter	1790945080905	1790945080908	OK	 
USER	No Metrics Scenario	END	1790945080908
USER	Counter Scenario	END	1790945080908
REQUEST		request_timer	1790945080905	1790945080908	OK	 
USER	Timer Scenario	END	1790945080909
REQUEST		request_gauge	1790945080905	1790945080911	OK	 
USER	Gauge Scenario	END	1790945080912
USER	No Metrics Scenario	START	1790945080921
USER	Counter Scenario	START	1790945080921
USER	Timer Scenario	START	1790945080921
USER	Gauge Scenario	START	1790945080923
REQUEST		request_no_metrics	1790945080920	1790945080923	OK	 
USER	No Metrics Scenario	END	1790945080923
REQUEST		request_timer	1790945080920	1790945080923	OK	 
USER	Timer Scenario	END	1790945080923
REQUEST		request_gauge	1790945080922	1790945080925	OK	 
USER	Gauge Scenario	END	1790945080926
REQUEST		request_counter	1790945080920	1790945080927	OK	 
USER	Counter Scenario	END	1790945080927
USER	No Metrics Scenario	START	1790945080952
USER	Counter Scenario	START	1790945080953
USER	Gauge Scenario	START	1790945080953
USER	Timer Scenario	START	1790945080954
REQUEST		request_counter	1790945080953	1790945080956	OK	 
REQUEST		request_gauge	1790945080953	1790945080956	OK	 
USER	Gauge Scenario	END	1790945080956
USER	Counter Scenario	END	1790945080956
REQUEST		request_timer	1790945080953	1790945080957	OK	 
USER	Timer Scenario	END	1790945080957
REQUEST		request_no_metrics	1790945080952	1790945080957	OK	 
USER	No Metrics Scenario	END	1790945080957
USER	Gauge Scenario	START	1790945080967
USER	Counter Scenario	START	1790945080967
USER	Timer Scenario	START	1790945080967
USER	No Metrics Scenario	START	1790945080969
REQUEST		request_counter	1790945080967	1790945080970	OK	 
REQUEST		request_gauge	1790945080967	1790945080970	OK	 
USER	Counter Scenario	END	1790945080970
USER	Gauge Scenario	END	1790945080970
REQUEST		request_no_metrics	1790945080968	1790945080971	OK	 
REQUEST		request_timer	1790945080967	1790945080971	OK	 
USER	Timer Scenario	END	1790945080972
USER	No Metrics Scenario	END	1790945080972
USER	Gauge Scenario	START	1790945080983
USER	No Metrics Scenario	START	1790945080983
USER	Counter Scenario	START	1790945080983
USER	Timer Scenario	START	1790945080984
REQUEST		request_gauge	1790945080982	1790945080985	OK	 
REQUEST		request_no_metrics	1790945080982	1790945080985	OK	 
REQUEST		request_counter	1790945080983	1790945080985	OK	 
REQUEST		request_timer	1790945080983	1790945080985	OK	 
USER	Timer Scenario	END	1790945080985
USER	Counter Scenario	END	1790945080985
USER	No Metrics Scenario	END	1790945080985
USER	Gauge Scenario	END	1790945080986
USER	No Metrics Scenario	START	1790945080998
USER	Timer Scenario	START	1790945080999
USER	Gauge Scenario	START	1790945081000
REQUEST		request_timer	1790945080999	1790945081002	OK	 
REQUEST		request_no_metrics	1790945080997	1790945081002	OK	 
USER	No Metrics Scenario	END	1790945081002
USER	Timer Scenario	END	1790945081002
REQUEST		request_gauge	1790945081000	1790945081002	OK	 
USER	Gauge Scenario	END	1790945081006
USER	Counter Scenario	START	1790945081015
REQUEST		request_counter	1790945081014	1790945081018	OK	 
USER	Counter Scenario	END	1790945081018
USER	No Metrics Scenario	START	1790945081029
USER	Counter Scenario	START	1790945081030
USER	Gauge Scenario	START	1790945081030
USER	Timer Scenario	START	1790945081030
REQUEST		request_no_metrics	1790945081029	1790945081032	OK	 
REQUEST		request_timer	1790945081029	1790945081032	OK	 
USER	No Metrics Scenario	END	1790945081033
USER	Timer Scenario	END	1790945081033
REQUEST		request_gauge	1790945081029	1790945081033	OK	 
REQUEST		request_counter	1790945081029	1790945081033	OK	 
USER	Gauge Scenario	END	1790945081033
USER	Counter Scenario	END	1790945081034
USER	Counter Scenario	START	1790945081044
USER	Gauge Scenario	START	1790945081044
USER	No Metrics Scenario	START	1790945081044
USER	Timer Scenario	START	1790945081046
REQUEST		request_counter	1790945081044	1790945081047	OK	 
REQUEST		request_no_metrics	1790945081044	1790945081047	OK	 
REQUEST		request_gauge	1790945081044	1790945081047	OK	 
USER	Counter Scenario	END	1790945081047
USER	No Metrics Scenario	END	1790945081047
USER	Gauge Scenario	END	1790945081047
REQUEST		request_timer	1790945081046	1790945081049	OK	 
USER	Timer Scenario	END	1790945081049
USER	No Metrics Scenario	START	1790945081060
USER	Timer Scenario	START	1790945081060
USER	Gauge Scenario	START	1790945081060
USER	Counter Scenario	START	1790945081060
REQUEST		request_timer	1790945081059	1790945081062	OK	 
USER	Timer Scenario	END	1790945081062
REQUEST		request_gauge	1790945081059	1790945081063	OK	 
USER	Gauge Scenario	END	1790945081064
REQUEST		request_counter	1790945081059	1790945081064	OK	 
USER	Counter Scenario	END	1790945081065
REQUEST		request_no_metrics	1790945081059	1790945081068	OK	 
USER	No Metrics Scenario	END	1790945081069
USER	Gauge Scenario	START	1790945081091
USER	Counter Scenario	START	1790945081091
USER	No Metrics Scenario	START	1790945081091
USER	Timer Scenario	START	1790945081091
REQUEST		request_timer	1790945081090	1790945081093	OK	 
REQUEST		request_no_metrics	1790945081090	1790945081093	OK	 
REQUEST		request_gauge	1790945081090	1790945081093	OK	 
USER	No Metrics Scenario	END	1790945081093
USER	Timer Scenario	END	1790945081093
REQUEST		request_counter	1790945081090	1790945081093	OK	 
USER	Gauge Scenario	END	1790945081093
USER	Counter Scenario	END	1790945081093
USER	Gauge Scenario	START	1790945081105
USER	Counter Scenario	START	1790945081105
USER	No Metrics Scenario	START	1790945081107
REQUEST		request_counter	1790945081105	1790945081107	OK	 
REQUEST		request_gauge	1790945081105	1790945081107	OK	 
USER	Gauge Scenario	END	1790945081108
USER	Counter Scenario	END	1790945081108
USER	Timer Scenario	START	1790945081109
REQUEST		request_no_metrics	1790945081105	1790945081110	OK	 
USER	No Metrics Scenario	END	1790945081110
REQUEST		request_timer	1790945081107	1790945081111	OK	 
USER	Timer Scenario	END	1790945081112
USER	Counter Scenario	START	1790945081121
USER	No Metrics Scenario	START	1790945081121
USER	Timer Scenario	START	1790945081122
USER	Gauge Scenario	START	1790945081122
REQUEST		request_counter	1790945081120	1790945081123	OK	 
USER	Counter Scenario	END	1790945081124
REQUEST		request_no_metrics	1790945081120	1790945081124	OK	 
USER	No Metrics Scenario	END	1790945081124
REQUEST		request_timer	1790945081122	1790945081125	OK	 
REQUEST		request_gauge	1790945081122	1790945081125	OK	 
USER	Timer Scenario	END	1790945081125
USER	Gauge Scenario	END	1790945081125
USER	Counter Scenario	START	1790945081151
USER	No Metrics Scenario	START	1790945081151
USER	Gauge Scenario	START	1790945081152
USER	Timer Scenario	START	1790945081153
REQUEST		request_gauge	1790945081151	1790945081154	OK	 
USER	Gauge Scenario	END	1790945081154
REQUEST		request_counter	1790945081151	1790945081154	OK	 
REQUEST		request_no_metrics	1790945081151	1790945081154	OK	 
USER	No Metrics Scenario	END	1790945081154
USER	Counter Scenario	END	1790945081155
REQUEST		request_timer	1790945081153	1790945081156	OK	 
USER	Timer Scenario	END	1790945081157
USER	Timer Scenario	START	1790945081166
USER	No Metrics Scenario	START	1790945081166
REQUEST		request_no_metrics	1790945081166	1790945081168	OK	 
REQUEST		request_timer	1790945081166	1790945081169	OK	 
USER	Timer Scenario	END	1790945081169
USER	No Metrics Scenario	END	1790945081169
USER	Counter Scenario	START	1790945081170
USER	Gauge Scenario	START	1790945081170
REQUEST		request_counter	1790945081169	1790945081172	OK	 
REQUEST		request_gauge	1790945081170	1790945081173	OK	 
USER	Counter Scenario	END	1790945081173
USER	Gauge Scenario	END	1790945081173
USER	Counter Scenario	START	1790945081181
USER	Timer Scenario	START	1790945081181
USER	No Metrics Scenario	START	1790945081182
USER	Gauge Scenario	START	1790945081182
REQUEST		request_gauge	1790945081181	1790945081183	OK	 
REQUEST		request_no_metrics	1790945081181	1790945081183	OK	 
USER	Gauge Scenario	END	1790945081183
REQUEST		request_timer	1790945081181	1790945081183	OK	 
REQUEST		request_counter	1790945081181	1790945081184	OK	 
USER	Timer Scenario	END	1790945081184
USER	Counter Scenario	END	1790945081184
USER	No Metrics Scenario	END	1790945081184
USER	Timer Scenario	START	1790945081211
USER	Gauge Scenario	START	1790945081211
USER	No Metrics Scenario	START	1790945081211
USER	Counter Scenario	START	1790945081211
REQUEST		request_no_metrics	1790945081210	1790945081214	OK	 
REQUEST		request_timer	1790945081210	1790945081214	OK	 
REQUEST		request_counter	1790945081210	1790945081214	OK	 
USER	No Metrics Scenario	END	1790945081214
USER	Timer Scenario	END	1790945081214
USER	Counter Scenario	END	1790945081214
REQUEST		request_gauge	1790945081210	1790945081216	OK	 
USER	Gauge Scenario	END	1790945081217
USER	Timer Scenario	START	1790945081217
REQUEST		request_timer	1790945081217	1790945081221	OK	 
USER	Timer Scenario	END	1790945081221
USER	Gauge Scenario	START	1790945081227
USER	No Metrics Scenario	START	1790945081227
USER	Counter Scenario	START	1790945081228
REQUEST		request_no_metrics	1790945081226	1790945081229	OK	 
USER	No Metrics Scenario	END	1790945081229
REQUEST		request_counter	1790945081227	1790945081229	OK	 
REQUEST		request_gauge	1790945081226	1790945081229	OK	 
USER	Counter Scenario	END	1790945081230
USER	Gauge Scenario	END	1790945081230
USER	Gauge Scenario	START	1790945081241
USER	Counter Scenario	START	1790945081241
USER	Timer Scenario	START	1790945081241
USER	No Metrics Scenario	START	1790945081241
REQUEST		request_no_metrics	1790945081241	1790945081244	OK	 
USER	No Metrics Scenario	END	1790945081244
REQUEST		request_gauge	1790945081241	1790945081245	OK	 
REQUEST		request_counter	1790945081241	1790945081245	OK	 
USER	Gauge Scenario	END	1790945081245
USER	Counter Scenario	END	1790945081245
REQUEST		request_timer	1790945081241	1790945081245	OK	 
USER	Timer Scenario	END	1790945081246
USER	Gauge Scenario	START	1790945081257
USER	Counter Scenario	START	1790945081257
REQUEST		request_counter	1790945081257	1790945081259	OK	 
USER	Counter Scenario	END	1790945081260
REQUEST		request_gauge	1790945081257	1790945081260	OK	 
USER	Gauge Scenario	END	1790945081261
USER	No Metrics Scenario	START	1790945081273
USER	Timer Scenario	START	1790945081273
REQUEST		request_no_metrics	1790945081272	1790945081275	OK	 
USER	No Metrics Scenario	END	1790945081275
REQUEST		request_timer	1790945081272	1790945081276	OK	 
USER	Timer Scenario	END	1790945081276
USER	Counter Scenario	START	1790945081277
REQUEST		request_counter	1790945081277	1790945081280	OK	 
USER	Counter Scenario	END	1790945081280
USER	No Metrics Scenario	START	1790945081288
USER	Gauge Scenario	START	1790945081288
USER	Timer Scenario	START	1790945081288
REQUEST		request_no_metrics	1790945081288	1790945081290	OK	 
REQUEST		request_timer	1790945081288	1790945081290	OK	 
USER	Timer Scenario	END	1790945081291
USER	No Metrics Scenario	END	1790945081291
REQUEST		request_gauge	1790945081288	1790945081291	OK	 
USER	Gauge Scenario	END	1790945081291
USER	Gauge Scenario	START	1790945081304
USER	No Metrics Scenario	START	1790945081304
USER	Timer Scenario	START	1790945081304
REQUEST		request_no_metrics	1790945081303	1790945081305	OK	 
REQUEST		request_gauge	1790945081303	1790945081305	OK	 
USER	No Metrics Scenario	END	1790945081306
USER	Gauge Scenario	END	1790945081306
REQUEST		request_timer	1790945081303	1790945081307	OK	 
USER	Counter Scenario	START	1790945081307
USER	Timer Scenario	END	1790945081307
REQUEST		request_counter	1790945081306	1790945081309	OK	 
USER	Counter Scenario	END	1790945081309
USER	Counter Scenario	START	1790945081319
USER	No Metrics Scenario	START	1790945081319
USER	Timer Scenario	START	1790945081319
USER	Gauge Scenario	START	1790945081320
REQUEST		request_counter	1790945081318	1790945081322	OK	 
REQUEST		request_timer	1790945081318	1790945081322	OK	 
USER	Timer Scenario	END	1790945081323
USER	Counter Scenario	END	1790945081323
REQUEST		request_gauge	1790945081320	1790945081323	OK	 
USER	Gauge Scenario	END	1790945081323
REQUEST		request_no_metrics	1790945081318	1790945081323	OK	 
USER	No Metrics Scenario	END	1790945081323
USER	No Metrics Scenario	START	1790945081355
USER	Timer Scenario	START	1790945081355
USER	Counter Scenario	START	1790945081355
USER	Gauge Scenario	START	1790945081355
USER	Timer Scenario	START	1790945081358
REQUEST		request_no_metrics	1790945081354	1790945081358	OK	 
REQUEST		request_timer	1790945081354	1790945081358	OK	 
USER	Counter Scenario	START	1790945081359
REQUEST		request_counter	1790945081354	1790945081359	OK	 
USER	No Metrics Scenario	START	1790945081361
USER	Timer Scenario	END	1790945081361
USER	No Metrics Scenario	END	1790945081361
USER	Counter Scenario	END	1790945081361
REQUEST		request_gauge	1790945081354	1790945081361	OK	 
USER	Gauge Scenario	END	1790945081362
REQUEST		request_counter	1790945081358	1790945081363	OK	 
USER	Counter Scenario	END	1790945081363
REQUEST		request_timer	1790945081357	1790945081363	OK	 
REQUEST		request_no_metrics	1790945081360	1790945081363	OK	 
USER	Timer Scenario	END	1790945081363
USER	No Metrics Scenario	END	1790945081363
USER	Gauge Scenario	START	1790945081365
REQUEST		request_gauge	1790945081365	1790945081368	OK	 
USER	Gauge Scenario	END	1790945081368
USER	No Metrics Scenario	START	1790945081380
USER	Counter Scenario	START	1790945081380
USER	Gauge Scenario	START	1790945081380
USER	Timer Scenario	START	1790945081380
REQUEST		request_no_metrics	1790945081379	1790945081382	OK	 
REQUEST		request_gauge	1790945081380	1790945081382	OK	 
REQUEST		request_timer	1790945081379	1790945081382	OK	 
USER	Gauge Scenario	END	1790945081382
USER	No Metrics Scenario	END	1790945081382
USER	Timer Scenario	END	1790945081382
REQUEST		request_counter	1790945081379	1790945081382	OK	 
USER	Counter Scenario	END	1790945081383
USER	Gauge Scenario	START	1790945081411
USER	No Metrics Scenario	START	1790945081411
USER	Timer Scenario	START	1790945081411
USER	Counter Scenario	START	1790945081411
REQUEST		request_counter	1790945081410	1790945081413	OK	 
REQUEST		request_timer	1790945081410	1790945081413	OK	 
USER	Timer Scenario	END	1790945081414
USER	Counter Scenario	END	1790945081414
REQUEST		request_gauge	1790945081410	1790945081414	OK	 
USER	Gauge Scenario	END	1790945081415
REQUEST		request_no_metrics	1790945081410	1790945081416	OK	 
USER	No Metrics Scenario	END	1790945081416
USER	Counter Scenario	START	1790945081426
USER	No Metrics Scenario	START	1790945081426
USER	Timer Scenario	START	1790945081427
USER	Gauge Scenario	START	1790945081428
REQUEST		request_no_metrics	1790945081426	1790945081428	OK	 
REQUEST		request_counter	1790945081426	1790945081429	OK	 
REQUEST		request_timer	1790945081426	1790945081429	OK	 
USER	No Metrics Scenario	END	1790945081429
USER	Counter Scenario	END	1790945081429
USER	Timer Scenario	END	1790945081429
REQUEST		request_gauge	1790945081427	1790945081430	OK	 
USER	Gauge Scenario	END	1790945081431
USER	Counter Scenario	START	1790945081441
USER	No Metrics Scenario	START	1790945081441
USER	Gauge Scenario	START	1790945081443
REQUEST		request_no_metrics	1790945081441	1790945081444	OK	 
REQUEST		request_counter	1790945081441	1790945081444	OK	 
USER	Timer Scenario	START	1790945081444
USER	No Metrics Scenario	END	1790945081444
USER	Counter Scenario	END	1790945081444
REQUEST		request_gauge	1790945081442	1790945081446	OK	 
USER	Gauge Scenario	END	1790945081446
REQUEST		request_timer	1790945081443	1790945081447	OK	 
USER	Timer Scenario	END	1790945081447
USER	Gauge Scenario	START	1790945081472
USER	Timer Scenario	START	1790945081472
USER	Counter Scenario	START	1790945081472
USER	No Metrics Scenario	START	1790945081472
REQUEST		request_no_metrics	1790945081471	1790945081474	OK	 
REQUEST		request_timer	1790945081471	1790945081474	OK	 
REQUEST		request_gauge	1790945081471	1790945081474	OK	 
REQUEST		request_counter	1790945081471	1790945081474	OK	 
USER	Gauge Scenario	END	1790945081474
USER	No Metrics Scenario	END	1790945081474
USER	Timer Scenario	END	1790945081474
USER	Counter Scenario	END	1790945081474
USER	Timer Scenario	START	1790945081487
USER	Counter Scenario	START	1790945081487
REQUEST		request_counter	1790945081486	1790945081489	OK	 
REQUEST		request_timer	1790945081486	1790945081489	OK	 
USER	Timer Scenario	END	1790945081489
USER	No Metrics Scenario	START	1790945081489
USER	Counter Scenario	END	1790945081489
USER	Gauge Scenario	START	1790945081489
REQUEST		request_gauge	1790945081489	1790945081491	OK	 
REQUEST		request_no_metrics	1790945081488	1790945081491	OK	 
USER	Gauge Scenario	END	1790945081491
USER	No Metrics Scenario	END	1790945081491
USER	No Metrics Scenario	START	1790945081502
USER	Timer Scenario	START	1790945081502
USER	Counter Scenario	START	1790945081502
USER	Gauge Scenario	START	1790945081502
REQUEST		request_no_metrics	1790945081502	1790945081504	OK	 
REQUEST		request_gauge	1790945081502	1790945081504	OK	 
REQUEST		request_timer	1790945081502	1790945081504	OK	 
REQUEST		request_counter	1790945081502	1790945081504	OK	 
USER	Counter Scenario	END	1790945081504
USER	Gauge Scenario	END	1790945081504
USER	Timer Scenario	END	1790945081504
USER	No Metrics Scenario	END	1790945081505
USER	Counter Scenario	START	1790945081518
USER	Gauge Scenario	START	1790945081518
REQUEST		request_gauge	1790945081517	1790945081520	OK	 
REQUEST		request_counter	1790945081517	1790945081520	OK	 
USER	Gauge Scenario	END	1790945081520
USER	Counter Scenario	END	1790945081520
USER	No Metrics Scenario	START	1790945081533
USER	Timer Scenario	START	1790945081534
REQUEST		request_timer	1790945081533	1790945081535	OK	 
REQUEST		request_no_metrics	1790945081533	1790945081535	OK	 
USER	No Metrics Scenario	END	1790945081536
USER	Timer Scenario	END	1790945081536
USER	Counter Scenario	START	1790945081550
USER	No Metrics Scenario	START	1790945081550
USER	Timer Scenario	START	1790945081550
USER	Gauge Scenario	START	1790945081550
REQUEST		request_no_metrics	1790945081550	1790945081552	OK	 
REQUEST		request_counter	1790945081550	1790945081553	OK	 
REQUEST		request_gauge	1790945081550	1790945081553	OK	 
USER	Counter Scenario	END	1790945081553
USER	Gauge Scenario	END	1790945081553
USER	No Metrics Scenario	END	1790945081553
REQUEST		request_timer	1790945081550	1790945081553	OK	 
USER	Timer Scenario	END	1790945081554
USER	Timer Scenario	START	1790945081565
USER	No Metrics Scenario	START	1790945081565
USER	Counter Scenario	START	1790945081565
USER	Gauge Scenario	START	1790945081565
REQUEST		request_counter	1790945081565	1790945081567	OK	 
REQUEST		request_no_metrics	1790945081565	1790945081567	OK	 
REQUEST		request_gauge	1790945081565	1790945081567	OK	 
REQUEST		request_timer	1790945081565	1790945081568	OK	 
USER	Gauge Scenario	END	1790945081568
USER	No Metrics Scenario	END	1790945081568
USER	Counter Scenario	END	1790945081568
USER	Timer Scenario	END	1790945081568
USER	No Metrics Scenario	START	1790945081581
USER	Timer Scenario	START	1790945081581
USER	Gauge Scenario	START	1790945081582
USER	Counter Scenario	START	1790945081583
REQUEST		request_no_metrics	1790945081581	1790945081583	OK	 
REQUEST		request_timer	1790945081581	1790945081583	OK	 
USER	Timer Scenario	END	1790945081584
USER	No Metrics Scenario	END	1790945081584
REQUEST		request_counter	1790945081582	1790945081584	OK	 
USER	Counter Scenario	END	1790945081585
REQUEST		request_gauge	1790945081581	1790945081587	OK	 
USER	Gauge Scenario	END	1790945081587
USER	Gauge Scenario	START	1790945081598
USER	Counter Scenario	START	1790945081598
REQUEST		request_gauge	1790945081597	1790945081600	OK	 
REQUEST		request_counter	1790945081597	1790945081600	OK	 
USER	Counter Scenario	END	1790945081601
USER	Gauge Scenario	END	1790945081601
USER	Timer Scenario	START	1790945081610
USER	No Metrics Scenario	START	1790945081610
REQUEST		request_no_metrics	1790945081609	1790945081612	OK	 
REQUEST		request_timer	1790945081609	1790945081612	OK	 
USER	Timer Scenario	END	1790945081613
USER	No Metrics Scenario	END	1790945081613
USER	Gauge Scenario	START	1790945081626
USER	Counter Scenario	START	1790945081626
USER	Timer Scenario	START	1790945081626
REQUEST		request_timer	1790945081625	1790945081628	OK	 
REQUEST		request_counter	1790945081625	1790945081628	OK	 
REQUEST		request_gauge	1790945081625	1790945081628	OK	 
USER	Gauge Scenario	END	1790945081628
USER	Counter Scenario	END	1790945081628
USER	Timer Scenario	END	1790945081628
USER	No Metrics Scenario	START	1790945081628
REQUEST		request_no_metrics	1790945081628	1790945081630	OK	 
USER	No Metrics Scenario	END	1790945081630
USER	No Metrics Scenario	START	1790945081642
USER	Gauge Scenario	START	1790945081642
USER	Timer Scenario	START	1790945081642
USER	Counter Scenario	START	1790945081642
REQUEST		request_no_metrics	1790945081641	1790945081644	OK	 
REQUEST		request_gauge	1790945081641	1790945081644	OK	 
REQUEST		request_timer	1790945081641	1790945081644	OK	 
REQUEST		request_counter	1790945081641	1790945081644	OK	 
USER	No Metrics Scenario	END	1790945081644
USER	Gauge Scenario	END	1790945081644
USER	Counter Scenario	END	1790945081644
USER	Timer Scenario	END	1790945081644
USER	Timer Scenario	START	1790945081658
USER	Counter Scenario	START	1790945081658
USER	No Metrics Scenario	START	1790945081658
REQUEST		request_no_metrics	1790945081658	1790945081660	OK	 
REQUEST		request_timer	1790945081658	1790945081661	OK	 
REQUEST		request_counter	1790945081658	1790945081661	OK	 
USER	Counter Scenario	END	1790945081661
USER	Timer Scenario	END	1790945081661
USER	No Metrics Scenario	END	1790945081661
USER	Gauge Scenario	START	1790945081673
REQUEST		request_gauge	1790945081673	1790945081676	OK	 
USER	Gauge Scenario	END	1790945081677
USER	No Metrics Scenario	START	1790945081688
USER	Gauge Scenario	START	1790945081688
USER	Timer Scenario	START	1790945081689
USER	Counter Scenario	START	1790945081690
REQUEST		request_gauge	1790945081688	1790945081691	OK	 
USER	Gauge Scenario	END	1790945081691
REQUEST		request_timer	1790945081688	1790945081692	OK	 
REQUEST		request_no_metrics	1790945081688	1790945081692	OK	 
USER	No Metrics Scenario	END	1790945081692
USER	Timer Scenario	END	1790945081692
REQUEST		request_counter	1790945081689	1790945081693	OK	 
USER	Counter Scenario	END	1790945081693
USER	Gauge Scenario	START	1790945081705
USER	Timer Scenario	START	1790945081705
USER	No Metrics Scenario	START	1790945081705
USER	Counter Scenario	START	1790945081707
REQUEST		request_gauge	1790945081704	1790945081707	OK	 
REQUEST		request_timer	1790945081704	1790945081707	OK	 
REQUEST		request_no_metrics	1790945081705	1790945081707	OK	 
USER	Gauge Scenario	END	1790945081708
USER	No Metrics Scenario	END	1790945081708
USER	Timer Scenario	END	1790945081708
REQUEST		request_counter	1790945081706	1790945081710	OK	 
USER	Counter Scenario	END	1790945081711
USER	Timer Scenario	START	1790945081720
USER	No Metrics Scenario	START	1790945081720
USER	Gauge Scenario	START	1790945081720
USER	Counter Scenario	START	1790945081720
REQUEST		request_counter	1790945081719	1790945081721	OK	 
REQUEST		request_gauge	1790945081719	1790945081721	OK	 
REQUEST		request_no_metrics	1790945081719	1790945081721	OK	 
USER	Counter Scenario	END	1790945081722
USER	No Metrics Scenario	END	1790945081722
USER	Gauge Scenario	END	1790945081722
REQUEST		request_timer	1790945081719	1790945081722	OK	 
USER	Timer Scenario	END	1790945081722
USER	No Metrics Scenario	START	1790945081751
USER	Counter Scenario	START	1790945081751
USER	Gauge Scenario	START	1790945081751
USER	Timer Scenario	START	1790945081751
REQUEST		request_no_metrics	1790945081750	1790945081752	OK	 
REQUEST		request_timer	1790945081751	1790945081752	OK	 
REQUEST		request_counter	1790945081750	1790945081753	OK	 
REQUEST		request_gauge	1790945081751	1790945081753	OK	 
USER	Counter Scenario	END	1790945081753
USER	No Metrics Scenario	END	1790945081753
USER	Timer Scenario	END	1790945081753
USER	Gauge Scenario	END	1790945081753
USER	Timer Scenario	START	1790945081766
USER	Counter Scenario	START	1790945081766
USER	No Metrics Scenario	START	1790945081766
REQUEST		request_counter	1790945081766	1790945081768	OK	 
REQUEST		request_timer	1790945081766	1790945081768	OK	 
REQUEST		request_no_metrics	1790945081766	1790945081768	OK	 
USER	Counter Scenario	END	1790945081769
USER	No Metrics Scenario	END	1790945081769
USER	Timer Scenario	END	1790945081769
USER	Gauge Scenario	START	1790945081770
REQUEST		request_gauge	1790945081769	1790945081776	OK	 
USER	Gauge Scenario	END	1790945081777
USER	Timer Scenario	START	1790945081779
USER	No Metrics Scenario	START	1790945081782
USER	Counter Scenario	START	1790945081782
REQUEST		request_timer	1790945081777	1790945081782	OK	 
USER	Timer Scenario	END	1790945081782
REQUEST		request_no_metrics	1790945081781	1790945081784	OK	 
REQUEST		request_counter	1790945081781	1790945081784	OK	 
USER	Counter Scenario	END	1790945081784
USER	No Metrics Scenario	END	1790945081784
USER	Gauge Scenario	START	1790945081786
REQUEST		request_gauge	1790945081785	1790945081790	OK	 
USER	Gauge Scenario	END	1790945081791
USER	No Metrics Scenario	START	1790945081798
USER	Timer Scenario	START	1790945081798
USER	Counter Scenario	START	1790945081798
USER	Gauge Scenario	START	1790945081800
REQUEST		request_no_metrics	1790945081797	1790945081800	OK	 
REQUEST		request_counter	1790945081797	1790945081800	OK	 
REQUEST		request_timer	1790945081797	1790945081800	OK	 
USER	No Metrics Scenario	END	1790945081800
USER	Counter Scenario	END	1790945081800
USER	Timer Scenario	END	1790945081800
REQUEST		request_gauge	1790945081799	1790945081802	OK	 
USER	Gauge Scenario	END	1790945081802
USER	Counter Scenario	START	1790945081828
USER	Gauge Scenario	START	1790945081828
USER	Timer Scenario	START	1790945081828
USER	No Metrics Scenario	START	1790945081830
REQUEST		request_gauge	1790945081828	1790945081831	OK	 
USER	Gauge Scenario	END	1790945081831
REQUEST		request_counter	1790945081828	1790945081832	OK	 
USER	Counter Scenario	END	1790945081832
REQUEST		request_no_metrics	1790945081830	1790945081832	OK	 
USER	No Metrics Scenario	END	1790945081833
REQUEST		request_timer	1790945081828	1790945081834	OK	 
USER	Timer Scenario	END	1790945081834
USER	Timer Scenario	START	1790945081844
USER	Gauge Scenario	START	1790945081844
USER	No Metrics Scenario	START	1790945081844
USER	Counter Scenario	START	1790945081844
REQUEST		request_no_metrics	1790945081843	1790945081846	OK	 
REQUEST		request_gauge	1790945081843	1790945081846	OK	 
USER	Gauge Scenario	END	1790945081847
USER	No Metrics Scenario	END	1790945081847
REQUEST		request_counter	1790945081843	1790945081847	OK	 
USER	Counter Scenario	END	1790945081848
REQUEST		request_timer	1790945081843	1790945081850	OK	 
USER	Timer Scenario	END	1790945081850
USER	Counter Scenario	START	1790945081859
USER	No Metrics Scenario	START	1790945081859
USER	Timer Scenario	START	1790945081859
USER	Gauge Scenario	START	1790945081862
REQUEST		request_counter	1790945081859	1790945081862	OK	 
REQUEST		request_timer	1790945081859	1790945081862	OK	 
USER	Timer Scenario	END	1790945081862
USER	Counter Scenario	END	1790945081862
REQUEST		request_no_metrics	1790945081859	1790945081862	OK	 
USER	No Metrics Scenario	END	1790945081863
REQUEST		request_gauge	1790945081861	1790945081864	OK	 
USER	Gauge Scenario	END	1790945081864
USER	No Metrics Scenario	START	1790945081890
USER	Counter Scenario	START	1790945081890
USER	Gauge Scenario	START	1790945081891
REQUEST		request_no_metrics	1790945081890	1790945081892	OK	 
REQUEST		request_counter	1790945081890	1790945081892	OK	 
USER	Counter Scenario	END	1790945081892
USER	No Metrics Scenario	END	1790945081892
REQUEST		request_gauge	1790945081891	1790945081893	OK	 
USER	Gauge Scenario	END	1790945081893
USER	Timer Scenario	START	1790945081897
USER	Counter Scenario	START	1790945081897
REQUEST		request_counter	1790945081897	1790945081903	OK	 
USER	Counter Scenario	END	1790945081904
REQUEST		request_timer	1790945081897	1790945081904	OK	 
USER	Timer Scenario	END	1790945081904
USER	Timer Scenario	START	1790945081905
USER	Gauge Scenario	START	1790945081905
USER	No Metrics Scenario	START	1790945081905
REQUEST		request_gauge	1790945081905	1790945081908	OK	 
REQUEST		request_no_metrics	1790945081905	1790945081908	OK	 
REQUEST		request_timer	1790945081905	1790945081908	OK	 
USER	No Metrics Scenario	END	1790945081908
USER	Gauge Scenario	END	1790945081908
USER	Timer Scenario	END	1790945081908
USER	Gauge Scenario	START	1790945081921
USER	Counter Scenario	START	1790945081921
USER	Timer Scenario	START	1790945081921
USER	No Metrics Scenario	START	1790945081921
REQUEST		request_timer	1790945081921	1790945081924	OK	 
REQUEST		request_counter	1790945081921	1790945081924	OK	 
USER	Timer Scenario	END	1790945081924
USER	Counter Scenario	END	1790945081924
REQUEST		request_gauge	1790945081921	1790945081924	OK	 
USER	Gauge Scenario	END	1790945081924
REQUEST		request_no_metrics	1790945081921	1790945081926	OK	 
USER	No Metrics Scenario	END	1790945081926
USER	No Metrics Scenario	START	1790945081945
USER	Counter Scenario	START	1790945081945
USER	Timer Scenario	START	1790945081946
REQUEST		request_no_metrics	1790945081944	1790945081947	OK	 
REQUEST		request_counter	1790945081944	1790945081947	OK	 
USER	No Metrics Scenario	END	1790945081947
USER	Counter Scenario	END	1790945081947
USER	Gauge Scenario	START	1790945081948
REQUEST		request_gauge	1790945081947	1790945081950	OK	 
REQUEST		request_timer	1790945081945	1790945081950	OK	 
USER	Gauge Scenario	END	1790945081950
USER	Timer Scenario	END	1790945081950
USER	Counter Scenario	START	1790945081960
USER	Gauge Scenario	START	1790945081960
USER	No Metrics Scenario	START	1790945081960
USER	Timer Scenario	START	1790945081960
REQUEST		request_no_metrics	1790945081959	1790945081962	OK	 
REQUEST		request_counter	1790945081959	1790945081962	OK	 
USER	No Metrics Scenario	END	1790945081962
USER	Counter Scenario	END	1790945081962
REQUEST		request_gauge	1790945081959	1790945081963	OK	 
USER	Gauge Scenario	END	1790945081963
REQUEST		request_timer	1790945081959	1790945081963	OK	 
USER	Timer Scenario	END	1790945081964
USER	No Metrics Scenario	START	1790945081991
USER	Gauge Scenario	START	1790945081991
USER	Counter Scenario	START	1790945081991
USER	Timer Scenario	START	1790945081991
REQUEST		request_counter	1790945081991	1790945081993	OK	 
REQUEST		request_gauge	1790945081991	1790945081993	OK	 
REQUEST		request_timer	1790945081991	1790945081994	OK	 
USER	Counter Scenario	END	1790945081994
USER	Timer Scenario	END	1790945081994
USER	Gauge Scenario	END	1790945081994
REQUEST		request_no_metrics	1790945081991	1790945081994	OK	 
USER	No Metrics Scenario	END	1790945081995
USER	No Metrics Scenario	START	1790945082007
USER	Counter Scenario	START	1790945082007
USER	Gauge Scenario	START	1790945082007
USER	Timer Scenario	START	1790945082007
REQUEST		request_no_metrics	1790945082006	1790945082009	OK	 
REQUEST		request_counter	1790945082006	1790945082009	OK	 
REQUEST		request_timer	1790945082006	1790945082009	OK	 
REQUEST		request_gauge	1790945082006	1790945082009	OK	 
USER	Timer Scenario	END	1790945082009
USER	Counter Scenario	END	1790945082009
USER	Gauge Scenario	END	1790945082009
USER	No Metrics Scenario	END	1790945082009
USER	No Metrics Scenario	START	1790945082023
USER	Counter Scenario	START	1790945082023
REQUEST		request_counter	1790945082022	1790945082025	OK	 
USER	Counter Scenario	END	1790945082025
USER	Timer Scenario	START	1790945082028
USER	Gauge Scenario	START	1790945082028
REQUEST		request_no_metrics	1790945082022	1790945082029	OK	 
USER	No Metrics Scenario	END	1790945082029
REQUEST		request_gauge	1790945082028	1790945082031	OK	 
USER	Gauge Scenario	END	1790945082032
REQUEST		request_timer	1790945082028	1790945082033	OK	 
USER	Timer Scenario	END	1790945082033
USER	Counter Scenario	START	1790945082039
USER	No Metrics Scenario	START	1790945082039
USER	Timer Scenario	START	1790945082039
USER	Gauge Scenario	START	1790945082040
REQUEST		request_no_metrics	1790945082038	1790945082040	OK	 
REQUEST		request_timer	1790945082038	1790945082040	OK	 
REQUEST		request_counter	1790945082038	1790945082040	OK	 
USER	Counter Scenario	END	1790945082041
USER	Timer Scenario	END	1790945082041
USER	No Metrics Scenario	END	1790945082041
REQUEST		request_gauge	1790945082040	1790945082043	OK	 
USER	Gauge Scenario	END	1790945082043
USER	No Metrics Scenario	START	1790945082070
USER	Gauge Scenario	START	1790945082070
USER	Timer Scenario	START	1790945082070
USER	Counter Scenario	START	1790945082070
REQUEST		request_timer	1790945082069	1790945082072	OK	 
REQUEST		request_no_metrics	1790945082069	1790945082072	OK	 
REQUEST		request_gauge	1790945082069	1790945082072	OK	 
USER	Timer Scenario	END	1790945082072
USER	Gauge Scenario	END	1790945082072
USER	No Metrics Scenario	END	1790945082072
REQUEST		request_counter	1790945082069	1790945082072	OK	 
USER	Counter Scenario	END	1790945082073
USER	Timer Scenario	START	1790945082085
USER	Gauge Scenario	START	1790945082085
USER	Counter Scenario	START	1790945082085
USER	No Metrics Scenario	START	1790945082086
REQUEST		request_timer	1790945082085	1790945082087	OK	 
REQUEST		request_counter	1790945082085	1790945082087	OK	 
REQUEST		request_no_metrics	1790945082086	1790945082087	OK	 
REQUEST		request_gauge	1790945082085	1790945082087	OK	 
USER	No Metrics Scenario	END	1790945082088
USER	Timer Scenario	END	1790945082088
USER	Counter Scenario	END	1790945082088
USER	Gauge Scenario	END	1790945082088
USER	Gauge Scenario	START	1790945082101
USER	No Metrics Scenario	START	1790945082101
USER	Counter Scenario	START	1790945082101
USER	Timer Scenario	START	1790945082102
REQUEST		request_no_metrics	1790945082100	1790945082103	OK	 
REQUEST		request_counter	1790945082100	1790945082103	OK	 
USER	No Metrics Scenario	END	1790945082103
USER	Counter Scenario	END	1790945082104
REQUEST		request_gauge	1790945082100	1790945082104	OK	 
USER	Gauge Scenario	END	1790945082105
REQUEST		request_timer	1790945082101	1790945082105	OK	 
USER	Timer Scenario	END	1790945082105
USER	Gauge Scenario	START	1790945082118
REQUEST		request_gauge	1790945082117	1790945082120	OK	 
USER	Gauge Scenario	END	1790945082121
USER	No Metrics Scenario	START	1790945082128
USER	Counter Scenario	START	1790945082128
USER	Timer Scenario	START	1790945082128
REQUEST		request_no_metrics	1790945082127	1790945082131	OK	 
REQUEST		request_counter	1790945082127	1790945082131	OK	 
USER	No Metrics Scenario	END	1790945082131
REQUEST		request_timer	1790945082127	1790945082131	OK	 
USER	Counter Scenario	END	1790945082131
USER	Timer Scenario	END	1790945082131
USER	Timer Scenario	START	1790945082143
USER	Gauge Scenario	START	1790945082143
USER	Counter Scenario	START	1790945082143
USER	No Metrics Scenario	START	1790945082144
REQUEST		request_timer	1790945082142	1790945082145	OK	 
REQUEST		request_counter	1790945082142	1790945082145	OK	 
USER	Counter Scenario	END	1790945082145
USER	Timer Scenario	END	1790945082145
REQUEST		request_gauge	1790945082142	1790945082146	OK	 
USER	Gauge Scenario	END	1790945082146
REQUEST		request_no_metrics	1790945082142	1790945082146	OK	 
USER	No Metrics Scenario	END	1790945082147
USER	Counter Scenario	START	1790945082159
USER	No Metrics Scenario	START	1790945082159
USER	Timer Scenario	START	1790945082161
USER	Gauge Scenario	START	1790945082161
REQUEST		request_counter	1790945082158	1790945082162	OK	 
USER	Counter Scenario	END	1790945082162
REQUEST		request_no_metrics	1790945082158	1790945082163	OK	 
USER	No Metrics Scenario	END	1790945082163
REQUEST		request_gauge	1790945082161	1790945082164	OK	 
USER	Gauge Scenario	END	1790945082164
REQUEST		request_timer	1790945082160	1790945082165	OK	 
USER	Timer Scenario	END	1790945082165
USER	Counter Scenario	START	1790945082191
USER	No Metrics Scenario	START	1790945082191
USER	Timer Scenario	START	1790945082191
USER	Gauge Scenario	START	1790945082192
REQUEST		request_timer	1790945082191	1790945082193	OK	 
REQUEST		request_counter	1790945082191	1790945082193	OK	 
REQUEST		request_no_metrics	1790945082190	1790945082193	OK	 
REQUEST		request_gauge	1790945082192	1790945082194	OK	 
USER	No Metrics Scenario	END	1790945082194
USER	Timer Scenario	END	1790945082194
USER	Counter Scenario	END	1790945082194
USER	Gauge Scenario	END	1790945082194
USER	Gauge Scenario	START	1790945082205
USER	Counter Scenario	START	1790945082205
USER	Timer Scenario	START	1790945082205
USER	No Metrics Scenario	START	1790945082205
REQUEST		request_no_metrics	1790945082205	1790945082207	OK	 
REQUEST		request_gauge	1790945082205	1790945082208	OK	 
REQUEST		request_timer	1790945082205	1790945082208	OK	 
REQUEST		request_counter	1790945082205	1790945082208	OK	 
USER	Gauge Scenario	END	1790945082208
USER	No Metrics Scenario	END	1790945082208
USER	Timer Scenario	END	1790945082208
USER	Counter Scenario	END	1790945082208
USER	Gauge Scenario	START	1790945082226
USER	Timer Scenario	START	1790945082226
USER	Counter Scenario	START	1790945082226
USER	No Metrics Scenario	START	1790945082227
REQUEST		request_no_metrics	1790945082225	1790945082228	OK	 
REQUEST		request_timer	1790945082225	1790945082229	OK	 
REQUEST		request_gauge	1790945082225	1790945082229	OK	 
USER	No Metrics Scenario	END	1790945082229
USER	Gauge Scenario	END	1790945082229
USER	Timer Scenario	END	1790945082229
REQUEST		request_counter	1790945082225	1790945082229	OK	 
USER	Counter Scenario	END	1790945082230
USER	Counter Scenario	START	1790945082241
USER	Gauge Scenario	START	1790945082241
USER	Timer Scenario	START	1790945082241
USER	No Metrics Scenario	START	1790945082242
REQUEST		request_counter	1790945082241	1790945082244	OK	 
USER	Counter Scenario	END	1790945082244
REQUEST		request_timer	1790945082241	1790945082244	OK	 
REQUEST		request_gauge	1790945082241	1790945082244	OK	 
USER	Timer Scenario	END	1790945082244
REQUEST		request_no_metrics	1790945082241	1790945082244	OK	 
USER	No Metrics Scenario	END	1790945082245
USER	Gauge Scenario	END	1790945082245
USER	Gauge Scenario	START	1790945082259
USER	Counter Scenario	START	1790945082260
USER	No Metrics Scenario	START	1790945082260
USER	Timer Scenario	START	1790945082260
REQUEST		request_no_metrics	1790945082259	1790945082261	OK	 
REQUEST		request_counter	1790945082259	1790945082262	OK	 
USER	Counter Scenario	END	1790945082262
USER	No Metrics Scenario	END	1790945082262
REQUEST		request_gauge	1790945082259	1790945082263	OK	 
USER	Gauge Scenario	END	1790945082263
REQUEST		request_timer	1790945082260	1790945082264	OK	 
USER	Timer Scenario	END	1790945082264
USER	Gauge Scenario	START	1790945082290
USER	Counter Scenario	START	1790945082290
USER	Timer Scenario	START	1790945082290
USER	No Metrics Scenario	START	1790945082290
REQUEST		request_no_metrics	1790945082289	1790945082298	OK	 
REQUEST		request_timer	1790945082289	1790945082298	OK	 
USER	No Metrics Scenario	END	1790945082298
REQUEST		request_gauge	1790945082289	1790945082298	OK	 
USER	Timer Scenario	END	1790945082298
USER	Gauge Scenario	END	1790945082299
REQUEST		request_counter	1790945082289	1790945082299	OK	 
USER	Counter Scenario	END	1790945082299
USER	No Metrics Scenario	START	1790945082305
USER	Counter Scenario	START	1790945082305
USER	Gauge Scenario	START	1790945082305
USER	Timer Scenario	START	1790945082306
REQUEST		request_gauge	1790945082304	1790945082307	OK	 
REQUEST		request_timer	1790945082306	1790945082307	OK	 
REQUEST		request_no_metrics	1790945082304	1790945082307	OK	 
REQUEST		request_counter	1790945082304	1790945082308	OK	 
USER	Timer Scenario	END	1790945082308
USER	Gauge Scenario	END	1790945082308
USER	No Metrics Scenario	END	1790945082308
USER	Counter Scenario	END	1790945082308
USER	Timer Scenario	START	1790945082320
USER	Counter Scenario	START	1790945082320
USER	No Metrics Scenario	START	1790945082320
REQUEST		request_no_metrics	1790945082320	1790945082322	OK	 
REQUEST		request_counter	1790945082320	1790945082322	OK	 
REQUEST		request_timer	1790945082320	1790945082322	OK	 
USER	No Metrics Scenario	END	1790945082322
USER	Counter Scenario	END	1790945082322
USER	Timer Scenario	END	1790945082322
USER	Gauge Scenario	START	1790945082323
REQUEST		request_gauge	1790945082323	1790945082330	OK	 
USER	Gauge Scenario	END	1790945082331
USER	Timer Scenario	START	1790945082352
USER	Counter Scenario	START	1790945082352
USER	Gauge Scenario	START	1790945082352
USER	No Metrics Scenario	START	1790945082356
REQUEST		request_counter	1790945082351	1790945082358	OK	 
USER	Counter Scenario	END	1790945082358
REQUEST		request_no_metrics	1790945082356	1790945082358	OK	 
USER	No Metrics Scenario	END	1790945082358
REQUEST		request_gauge	1790945082351	1790945082358	OK	 
USER	Gauge Scenario	END	1790945082359
REQUEST		request_timer	1790945082351	1790945082359	OK	 
USER	Timer Scenario	END	1790945082359
USER	Counter Scenario	START	1790945082366
USER	Timer Scenario	START	1790945082366
USER	Gauge Scenario	START	1790945082367
USER	No Metrics Scenario	START	1790945082367
REQUEST		request_no_metrics	1790945082366	1790945082369	OK	 
REQUEST		request_gauge	1790945082366	1790945082369	OK	 
REQUEST		request_counter	1790945082366	1790945082369	OK	 
USER	Gauge Scenario	END	1790945082369
USER	No Metrics Scenario	END	1790945082369
USER	Counter Scenario	END	1790945082369
REQUEST		request_timer	1790945082366	1790945082370	OK	 
USER	Timer Scenario	END	1790945082370
USER	Gauge Scenario	START	1790945082382
USER	Counter Scenario	START	1790945082382
USER	Timer Scenario	START	1790945082382
REQUEST		request_timer	1790945082381	1790945082384	OK	 
REQUEST		request_gauge	1790945082381	1790945082384	OK	 
REQUEST		request_counter	1790945082381	1790945082384	OK	 
USER	No Metrics Scenario	START	1790945082384
USER	Gauge Scenario	END	1790945082384
USER	Timer Scenario	END	1790945082384
USER	Counter Scenario	END	1790945082384
REQUEST		request_no_metrics	1790945082382	1790945082386	OK	 
USER	No Metrics Scenario	END	1790945082387
USER	Timer Scenario	START	1790945082399
USER	Counter Scenario	START	1790945082399
USER	No Metrics Scenario	START	1790945082399
REQUEST		request_timer	1790945082398	1790945082402	OK	 
REQUEST		request_no_metrics	1790945082398	1790945082402	OK	 
USER	Timer Scenario	END	1790945082402
USER	No Metrics Scenario	END	1790945082402
REQUEST		request_counter	1790945082398	1790945082402	OK	 
USER	Counter Scenario	END	1790945082402
USER	Gauge Scenario	START	1790945082410
REQUEST		request_gauge	1790945082409	1790945082415	OK	 
USER	Gauge Scenario	END	1790945082415
USER	Counter Scenario	START	1790945082425
USER	No Metrics Scenario	START	1790945082425
USER	Timer Scenario	START	1790945082425
USER	Gauge Scenario	START	1790945082425
REQUEST		request_counter	1790945082424	1790945082427	OK	 
REQUEST		request_gauge	1790945082425	1790945082427	OK	 
REQUEST		request_timer	1790945082425	1790945082427	OK	 
USER	Timer Scenario	END	1790945082427
USER	Gauge Scenario	END	1790945082427
USER	Counter Scenario	END	1790945082427
REQUEST		request_no_metrics	1790945082424	1790945082430	OK	 
USER	No Metrics Scenario	END	1790945082430
USER	No Metrics Scenario	START	1790945082442
USER	Timer Scenario	START	1790945082442
USER	Gauge Scenario	START	1790945082442
USER	Counter Scenario	START	1790945082442
REQUEST		request_gauge	1790945082442	1790945082445	OK	 
REQUEST		request_timer	1790945082442	1790945082445	OK	 
REQUEST		request_no_metrics	1790945082442	1790945082445	OK	 
REQUEST		request_counter	1790945082442	1790945082445	OK	 
USER	Counter Scenario	END	1790945082446
USER	Gauge Scenario	END	1790945082446
USER	Timer Scenario	END	1790945082446
USER	No Metrics Scenario	END	1790945082446
USER	Timer Scenario	START	1790945082457
USER	Counter Scenario	START	1790945082457
USER	Gauge Scenario	START	1790945082458
REQUEST		request_timer	1790945082457	1790945082460	OK	 
REQUEST		request_counter	1790945082457	1790945082460	OK	 
USER	Counter Scenario	END	1790945082460
USER	Timer Scenario	END	1790945082460
REQUEST		request_gauge	1790945082458	1790945082460	OK	 
USER	Gauge Scenario	END	1790945082461
USER	No Metrics Scenario	START	1790945082463
REQUEST		request_no_metrics	1790945082458	1790945082467	OK	 
USER	No Metrics Scenario	END	1790945082468
USER	Counter Scenario	START	1790945082489
USER	Timer Scenario	START	1790945082489
USER	No Metrics Scenario	START	1790945082489
USER	Gauge Scenario	START	1790945082489
REQUEST		request_counter	1790945082488	1790945082491	OK	 
USER	Counter Scenario	END	1790945082492
REQUEST		request_timer	1790945082488	1790945082491	OK	 
REQUEST		request_no_metrics	1790945082489	1790945082492	OK	 
USER	Timer Scenario	END	1790945082492
USER	No Metrics Scenario	END	1790945082492
REQUEST		request_gauge	1790945082489	1790945082494	OK	 
USER	Gauge Scenario	END	1790945082494
USER	No Metrics Scenario	START	1790945082504
USER	Timer Scenario	START	1790945082504
USER	Counter Scenario	START	1790945082504
REQUEST		request_no_metrics	1790945082504	1790945082506	OK	 
USER	Gauge Scenario	START	1790945082507
REQUEST		request_timer	1790945082504	1790945082507	OK	 
REQUEST		request_counter	1790945082504	1790945082507	OK	 
USER	No Metrics Scenario	END	1790945082507
USER	Timer Scenario	END	1790945082507
USER	Counter Scenario	END	1790945082507
REQUEST		request_gauge	1790945082506	1790945082510	OK	 
USER	Gauge Scenario	END	1790945082510
USER	No Metrics Scenario	START	1790945082519
USER	Timer Scenario	START	1790945082519
REQUEST		request_no_metrics	1790945082519	1790945082521	OK	 
REQUEST		request_timer	1790945082519	1790945082521	OK	 
USER	No Metrics Scenario	END	1790945082521
USER	Timer Scenario	END	1790945082521
USER	Gauge Scenario	START	1790945082522
USER	Counter Scenario	START	1790945082522
REQUEST		request_gauge	1790945082522	1790945082527	OK	 
USER	Gauge Scenario	END	1790945082528
REQUEST		request_counter	1790945082522	1790945082530	OK	 
USER	Counter Scenario	END	1790945082531
USER	Timer Scenario	START	1790945082551
USER	No Metrics Scenario	START	1790945082551
USER	Gauge Scenario	START	1790945082551
USER	Counter Scenario	START	1790945082551
REQUEST		request_timer	1790945082550	1790945082553	OK	 
REQUEST		request_no_metrics	1790945082550	1790945082553	OK	 
REQUEST		request_gauge	1790945082550	1790945082553	OK	 
USER	No Metrics Scenario	END	1790945082553
USER	Timer Scenario	END	1790945082553
REQUEST		request_counter	1790945082551	1790945082553	OK	 
USER	Gauge Scenario	END	1790945082554
USER	Counter Scenario	END	1790945082554
USER	No Metrics Scenario	START	1790945082566
USER	Timer Scenario	START	1790945082566
USER	Gauge Scenario	START	1790945082566
USER	Counter Scenario	START	1790945082568
REQUEST		request_gauge	1790945082566	1790945082568	OK	 
REQUEST		request_no_metrics	1790945082566	1790945082568	OK	 
REQUEST		request_timer	1790945082566	1790945082568	OK	 
USER	Gauge Scenario	END	1790945082569
USER	No Metrics Scenario	END	1790945082569
USER	Timer Scenario	END	1790945082569
REQUEST		request_counter	1790945082567	1790945082570	OK	 
USER	Counter Scenario	END	1790945082571
USER	Counter Scenario	START	1790945082581
USER	Gauge Scenario	START	1790945082582
USER	Timer Scenario	START	1790945082582
USER	No Metrics Scenario	START	1790945082583
REQUEST		request_timer	1790945082582	1790945082584	OK	 
REQUEST		request_no_metrics	1790945082582	1790945082584	OK	 
USER	No Metrics Scenario	END	1790945082584
USER	Timer Scenario	END	1790945082584
REQUEST		request_gauge	1790945082581	1790945082584	OK	 
USER	Gauge Scenario	END	1790945082584
REQUEST		request_counter	1790945082581	1790945082585	OK	 
USER	Counter Scenario	END	1790945082585
USER	No Metrics Scenario	START	1790945082612
USER	Counter Scenario	START	1790945082612
USER	Timer Scenario	START	1790945082612
USER	Gauge Scenario	START	1790945082613
REQUEST		request_timer	1790945082612	1790945082614	OK	 
REQUEST		request_counter	1790945082611	1790945082614	OK	 
REQUEST		request_gauge	1790945082612	1790945082614	OK	 
USER	Counter Scenario	END	1790945082614
USER	Gauge Scenario	END	1790945082614
USER	Timer Scenario	END	1790945082614
REQUEST		request_no_metrics	1790945082611	1790945082615	OK	 
USER	No Metrics Scenario	END	1790945082615
USER	Timer Scenario	START	1790945082627
USER	No Metrics Scenario	START	1790945082627
USER	Gauge Scenario	START	1790945082628
USER	Counter Scenario	START	1790945082629
REQUEST		request_no_metrics	1790945082627	1790945082630	OK	 
REQUEST		request_timer	1790945082627	1790945082630	OK	 
USER	No Metrics Scenario	END	1790945082630
USER	Timer Scenario	END	1790945082630
REQUEST		request_counter	1790945082628	1790945082630	OK	 
REQUEST		request_gauge	1790945082628	1790945082630	OK	 
USER	Counter Scenario	END	1790945082630
USER	Gauge Scenario	END	1790945082630
USER	Counter Scenario	START	1790945082643
USER	Gauge Scenario	START	1790945082644
USER	Timer Scenario	START	1790945082645
USER	No Metrics Scenario	START	1790945082645
REQUEST		request_timer	1790945082644	1790945082646	OK	 
REQUEST		request_no_metrics	1790945082645	1790945082646	OK	 
USER	Timer Scenario	END	1790945082647
USER	No Metrics Scenario	END	1790945082647
REQUEST		request_counter	1790945082642	1790945082647	OK	 
USER	Counter Scenario	END	1790945082647
REQUEST		request_gauge	1790945082644	1790945082648	OK	 
USER	Gauge Scenario	END	1790945082648
USER	Gauge Scenario	START	1790945082658
USER	Counter Scenario	START	1790945082658
USER	No Metrics Scenario	START	1790945082658
USER	Timer Scenario	START	1790945082658
REQUEST		request_gauge	1790945082658	1790945082660	OK	 
REQUEST		request_timer	1790945082658	1790945082660	OK	 
REQUEST		request_counter	1790945082658	1790945082660	OK	 
REQUEST		request_no_metrics	1790945082658	1790945082660	OK	 
USER	No Metrics Scenario	END	1790945082660
USER	Counter Scenario	END	1790945082660
USER	Timer Scenario	END	1790945082660
USER	Gauge Scenario	END	1790945082660
USER	Gauge Scenario	START	1790945082689
USER	Counter Scenario	START	1790945082689
USER	Timer Scenario	START	1790945082689
USER	No Metrics Scenario	START	1790945082689
REQUEST		request_timer	1790945082689	1790945082691	OK	 
REQUEST		request_no_metrics	1790945082689	1790945082691	OK	 
REQUEST		request_counter	1790945082689	1790945082691	OK	 
REQUEST		request_gauge	1790945082689	1790945082691	OK	 
USER	Timer Scenario	END	1790945082691
USER	No Metrics Scenario	END	1790945082691
USER	Counter Scenario	END	1790945082691
USER	Gauge Scenario	END	1790945082691
USER	Timer Scenario	START	1790945082705
USER	Gauge Scenario	START	1790945082705
USER	Counter Scenario	START	1790945082705
USER	No Metrics Scenario	START	1790945082705
REQUEST		request_no_metrics	1790945082705	1790945082707	OK	 
REQUEST		request_timer	1790945082704	1790945082707	OK	 
REQUEST		request_gauge	1790945082704	1790945082707	OK	 
REQUEST		request_counter	1790945082704	1790945082707	OK	 
USER	No Metrics Scenario	END	1790945082707
USER	Gauge Scenario	END	1790945082707
USER	Timer Scenario	END	1790945082707
USER	Counter Scenario	END	1790945082707
USER	Gauge Scenario	START	1790945082721
USER	Timer Scenario	START	1790945082721
USER	No Metrics Scenario	START	1790945082721
USER	Counter Scenario	START	1790945082721
REQUEST		request_counter	1790945082720	1790945082724	OK	 
REQUEST		request_timer	1790945082720	1790945082724	OK	 
USER	Timer Scenario	END	1790945082725
USER	Counter Scenario	END	1790945082725
REQUEST		request_no_metrics	1790945082720	1790945082725	OK	 
USER	No Metrics Scenario	END	1790945082725
REQUEST		request_gauge	1790945082720	1790945082725	OK	 
USER	Gauge Scenario	END	1790945082725
USER	Gauge Scenario	START	1790945082752
USER	Counter Scenario	START	1790945082752
USER	No Metrics Scenario	START	1790945082752
USER	Timer Scenario	START	1790945082752
REQUEST		request_no_metrics	1790945082751	1790945082753	OK	 
REQUEST		request_gauge	1790945082751	1790945082754	OK	 
REQUEST		request_timer	1790945082751	1790945082754	OK	 
USER	Gauge Scenario	END	1790945082754
USER	No Metrics Scenario	END	1790945082754
USER	Timer Scenario	END	1790945082754
REQUEST		request_counter	1790945082751	1790945082754	OK	 
USER	Counter Scenario	END	1790945082754
USER	Gauge Scenario	START	1790945082767
USER	Timer Scenario	START	1790945082767
USER	Counter Scenario	START	1790945082767
USER	No Metrics Scenario	START	1790945082768
REQUEST		request_timer	1790945082766	1790945082769	OK	 
USER	Timer Scenario	END	1790945082769
REQUEST		request_no_metrics	1790945082766	1790945082770	OK	 
USER	No Metrics Scenario	END	1790945082770
REQUEST		request_gauge	1790945082766	1790945082771	OK	 
USER	Gauge Scenario	END	1790945082771
REQUEST		request_counter	1790945082767	1790945082772	OK	 
USER	Counter Scenario	END	1790945082773
USER	Counter Scenario	START	1790945082782
USER	Gauge Scenario	START	1790945082782
USER	No Metrics Scenario	START	1790945082782
REQUEST		request_counter	1790945082781	1790945082783	OK	 
REQUEST		request_gauge	1790945082781	1790945082784	OK	 
REQUEST		request_no_metrics	1790945082781	1790945082783	OK	 
USER	Gauge Scenario	END	1790945082784
USER	Counter Scenario	END	1790945082784
USER	No Metrics Scenario	END	1790945082784
USER	Timer Scenario	START	1790945082785
REQUEST		request_timer	1790945082784	1790945082788	OK	 
USER	Timer Scenario	END	1790945082789
USER	Timer Scenario	START	1790945082798
USER	Counter Scenario	START	1790945082798
USER	No Metrics Scenario	START	1790945082798
REQUEST		request_no_metrics	1790945082797	1790945082800	OK	 
USER	No Metrics Scenario	END	1790945082800
REQUEST		request_counter	1790945082797	1790945082801	OK	 
REQUEST		request_timer	1790945082797	1790945082801	OK	 
USER	Timer Scenario	END	1790945082801
USER	Counter Scenario	END	1790945082801
USER	Gauge Scenario	START	1790945082814
REQUEST		request_gauge	1790945082813	1790945082816	OK	 
USER	Gauge Scenario	END	1790945082817
USER	No Metrics Scenario	START	1790945082829
USER	Gauge Scenario	START	1790945082829
USER	Counter Scenario	START	1790945082829
USER	Timer Scenario	START	1790945082830
REQUEST		request_counter	1790945082829	1790945082831	OK	 
REQUEST		request_no_metrics	1790945082829	1790945082831	OK	 
REQUEST		request_gauge	1790945082829	1790945082831	OK	 
USER	Gauge Scenario	END	1790945082831
USER	Counter Scenario	END	1790945082832
USER	No Metrics Scenario	END	1790945082832
REQUEST		request_timer	1790945082830	1790945082833	OK	 
USER	Timer Scenario	END	1790945082834
USER	No Metrics Scenario	START	1790945082844
USER	Gauge Scenario	START	1790945082844
USER	Counter Scenario	START	1790945082845
REQUEST		request_no_metrics	1790945082844	1790945082846	OK	 
REQUEST		request_gauge	1790945082844	1790945082846	OK	 
USER	Gauge Scenario	END	1790945082846
USER	No Metrics Scenario	END	1790945082846
USER	Timer Scenario	START	1790945082847
REQUEST		request_counter	1790945082845	1790945082847	OK	 
USER	Counter Scenario	END	1790945082847
REQUEST		request_timer	1790945082846	1790945082849	OK	 
USER	Timer Scenario	END	1790945082850
USER	Gauge Scenario	START	1790945082860
USER	Counter Scenario	START	1790945082860
USER	No Metrics Scenario	START	1790945082860
USER	Timer Scenario	START	1790945082860
REQUEST		request_no_metrics	1790945082859	1790945082862	OK	 
REQUEST		request_counter	1790945082859	1790945082862	OK	 
REQUEST		request_gauge	1790945082859	1790945082863	OK	 
USER	No Metrics Scenario	END	1790945082863
USER	Counter Scenario	END	1790945082863
USER	Gauge Scenario	END	1790945082863
REQUEST		request_timer	1790945082860	1790945082863	OK	 
USER	Timer Scenario	END	1790945082863
USER	No Metrics Scenario	START	1790945082891
USER	Counter Scenario	START	1790945082891
USER	Timer Scenario	START	1790945082891
USER	Gauge Scenario	START	1790945082892
REQUEST		request_timer	1790945082891	1790945082893	OK	 
USER	Timer Scenario	END	1790945082894
REQUEST		request_gauge	1790945082892	1790945082894	OK	 
REQUEST		request_counter	1790945082890	1790945082894	OK	 
USER	Gauge Scenario	END	1790945082894
USER	Counter Scenario	END	1790945082894
REQUEST		request_no_metrics	1790945082890	1790945082895	OK	 
USER	No Metrics Scenario	END	1790945082895
USER	Timer Scenario	START	1790945082906
USER	Counter Scenario	START	1790945082906
USER	No Metrics Scenario	START	1790945082906
USER	Gauge Scenario	START	1790945082906
REQUEST		request_timer	1790945082906	1790945082908	OK	 
REQUEST		request_gauge	1790945082906	1790945082908	OK	 
USER	Timer Scenario	END	1790945082908
USER	Gauge Scenario	END	1790945082908
REQUEST		request_counter	1790945082906	1790945082908	OK	 
USER	Counter Scenario	END	1790945082909
REQUEST		request_no_metrics	1790945082906	1790945082910	OK	 
USER	No Metrics Scenario	END	1790945082910
USER	Counter Scenario	START	1790945082926
USER	Timer Scenario	START	1790945082926
USER	No Metrics Scenario	START	1790945082927
REQUEST		request_counter	1790945082926	1790945082929	OK	 
REQUEST		request_no_metrics	1790945082927	1790945082929	OK	 
REQUEST		request_timer	1790945082926	1790945082929	OK	 
USER	No Metrics Scenario	END	1790945082929
USER	Counter Scenario	END	1790945082929
USER	Timer Scenario	END	1790945082929
USER	Gauge Scenario	START	1790945082933
REQUEST		request_gauge	1790945082930	1790945082937	OK	 
USER	Gauge Scenario	END	1790945082938
USER	Timer Scenario	START	1790945082942
USER	Counter Scenario	START	1790945082942
USER	Gauge Scenario	START	1790945082942
REQUEST		request_timer	1790945082941	1790945082944	OK	 
REQUEST		request_gauge	1790945082941	1790945082944	OK	 
USER	Timer Scenario	END	1790945082945
USER	No Metrics Scenario	START	1790945082945
USER	Gauge Scenario	END	1790945082945
REQUEST		request_counter	1790945082941	1790945082947	OK	 
USER	Counter Scenario	END	1790945082947
REQUEST		request_no_metrics	1790945082944	1790945082948	OK	 
USER	No Metrics Scenario	END	1790945082948
USER	Timer Scenario	START	1790945082972
USER	Gauge Scenario	START	1790945082973
USER	No Metrics Scenario	START	1790945082975
REQUEST		request_gauge	1790945082973	1790945082978	OK	 
USER	Gauge Scenario	END	1790945082979
USER	Counter Scenario	START	1790945082979
REQUEST		request_no_metrics	1790945082974	1790945082979	OK	 
USER	No Metrics Scenario	END	1790945082980
REQUEST		request_timer	1790945082971	1790945082982	OK	 
USER	Timer Scenario	END	1790945082983
REQUEST		request_counter	1790945082977	1790945082987	OK	 
USER	Counter Scenario	END	1790945082987
USER	No Metrics Scenario	START	1790945082987
USER	Timer Scenario	START	1790945082987
USER	Gauge Scenario	START	1790945082988
REQUEST		request_no_metrics	1790945082987	1790945082989	OK	 
REQUEST		request_timer	1790945082987	1790945082989	OK	 
REQUEST		request_gauge	1790945082987	1790945082990	OK	 
USER	Counter Scenario	START	1790945082990
USER	No Metrics Scenario	END	1790945082991
USER	Timer Scenario	END	1790945082991
USER	Gauge Scenario	END	1790945082991
REQUEST		request_counter	1790945082990	1790945082997	OK	 
USER	Counter Scenario	END	1790945082998
USER	Timer Scenario	START	1790945083003
USER	No Metrics Scenario	START	1790945083003
USER	Gauge Scenario	START	1790945083003
USER	Counter Scenario	START	1790945083003
REQUEST		request_counter	1790945083002	1790945083006	OK	 
USER	Counter Scenario	END	1790945083006
REQUEST		request_no_metrics	1790945083002	1790945083007	OK	 
USER	No Metrics Scenario	END	1790945083008
REQUEST		request_gauge	1790945083002	1790945083008	OK	 
REQUEST		request_timer	1790945083002	1790945083008	OK	 
USER	Timer Scenario	END	1790945083009
USER	Gauge Scenario	END	1790945083009
USER	Counter Scenario	START	1790945083018
USER	No Metrics Scenario	START	1790945083018
USER	Gauge Scenario	START	1790945083020
USER	Timer Scenario	START	1790945083021
REQUEST		request_no_metrics	1790945083018	1790945083020	OK	 
REQUEST		request_counter	1790945083018	1790945083021	OK	 
USER	Counter Scenario	END	1790945083021
USER	No Metrics Scenario	END	1790945083021
REQUEST		request_gauge	1790945083020	1790945083023	OK	 
USER	Gauge Scenario	END	1790945083024
REQUEST		request_timer	1790945083020	1790945083024	OK	 
USER	Timer Scenario	END	1790945083024
USER	Counter Scenario	START	1790945083049
USER	Timer Scenario	START	1790945083049
USER	Gauge Scenario	START	1790945083051
USER	No Metrics Scenario	START	1790945083051
REQUEST		request_counter	1790945083048	1790945083053	OK	 
REQUEST		request_no_metrics	1790945083051	1790945083053	OK	 
USER	Counter Scenario	END	1790945083053
USER	No Metrics Scenario	END	1790945083053
REQUEST		request_gauge	1790945083051	1790945083053	OK	 
USER	Gauge Scenario	END	1790945083053
REQUEST		request_timer	1790945083048	1790945083054	OK	 
USER	Timer Scenario	END	1790945083054
USER	Gauge Scenario	START	1790945083064
USER	No Metrics Scenario	START	1790945083065
USER	Counter Scenario	START	1790945083066
REQUEST		request_no_metrics	1790945083065	1790945083067	OK	 
USER	No Metrics Scenario	END	1790945083067
REQUEST		request_counter	1790945083065	1790945083068	OK	 
USER	Counter Scenario	END	1790945083069
USER	Timer Scenario	START	1790945083070
REQUEST		request_gauge	1790945083064	1790945083072	OK	 
USER	Gauge Scenario	END	1790945083072
REQUEST		request_timer	1790945083069	1790945083077	OK	 
USER	Timer Scenario	END	1790945083078
USER	No Metrics Scenario	START	1790945083079
USER	Counter Scenario	START	1790945083079
USER	Timer Scenario	START	1790945083079
REQUEST		request_no_metrics	1790945083079	1790945083081	OK	 
REQUEST		request_timer	1790945083079	1790945083081	OK	 
USER	No Metrics Scenario	END	1790945083081
USER	Timer Scenario	END	1790945083081
REQUEST		request_counter	1790945083079	1790945083081	OK	 
USER	Counter Scenario	END	1790945083082
USER	Gauge Scenario	START	1790945083082
REQUEST		request_gauge	1790945083082	1790945083084	OK	 
USER	Gauge Scenario	END	1790945083084
USER	Gauge Scenario	START	1790945083111
USER	Timer Scenario	START	1790945083111
USER	Counter Scenario	START	1790945083112
USER	No Metrics Scenario	START	1790945083112
REQUEST		request_no_metrics	1790945083111	1790945083113	OK	 
REQUEST		request_gauge	1790945083111	1790945083113	OK	 
REQUEST		request_timer	1790945083110	1790945083113	OK	 
REQUEST		request_counter	1790945083111	1790945083113	OK	 
USER	Gauge Scenario	END	1790945083114
USER	Counter Scenario	END	1790945083114
USER	No Metrics Scenario	END	1790945083114
USER	Timer Scenario	END	1790945083114
USER	Counter Scenario	START	1790945083126
USER	Timer Scenario	START	1790945083126
USER	Gauge Scenario	START	1790945083126
USER	No Metrics Scenario	START	1790945083126
REQUEST		request_no_metrics	1790945083126	1790945083129	OK	 
REQUEST		request_timer	1790945083126	1790945083129	OK	 
REQUEST		request_counter	1790945083126	1790945083129	OK	 
REQUEST		request_gauge	1790945083126	1790945083129	OK	 
USER	Counter Scenario	END	1790945083129
USER	Timer Scenario	END	1790945083129
USER	Gauge Scenario	END	1790945083129
USER	No Metrics Scenario	END	1790945083129
USER	Counter Scenario	START	1790945083142
USER	No Metrics Scenario	START	1790945083142
USER	Timer Scenario	START	1790945083142
USER	Gauge Scenario	START	1790945083143
REQUEST		request_counter	1790945083142	1790945083144	OK	 
REQUEST		request_no_metrics	1790945083142	1790945083144	OK	 
USER	Counter Scenario	END	1790945083144
USER	No Metrics Scenario	END	1790945083144
REQUEST		request_timer	1790945083142	1790945083145	OK	 
USER	Timer Scenario	END	1790945083145
REQUEST		request_gauge	1790945083143	1790945083146	OK	 
USER	Gauge Scenario	END	1790945083146
USER	Counter Scenario	START	1790945083158
REQUEST		request_counter	1790945083157	1790945083162	OK	 
USER	Counter Scenario	END	1790945083163
USER	No Metrics Scenario	START	1790945083173
USER	Gauge Scenario	START	1790945083174
USER	Timer Scenario	START	1790945083174
REQUEST		request_no_metrics	1790945083173	1790945083175	OK	 
REQUEST		request_timer	1790945083173	1790945083175	OK	 
REQUEST		request_gauge	1790945083173	1790945083175	OK	 
USER	Timer Scenario	END	1790945083182
USER	Gauge Scenario	END	1790945083182
USER	No Metrics Scenario	END	1790945083182
USER	Gauge Scenario	START	1790945083189
USER	No Metrics Scenario	START	1790945083190
USER	Timer Scenario	START	1790945083191
USER	Counter Scenario	START	1790945083191
REQUEST		request_no_metrics	1790945083189	1790945083191	OK	 
USER	No Metrics Scenario	END	1790945083192
REQUEST		request_counter	1790945083190	1790945083192	OK	 
REQUEST		request_timer	1790945083190	1790945083192	OK	 
USER	Counter Scenario	END	1790945083193
USER	Timer Scenario	END	1790945083193
REQUEST		request_gauge	1790945083189	1790945083193	OK	 
USER	Gauge Scenario	END	1790945083194
USER	No Metrics Scenario	START	1790945083206
USER	Counter Scenario	START	1790945083206
USER	Timer Scenario	START	1790945083206
USER	Gauge Scenario	START	1790945083206
REQUEST		request_counter	1790945083205	1790945083208	OK	 
REQUEST		request_timer	1790945083205	1790945083208	OK	 
REQUEST		request_no_metrics	1790945083205	1790945083208	OK	 
REQUEST		request_gauge	1790945083205	1790945083208	OK	 
USER	Timer Scenario	END	1790945083208
USER	Counter Scenario	END	1790945083208
USER	Gauge Scenario	END	1790945083208
USER	No Metrics Scenario	END	1790945083208
USER	No Metrics Scenario	START	1790945083220
USER	Gauge Scenario	START	1790945083220
USER	Timer Scenario	START	1790945083220
USER	Counter Scenario	START	1790945083220
REQUEST		request_counter	1790945083220	1790945083222	OK	 
REQUEST		request_no_metrics	1790945083220	1790945083222	OK	 
REQUEST		request_timer	1790945083220	1790945083222	OK	 
USER	No Metrics Scenario	END	1790945083222
USER	Counter Scenario	END	1790945083222
USER	Timer Scenario	END	1790945083222
REQUEST		request_gauge	1790945083220	1790945083223	OK	 
USER	Gauge Scenario	END	1790945083223
USER	No Metrics Scenario	START	1790945083252
USER	Gauge Scenario	START	1790945083252
REQUEST		request_no_metrics	1790945083251	1790945083254	OK	 
REQUEST		request_gauge	1790945083251	1790945083254	OK	 
USER	Gauge Scenario	END	1790945083254
USER	No Metrics Scenario	END	1790945083254
USER	Timer Scenario	START	1790945083254
USER	Counter Scenario	START	1790945083254
REQUEST		request_counter	1790945083254	1790945083256	OK	 
REQUEST		request_timer	1790945083254	1790945083256	OK	 
USER	Counter Scenario	END	1790945083257
USER	Timer Scenario	END	1790945083257
USER	Counter Scenario	START	1790945083257
USER	No Metrics Scenario	START	1790945083257
REQUEST		request_no_metrics	1790945083257	1790945083259	OK	 
REQUEST		request_counter	1790945083257	1790945083259	OK	 
USER	No Metrics Scenario	END	1790945083260
USER	Counter Scenario	END	1790945083260
USER	Timer Scenario	START	1790945083267
USER	Gauge Scenario	START	1790945083267
REQUEST		request_gauge	1790945083267	1790945083270	OK	 
REQUEST		request_timer	1790945083267	1790945083270	OK	 
USER	Timer Scenario	END	1790945083270
USER	Gauge Scenario	END	1790945083270
USER	Gauge Scenario	START	1790945083284
USER	No Metrics Scenario	START	1790945083284
USER	Timer Scenario	START	1790945083285
USER	Counter Scenario	START	1790945083285
REQUEST		request_no_metrics	1790945083283	1790945083286	OK	 
USER	No Metrics Scenario	END	1790945083287
REQUEST		request_gauge	1790945083283	1790945083287	OK	 
USER	Gauge Scenario	END	1790945083287
REQUEST		request_counter	1790945083285	1790945083288	OK	 
REQUEST		request_timer	1790945083285	1790945083288	OK	 
USER	Timer Scenario	END	1790945083289
USER	Counter Scenario	END	1790945083289
USER	No Metrics Scenario	START	1790945083299
USER	Counter Scenario	START	1790945083299
USER	Gauge Scenario	START	1790945083299
USER	Timer Scenario	START	1790945083299
REQUEST		request_counter	1790945083298	1790945083301	OK	 
REQUEST		request_no_metrics	1790945083298	1790945083301	OK	 
REQUEST		request_timer	1790945083299	1790945083301	OK	 
USER	No Metrics Scenario	END	1790945083301
USER	Counter Scenario	END	1790945083301
USER	Timer Scenario	END	1790945083301
REQUEST		request_gauge	1790945083298	1790945083302	OK	 
USER	Gauge Scenario	END	1790945083302
USER	No Metrics Scenario	START	1790945083330
USER	Counter Scenario	START	1790945083330
USER	Gauge Scenario	START	1790945083330
USER	Timer Scenario	START	1790945083330
REQUEST		request_no_metrics	1790945083329	1790945083332	OK	 
REQUEST		request_gauge	1790945083329	1790945083332	OK	 
REQUEST		request_timer	1790945083329	1790945083332	OK	 
USER	No Metrics Scenario	END	1790945083332
USER	Gauge Scenario	END	1790945083332
USER	Timer Scenario	END	1790945083332
REQUEST		request_counter	1790945083329	1790945083333	OK	 
USER	Counter Scenario	END	1790945083333
USER	Timer Scenario	START	1790945083345
USER	Gauge Scenario	START	1790945083345
USER	Counter Scenario	START	1790945083345
USER	No Metrics Scenario	START	1790945083346
REQUEST		request_timer	1790945083345	1790945083348	OK	 
REQUEST		request_no_metrics	1790945083345	1790945083348	OK	 
USER	No Metrics Scenario	END	1790945083348
USER	Timer Scenario	END	1790945083348
REQUEST		request_gauge	1790945083345	1790945083348	OK	 
USER	Gauge Scenario	END	1790945083348
REQUEST		request_counter	1790945083345	1790945083348	OK	 
USER	Counter Scenario	END	1790945083348
USER	Timer Scenario	START	1790945083362
USER	Gauge Scenario	START	1790945083362
USER	Counter Scenario	START	1790945083362
REQUEST		request_counter	1790945083361	1790945083363	OK	 
REQUEST		request_timer	1790945083361	1790945083363	OK	 
REQUEST		request_gauge	1790945083361	1790945083364	OK	 
USER	Timer Scenario	END	1790945083364
USER	Gauge Scenario	END	1790945083364
USER	Counter Scenario	END	1790945083364
USER	No Metrics Scenario	START	1790945083364
REQUEST		request_no_metrics	1790945083364	1790945083367	OK	 
USER	No Metrics Scenario	END	1790945083367
USER	Timer Scenario	START	1790945083393
USER	Gauge Scenario	START	1790945083393
USER	No Metrics Scenario	START	1790945083393
USER	Counter Scenario	START	1790945083393
REQUEST		request_timer	1790945083392	1790945083395	OK	 
REQUEST		request_no_metrics	1790945083393	1790945083395	OK	 
REQUEST		request_counter	1790945083393	1790945083395	OK	 
REQUEST		request_gauge	1790945083392	1790945083395	OK	 
USER	No Metrics Scenario	END	1790945083395
USER	Counter Scenario	END	1790945083395
USER	Timer Scenario	END	1790945083395
USER	Gauge Scenario	END	1790945083395
USER	Gauge Scenario	START	1790945083408
USER	No Metrics Scenario	START	1790945083408
USER	Counter Scenario	START	1790945083408
USER	Timer Scenario	START	1790945083409
REQUEST		request_gauge	1790945083408	1790945083410	OK	 
REQUEST		request_no_metrics	1790945083408	1790945083410	OK	 
REQUEST		request_counter	1790945083408	1790945083410	OK	 
USER	No Metrics Scenario	END	1790945083410
USER	Gauge Scenario	END	1790945083410
USER	Counter Scenario	END	1790945083410
REQUEST		request_timer	1790945083409	1790945083414	OK	 
USER	Timer Scenario	END	1790945083415
USER	Timer Scenario	START	1790945083425
USER	No Metrics Scenario	START	1790945083425
USER	Counter Scenario	START	1790945083425
USER	Gauge Scenario	START	1790945083425
REQUEST		request_no_metrics	1790945083424	1790945083427	OK	 
REQUEST		request_gauge	1790945083424	1790945083427	OK	 
REQUEST		request_counter	1790945083424	1790945083427	OK	 
REQUEST		request_timer	1790945083424	1790945083427	OK	 
USER	No Metrics Scenario	END	1790945083427
USER	Gauge Scenario	END	1790945083427
USER	Counter Scenario	END	1790945083427
USER	Timer Scenario	END	1790945083427
USER	Counter Scenario	START	1790945083440
USER	No Metrics Scenario	START	1790945083440
USER	Gauge Scenario	START	1790945083440
USER	Timer Scenario	START	1790945083440
REQUEST		request_no_metrics	1790945083440	1790945083442	OK	 
REQUEST		request_counter	1790945083440	1790945083442	OK	 
REQUEST		request_gauge	1790945083440	1790945083442	OK	 
REQUEST		request_timer	1790945083440	1790945083442	OK	 
USER	Gauge Scenario	END	1790945083442
USER	No Metrics Scenario	END	1790945083442
USER	Counter Scenario	END	1790945083442
USER	Timer Scenario	END	1790945083442
USER	Timer Scenario	START	1790945083470
USER	No Metrics Scenario	START	1790945083471
USER	Counter Scenario	START	1790945083471
USER	Gauge Scenario	START	1790945083471
REQUEST		request_no_metrics	1790945083471	1790945083472	OK	 
REQUEST		request_gauge	1790945083471	1790945083472	OK	 
REQUEST		request_timer	1790945083470	1790945083472	OK	 
REQUEST		request_counter	1790945083471	1790945083473	OK	 
USER	Timer Scenario	END	1790945083473
USER	Gauge Scenario	END	1790945083473
USER	No Metrics Scenario	END	1790945083473
USER	Counter Scenario	END	1790945083473
USER	Counter Scenario	START	1790945083486
USER	No Metrics Scenario	START	1790945083486
USER	Timer Scenario	START	1790945083486
USER	Gauge Scenario	START	1790945083486
REQUEST		request_gauge	1790945083486	1790945083488	OK	 
REQUEST		request_no_metrics	1790945083485	1790945083488	OK	 
REQUEST		request_timer	1790945083485	1790945083488	OK	 
USER	Gauge Scenario	END	1790945083488
USER	No Metrics Scenario	END	1790945083488
USER	Timer Scenario	END	1790945083488
REQUEST		request_counter	1790945083485	1790945083488	OK	 
USER	Counter Scenario	END	1790945083489
USER	Counter Scenario	START	1790945083509
USER	Timer Scenario	START	1790945083509
USER	Gauge Scenario	START	1790945083511
REQUEST		request_timer	1790945083509	1790945083511	OK	 
USER	No Metrics Scenario	START	1790945083512
USER	Timer Scenario	END	1790945083512
REQUEST		request_no_metrics	1790945083511	1790945083514	OK	 
REQUEST		request_counter	1790945083509	1790945083515	OK	 
USER	No Metrics Scenario	END	1790945083515
USER	Counter Scenario	END	1790945083515
USER	Timer Scenario	START	1790945083517
REQUEST		request_gauge	1790945083511	1790945083518	OK	 
USER	Gauge Scenario	END	1790945083519
REQUEST		request_timer	1790945083517	1790945083520	OK	 
USER	Timer Scenario	END	1790945083520
USER	Counter Scenario	START	1790945083525
USER	No Metrics Scenario	START	1790945083525
USER	Gauge Scenario	START	1790945083525
REQUEST		request_counter	1790945083524	1790945083527	OK	 
REQUEST		request_no_metrics	1790945083524	1790945083527	OK	 
USER	Counter Scenario	END	1790945083528
USER	No Metrics Scenario	END	1790945083528
REQUEST		request_gauge	1790945083525	1790945083530	OK	 
USER	Gauge Scenario	END	1790945083530
USER	Timer Scenario	START	1790945083543
USER	Counter Scenario	START	1790945083543
USER	No Metrics Scenario	START	1790945083543
USER	Gauge Scenario	START	1790945083544
REQUEST		request_timer	1790945083542	1790945083545	OK	 
REQUEST		request_no_metrics	1790945083542	1790945083545	OK	 
USER	Timer Scenario	END	1790945083546
USER	No Metrics Scenario	END	1790945083546
REQUEST		request_gauge	1790945083543	1790945083546	OK	 
REQUEST		request_counter	1790945083542	1790945083546	OK	 
USER	Gauge Scenario	END	1790945083546
USER	Counter Scenario	END	1790945083547
USER	Counter Scenario	START	1790945083558
USER	Gauge Scenario	START	1790945083559
USER	Timer Scenario	START	1790945083558
USER	No Metrics Scenario	START	1790945083559
REQUEST		request_counter	1790945083558	1790945083561	OK	 
REQUEST		request_no_metrics	1790945083558	1790945083561	OK	 
REQUEST		request_timer	1790945083558	1790945083561	OK	 
REQUEST		request_gauge	1790945083558	1790945083561	OK	 
USER	No Metrics Scenario	END	1790945083561
USER	Gauge Scenario	END	1790945083561
USER	Counter Scenario	END	1790945083561
USER	Timer Scenario	END	1790945083562
USER	No Metrics Scenario	START	1790945083590
USER	Timer Scenario	START	1790945083590
USER	Gauge Scenario	START	1790945083590
USER	Counter Scenario	START	1790945083590
REQUEST		request_timer	1790945083590	1790945083592	OK	 
REQUEST		request_no_metrics	1790945083590	1790945083592	OK	 
REQUEST		request_gauge	1790945083590	1790945083592	OK	 
REQUEST		request_counter	1790945083590	1790945083593	OK	 
USER	Timer Scenario	END	1790945083593
USER	No Metrics Scenario	END	1790945083593
USER	Counter Scenario	END	1790945083593
USER	Gauge Scenario	END	1790945083593
USER	Counter Scenario	START	1790945083606
USER	Timer Scenario	START	1790945083606
USER	No Metrics Scenario	START	1790945083606
USER	Gauge Scenario	START	1790945083606
REQUEST		request_timer	1790945083605	1790945083608	OK	 
REQUEST		request_counter	1790945083605	1790945083608	OK	 
REQUEST		request_no_metrics	1790945083605	1790945083608	OK	 
REQUEST		request_gauge	1790945083605	1790945083608	OK	 
USER	No Metrics Scenario	END	1790945083608
USER	Gauge Scenario	END	1790945083608
USER	Counter Scenario	END	1790945083608
USER	Timer Scenario	END	1790945083608
USER	No Metrics Scenario	START	1790945083621
USER	Counter Scenario	START	1790945083621
USER	Timer Scenario	START	1790945083621
USER	Gauge Scenario	START	1790945083621
REQUEST		request_no_metrics	1790945083620	1790945083623	OK	 
REQUEST		request_counter	1790945083620	1790945083623	OK	 
REQUEST		request_gauge	1790945083621	1790945083623	OK	 
REQUEST		request_timer	1790945083620	1790945083623	OK	 
USER	Gauge Scenario	END	1790945083623
USER	Timer Scenario	END	1790945083623
USER	No Metrics Scenario	END	1790945083623
USER	Counter Scenario	END	1790945083623
USER	No Metrics Scenario	START	1790945083652
USER	Counter Scenario	START	1790945083652
USER	Timer Scenario	START	1790945083652
USER	Gauge Scenario	START	1790945083652
REQUEST		request_gauge	1790945083651	1790945083654	OK	 
REQUEST		request_timer	1790945083651	1790945083654	OK	 
REQUEST		request_no_metrics	1790945083651	1790945083654	OK	 
USER	Timer Scenario	END	1790945083654
USER	Gauge Scenario	END	1790945083654
USER	No Metrics Scenario	END	1790945083654
REQUEST		request_counter	1790945083651	1790945083655	OK	 
USER	Counter Scenario	END	1790945083655
USER	Gauge Scenario	START	1790945083667
USER	No Metrics Scenario	START	1790945083667
USER	Counter Scenario	START	1790945083667
USER	Timer Scenario	START	1790945083667
REQUEST		request_timer	1790945083667	1790945083669	OK	 
REQUEST		request_no_metrics	1790945083667	1790945083669	OK	 
REQUEST		request_gauge	1790945083667	1790945083670	OK	 
USER	Gauge Scenario	END	1790945083670
USER	Timer Scenario	END	1790945083670
USER	No Metrics Scenario	END	1790945083670
REQUEST		request_counter	1790945083667	1790945083670	OK	 
USER	Counter Scenario	END	1790945083670
USER	Gauge Scenario	START	1790945083682
USER	Counter Scenario	START	1790945083682
USER	No Metrics Scenario	START	1790945083682
USER	Timer Scenario	START	1790945083682
REQUEST		request_gauge	1790945083682	1790945083684	OK	 
REQUEST		request_no_metrics	1790945083682	1790945083684	OK	 
REQUEST		request_counter	1790945083682	1790945083684	OK	 
REQUEST		request_timer	1790945083682	1790945083684	OK	 
USER	No Metrics Scenario	END	1790945083684
USER	Gauge Scenario	END	1790945083684
USER	Counter Scenario	END	1790945083684
USER	Timer Scenario	END	1790945083684
USER	No Metrics Scenario	START	1790945083698
USER	Timer Scenario	START	1790945083698
USER	Counter Scenario	START	1790945083698
REQUEST		request_counter	1790945083698	1790945083701	OK	 
REQUEST		request_no_metrics	1790945083698	1790945083701	OK	 
REQUEST		request_timer	1790945083698	1790945083701	OK	 
USER	Counter Scenario	END	1790945083701
USER	Timer Scenario	END	1790945083701
USER	No Metrics Scenario	END	1790945083701
USER	Gauge Scenario	START	1790945083712
REQUEST		request_gauge	1790945083711	1790945083715	OK	 
USER	Gauge Scenario	END	1790945083715
USER	No Metrics Scenario	START	1790945083726
USER	Timer Scenario	START	1790945083726
USER	Counter Scenario	START	1790945083726
USER	Gauge Scenario	START	1790945083726
REQUEST		request_gauge	1790945083726	1790945083728	OK	 
REQUEST		request_no_metrics	1790945083726	1790945083728	OK	 
REQUEST		request_timer	1790945083726	1790945083728	OK	 
USER	Timer Scenario	END	1790945083729
USER	No Metrics Scenario	END	1790945083729
USER	Gauge Scenario	END	1790945083729
REQUEST		request_counter	1790945083726	1790945083731	OK	 
USER	Counter Scenario	END	1790945083732
USER	Counter Scenario	START	1790945083743
USER	Timer Scenario	START	1790945083743
USER	No Metrics Scenario	START	1790945083743
REQUEST		request_no_metrics	1790945083742	1790945083745	OK	 
REQUEST		request_counter	1790945083742	1790945083745	OK	 
REQUEST		request_timer	1790945083742	1790945083745	OK	 
USER	Timer Scenario	END	1790945083745
USER	Counter Scenario	END	1790945083745
USER	No Metrics Scenario	END	1790945083745
USER	Gauge Scenario	START	1790945083745
REQUEST		request_gauge	1790945083745	1790945083748	OK	 
USER	Gauge Scenario	END	1790945083748
USER	Gauge Scenario	START	1790945083758
USER	Counter Scenario	START	1790945083758
USER	No Metrics Scenario	START	1790945083758
REQUEST		request_no_metrics	1790945083757	1790945083761	OK	 
REQUEST		request_gauge	1790945083757	1790945083761	OK	 
REQUEST		request_counter	1790945083757	1790945083761	OK	 
USER	Gauge Scenario	END	1790945083761
USER	Counter Scenario	END	1790945083761
USER	No Metrics Scenario	END	1790945083761
USER	Timer Scenario	START	1790945083773
REQUEST		request_timer	1790945083773	1790945083776	OK	 
USER	Timer Scenario	END	1790945083776
USER	Gauge Scenario	START	1790945083788
USER	Timer Scenario	START	1790945083788
USER	No Metrics Scenario	START	1790945083788
REQUEST		request_gauge	1790945083788	1790945083790	OK	 
REQUEST		request_no_metrics	1790945083788	1790945083790	OK	 
REQUEST		request_timer	1790945083788	1790945083790	OK	 
USER	No Metrics Scenario	END	1790945083790
USER	Gauge Scenario	END	1790945083790
USER	Timer Scenario	END	1790945083790
USER	Counter Scenario	START	1790945083792
REQUEST		request_counter	1790945083791	1790945083795	OK	 
USER	Counter Scenario	END	1790945083795
USER	Timer Scenario	START	1790945083804
USER	Gauge Scenario	START	1790945083804
USER	Counter Scenario	START	1790945083804
USER	No Metrics Scenario	START	1790945083805
REQUEST		request_counter	1790945083803	1790945083806	OK	 
REQUEST		request_timer	1790945083803	1790945083806	OK	 
REQUEST		request_gauge	1790945083803	1790945083806	OK	 
USER	Counter Scenario	END	1790945083806
USER	Timer Scenario	END	1790945083806
USER	Gauge Scenario	END	1790945083806
REQUEST		request_no_metrics	1790945083805	1790945083812	OK	 
USER	No Metrics Scenario	END	1790945083812
USER	Counter Scenario	START	1790945083819
USER	Gauge Scenario	START	1790945083819
USER	No Metrics Scenario	START	1790945083819
USER	Timer Scenario	START	1790945083819
REQUEST		request_counter	1790945083819	1790945083821	OK	 
REQUEST		request_no_metrics	1790945083819	1790945083821	OK	 
REQUEST		request_gauge	1790945083819	1790945083822	OK	 
USER	No Metrics Scenario	END	1790945083822
USER	Counter Scenario	END	1790945083822
USER	Gauge Scenario	END	1790945083822
REQUEST		request_timer	1790945083819	1790945083822	OK	 
USER	Timer Scenario	END	1790945083822
USER	Counter Scenario	START	1790945083850
USER	Gauge Scenario	START	1790945083850
USER	Timer Scenario	START	1790945083850
REQUEST		request_counter	1790945083850	1790945083852	OK	 
REQUEST		request_timer	1790945083850	1790945083852	OK	 
REQUEST		request_gauge	1790945083850	1790945083852	OK	 
USER	Counter Scenario	END	1790945083852
USER	Timer Scenario	END	1790945083852
USER	Gauge Scenario	END	1790945083852
USER	No Metrics Scenario	START	1790945083853
REQUEST		request_no_metrics	1790945083853	1790945083856	OK	 
USER	No Metrics Scenario	END	1790945083857
USER	Timer Scenario	START	1790945083866
USER	Counter Scenario	START	1790945083866
USER	No Metrics Scenario	START	1790945083866
USER	Gauge Scenario	START	1790945083866
REQUEST		request_timer	1790945083866	1790945083868	OK	 
REQUEST		request_gauge	1790945083866	1790945083868	OK	 
REQUEST		request_no_metrics	1790945083866	1790945083869	OK	 
USER	Timer Scenario	END	1790945083869
USER	Gauge Scenario	END	1790945083869
USER	No Metrics Scenario	END	1790945083869
REQUEST		request_counter	1790945083866	1790945083869	OK	 
USER	Counter Scenario	END	1790945083869
USER	Gauge Scenario	START	1790945083882
USER	Timer Scenario	START	1790945083882
USER	Counter Scenario	START	1790945083882
USER	No Metrics Scenario	START	1790945083884
REQUEST		request_timer	1790945083882	1790945083885	OK	 
USER	Timer Scenario	END	1790945083886
REQUEST		request_counter	1790945083882	1790945083887	OK	 
REQUEST		request_no_metrics	1790945083883	1790945083887	OK	 
USER	Counter Scenario	END	1790945083887
USER	No Metrics Scenario	END	1790945083887
REQUEST		request_gauge	1790945083882	1790945083887	OK	 
USER	Gauge Scenario	END	1790945083887
USER	No Metrics Scenario	START	1790945083898
USER	Timer Scenario	START	1790945083898
REQUEST		request_no_metrics	1790945083898	1790945083900	OK	 
REQUEST		request_timer	1790945083898	1790945083900	OK	 
USER	Timer Scenario	END	1790945083900
USER	No Metrics Scenario	END	1790945083900
USER	Counter Scenario	START	1790945083914
USER	Gauge Scenario	START	1790945083914
REQUEST		request_gauge	1790945083914	1790945083917	OK	 
REQUEST		request_counter	1790945083914	1790945083917	OK	 
USER	Gauge Scenario	END	1790945083917
USER	Counter Scenario	END	1790945083917
USER	No Metrics Scenario	START	1790945083918
USER	Timer Scenario	START	1790945083918
REQUEST		request_no_metrics	1790945083917	1790945083920	OK	 
REQUEST		request_timer	1790945083917	1790945083920	OK	 
USER	No Metrics Scenario	END	1790945083920
USER	Timer Scenario	END	1790945083920
USER	Gauge Scenario	START	1790945083930
USER	Counter Scenario	START	1790945083930
REQUEST		request_gauge	1790945083930	1790945083933	OK	 
REQUEST		request_counter	1790945083930	1790945083933	OK	 
USER	Counter Scenario	END	1790945083933
USER	Gauge Scenario	END	1790945083933
USER	Gauge Scenario	START	1790945083946
USER	Timer Scenario	START	1790945083946
USER	Counter Scenario	START	1790945083946
USER	No Metrics Scenario	START	1790945083946
REQUEST		request_counter	1790945083946	1790945083949	OK	 
REQUEST		request_no_metrics	1790945083946	1790945083949	OK	 
USER	Counter Scenario	END	1790945083949
USER	No Metrics Scenario	END	1790945083949
REQUEST		request_gauge	1790945083946	1790945083949	OK	 
REQUEST		request_timer	1790945083946	1790945083949	OK	 
USER	Timer Scenario	END	1790945083949
USER	Gauge Scenario	END	1790945083949
USER	No Metrics Scenario	START	1790945083962
USER	Gauge Scenario	START	1790945083963
USER	Timer Scenario	START	1790945083964
USER	Counter Scenario	START	1790945083964
REQUEST		request_no_metrics	1790945083962	1790945083965	OK	 
USER	No Metrics Scenario	END	1790945083965
REQUEST		request_gauge	1790945083963	1790945083965	OK	 
USER	Gauge Scenario	END	1790945083965
REQUEST		request_counter	1790945083964	1790945083966	OK	 
USER	Counter Scenario	END	1790945083966
REQUEST		request_timer	1790945083964	1790945083968	OK	 
USER	Timer Scenario	END	1790945083968
USER	Timer Scenario	START	1790945083977
REQUEST		request_timer	1790945083977	1790945083980	OK	 
USER	Timer Scenario	END	1790945083981
USER	Gauge Scenario	START	1790945083993
USER	No Metrics Scenario	START	1790945083993
USER	Counter Scenario	START	1790945083994
REQUEST		request_counter	1790945083993	1790945083996	OK	 
REQUEST		request_no_metrics	1790945083992	1790945083996	OK	 
USER	Counter Scenario	END	1790945083996
USER	No Metrics Scenario	END	1790945083996
REQUEST		request_gauge	1790945083992	1790945083996	OK	 
USER	Gauge Scenario	END	1790945083997
USER	Timer Scenario	START	1790945083998
REQUEST		request_timer	1790945083997	1790945084000	OK	 
USER	Timer Scenario	END	1790945084001
USER	Gauge Scenario	START	1790945084008
USER	Counter Scenario	START	1790945084008
USER	No Metrics Scenario	START	1790945084008
REQUEST		request_no_metrics	1790945084008	1790945084011	OK	 
REQUEST		request_gauge	1790945084008	1790945084011	OK	 
REQUEST		request_counter	1790945084008	1790945084011	OK	 
USER	Gauge Scenario	END	1790945084011
USER	No Metrics Scenario	END	1790945084011
USER	Counter Scenario	END	1790945084011
USER	Timer Scenario	START	1790945084024
USER	Counter Scenario	START	1790945084024
USER	No Metrics Scenario	START	1790945084025
REQUEST		request_counter	1790945084024	1790945084027	OK	 
REQUEST		request_no_metrics	1790945084025	1790945084027	OK	 
USER	No Metrics Scenario	END	1790945084027
USER	Counter Scenario	END	1790945084027
USER	Gauge Scenario	START	1790945084028
REQUEST		request_timer	1790945084024	1790945084030	OK	 
REQUEST		request_gauge	1790945084027	1790945084031	OK	 
USER	Timer Scenario	END	1790945084031
USER	Gauge Scenario	END	1790945084031
USER	No Metrics Scenario	START	1790945084040
USER	Counter Scenario	START	1790945084040
USER	Gauge Scenario	START	1790945084040
USER	Timer Scenario	START	1790945084042
REQUEST		request_no_metrics	1790945084039	1790945084043	OK	 
REQUEST		request_counter	1790945084040	1790945084043	OK	 
USER	No Metrics Scenario	END	1790945084044
USER	Counter Scenario	END	1790945084044
REQUEST		request_gauge	1790945084039	1790945084046	OK	 
USER	Gauge Scenario	END	1790945084046
REQUEST		request_timer	1790945084041	1790945084048	OK	 
USER	Timer Scenario	END	1790945084048
USER	No Metrics Scenario	START	1790945084071
USER	Counter Scenario	START	1790945084071
USER	Gauge Scenario	START	1790945084071
USER	Timer Scenario	START	1790945084071
REQUEST		request_no_metrics	1790945084070	1790945084073	OK	 
REQUEST		request_gauge	1790945084070	1790945084073	OK	 
REQUEST		request_timer	1790945084070	1790945084073	OK	 
USER	No Metrics Scenario	END	1790945084073
USER	Gauge Scenario	END	1790945084073
USER	Timer Scenario	END	1790945084073
REQUEST		request_counter	1790945084070	1790945084076	OK	 
USER	Counter Scenario	END	1790945084077
USER	No Metrics Scenario	START	1790945084078
REQUEST		request_no_metrics	1790945084078	1790945084085	OK	 
USER	No Metrics Scenario	END	1790945084085
USER	Counter Scenario	START	1790945084087
USER	Gauge Scenario	START	1790945084087
USER	Timer Scenario	START	1790945084087
REQUEST		request_counter	1790945084086	1790945084089	OK	 
REQUEST		request_gauge	1790945084086	1790945084089	OK	 
REQUEST		request_timer	1790945084086	1790945084089	OK	 
USER	Counter Scenario	END	1790945084089
USER	Timer Scenario	END	1790945084089
USER	Gauge Scenario	END	1790945084089
USER	Counter Scenario	START	1790945084109
USER	No Metrics Scenario	START	1790945084109
USER	Timer Scenario	START	1790945084109
REQUEST		request_no_metrics	1790945084108	1790945084112	OK	 
USER	No Metrics Scenario	END	1790945084112
USER	Gauge Scenario	START	1790945084113
REQUEST		request_timer	1790945084108	1790945084114	OK	 
USER	Timer Scenario	END	1790945084114
REQUEST		request_counter	1790945084109	1790945084114	OK	 
USER	Counter Scenario	END	1790945084114
REQUEST		request_gauge	1790945084112	1790945084115	OK	 
USER	Gauge Scenario	END	1790945084116
USER	Counter Scenario	START	1790945084124
USER	Gauge Scenario	START	1790945084124
USER	No Metrics Scenario	START	1790945084124
USER	Timer Scenario	START	1790945084124
REQUEST		request_no_metrics	1790945084124	1790945084126	OK	 
REQUEST		request_gauge	1790945084124	1790945084127	OK	 
REQUEST		request_timer	1790945084124	1790945084127	OK	 
REQUEST		request_counter	1790945084124	1790945084127	OK	 
USER	No Metrics Scenario	END	1790945084127
USER	Gauge Scenario	END	1790945084127
USER	Timer Scenario	END	1790945084127
USER	Counter Scenario	END	1790945084127
USER	Timer Scenario	START	1790945084140
USER	No Metrics Scenario	START	1790945084140
USER	Counter Scenario	START	1790945084140
USER	Gauge Scenario	START	1790945084142
REQUEST		request_no_metrics	1790945084139	1790945084143	OK	 
REQUEST		request_counter	1790945084139	1790945084144	OK	 
USER	No Metrics Scenario	END	1790945084144
USER	Counter Scenario	END	1790945084144
REQUEST		request_timer	1790945084139	1790945084145	OK	 
USER	Timer Scenario	END	1790945084146
REQUEST		request_gauge	1790945084142	1790945084147	OK	 
USER	Gauge Scenario	END	1790945084148
USER	Gauge Scenario	START	1790945084171
USER	No Metrics Scenario	START	1790945084174
USER	Timer Scenario	START	1790945084177
REQUEST		request_gauge	1790945084171	1790945084177	OK	 
USER	Gauge Scenario	END	1790945084178
REQUEST		request_no_metrics	1790945084174	1790945084180	OK	 
USER	No Metrics Scenario	END	1790945084180
USER	Counter Scenario	START	1790945084182
REQUEST		request_timer	1790945084175	1790945084183	OK	 
USER	Timer Scenario	END	1790945084184
REQUEST		request_counter	1790945084175	1790945084187	OK	 
USER	Counter Scenario	END	1790945084188
