RUN	io.github.yubrajsahoo.smf4j.benchmark.gatling.Smf4jSimulation	smf4jsimulation	1790946348353	 	3.11.5
USER	No Metrics Scenario	START	1790946350125
USER	Counter Scenario	START	1790946350125
USER	Timer Scenario	START	1790946350127
USER	No Metrics Scenario	START	1790946350128
USER	Counter Scenario	START	1790946350128
USER	Gauge Scenario	START	1790946350128
USER	Timer Scenario	START	1790946350129
USER	Gauge Scenario	START	1790946350129
USER	Gauge Scenario	START	1790946350131
USER	Timer Scenario	START	1790946350134
USER	No Metrics Scenario	START	1790946350138
USER	Counter Scenario	START	1790946350138
USER	Counter Scenario	START	1790946350138
USER	Counter Scenario	START	1790946350139
USER	Gauge Scenario	START	1790946350139
USER	Gauge Scenario	START	1790946350141
USER	Counter Scenario	START	1790946350141
USER	Timer Scenario	START	1790946350142
USER	Counter Scenario	START	1790946350125
USER	Timer Scenario	START	1790946350145
USER	No Metrics Scenario	START	1790946350144
USER	Timer Scenario	START	1790946350148
USER	No Metrics Scenario	START	1790946350159
USER	No Metrics Scenario	START	1790946350161
USER	Counter Scenario	START	1790946350164
USER	Gauge Scenario	START	1790946350164
USER	Timer Scenario	START	1790946350166
USER	No Metrics Scenario	START	1790946350168
USER	Timer Scenario	START	1790946350168
USER	Gauge Scenario	START	1790946350169
USER	Timer Scenario	START	1790946350173
USER	No Metrics Scenario	START	1790946350175
USER	Gauge Scenario	START	1790946350169
USER	Gauge Scenario	START	1790946350180
USER	No Metrics Scenario	START	1790946350191
USER	Gauge Scenario	START	1790946350191
USER	Timer Scenario	START	1790946350192
USER	Counter Scenario	START	1790946350197
USER	No Metrics Scenario	START	1790946350213
USER	Counter Scenario	START	1790946350219
USER	Timer Scenario	START	1790946350225
USER	Counter Scenario	START	1790946350227
USER	No Metrics Scenario	START	1790946350234
USER	Timer Scenario	START	1790946350234
USER	No Metrics Scenario	START	1790946350243
USER	Gauge Scenario	START	1790946350247
USER	Counter Scenario	START	1790946350247
USER	Gauge Scenario	START	1790946350251
USER	Gauge Scenario	START	1790946350252
USER	Counter Scenario	START	1790946350259
USER	Timer Scenario	START	1790946350259
USER	No Metrics Scenario	START	1790946350268
USER	Timer Scenario	START	1790946350274
USER	Gauge Scenario	START	1790946350281
USER	Counter Scenario	START	1790946350281
USER	No Metrics Scenario	START	1790946350281
USER	Timer Scenario	START	1790946350303
USER	Counter Scenario	START	1790946350303
USER	No Metrics Scenario	START	1790946350307
USER	Gauge Scenario	START	1790946350316
USER	Timer Scenario	START	1790946350318
USER	Gauge Scenario	START	1790946350319
USER	Counter Scenario	START	1790946350317
USER	No Metrics Scenario	START	1790946350331
USER	Gauge Scenario	START	1790946350333
USER	Timer Scenario	START	1790946350340
USER	No Metrics Scenario	START	1790946350346
USER	Counter Scenario	START	1790946350349
USER	Gauge Scenario	START	1790946350376
USER	No Metrics Scenario	START	1790946350376
USER	Counter Scenario	START	1790946350381
USER	Timer Scenario	START	1790946350381
USER	Timer Scenario	START	1790946350383
USER	Gauge Scenario	START	1790946350384
REQUEST		request_no_metrics	1790946350173	1790946350372	OK	 
REQUEST		request_no_metrics	1790946350190	1790946350392	OK	 
REQUEST		request_no_metrics	1790946350162	1790946350382	OK	 
REQUEST		request_no_metrics	1790946350104	1790946350370	OK	 
REQUEST		request_no_metrics	1790946350158	1790946350387	OK	 
REQUEST		request_no_metrics	1790946350211	1790946350371	OK	 
REQUEST		request_no_metrics	1790946350233	1790946350373	OK	 
REQUEST		request_no_metrics	1790946350105	1790946350373	OK	 
REQUEST		request_no_metrics	1790946350266	1790946350372	OK	 
REQUEST		request_no_metrics	1790946350159	1790946350392	OK	 
REQUEST		request_no_metrics	1790946350330	1790946350392	OK	 
USER	No Metrics Scenario	END	1790946350465
USER	No Metrics Scenario	END	1790946350465
USER	No Metrics Scenario	END	1790946350465
REQUEST		request_no_metrics	1790946350105	1790946350391	OK	 
USER	Timer Scenario	START	1790946350467
USER	Counter Scenario	START	1790946350467
USER	No Metrics Scenario	END	1790946350468
USER	No Metrics Scenario	END	1790946350468
USER	No Metrics Scenario	END	1790946350468
USER	No Metrics Scenario	END	1790946350468
USER	No Metrics Scenario	END	1790946350468
USER	No Metrics Scenario	END	1790946350470
USER	No Metrics Scenario	END	1790946350470
USER	Counter Scenario	START	1790946350471
USER	No Metrics Scenario	START	1790946350471
USER	Counter Scenario	START	1790946350473
REQUEST		request_no_metrics	1790946350105	1790946350370	OK	 
USER	Gauge Scenario	START	1790946350473
USER	Gauge Scenario	START	1790946350474
REQUEST		request_no_metrics	1790946350344	1790946350475	OK	 
USER	No Metrics Scenario	START	1790946350469
REQUEST		request_gauge	1790946350250	1790946350476	OK	 
REQUEST		request_no_metrics	1790946350242	1790946350370	OK	 
USER	No Metrics Scenario	END	1790946350477
USER	No Metrics Scenario	END	1790946350477
USER	Timer Scenario	START	1790946350477
REQUEST		request_no_metrics	1790946350280	1790946350389	OK	 
USER	No Metrics Scenario	END	1790946350477
USER	Gauge Scenario	START	1790946350478
USER	Timer Scenario	START	1790946350478
USER	Counter Scenario	START	1790946350479
REQUEST		request_gauge	1790946350127	1790946350480	OK	 
USER	No Metrics Scenario	END	1790946350481
REQUEST		request_gauge	1790946350168	1790946350475	OK	 
REQUEST		request_gauge	1790946350163	1790946350481	OK	 
USER	Gauge Scenario	END	1790946350482
USER	Gauge Scenario	END	1790946350483
USER	Gauge Scenario	END	1790946350484
REQUEST		request_gauge	1790946350317	1790946350486	OK	 
REQUEST		request_gauge	1790946350129	1790946350480	OK	 
USER	Gauge Scenario	END	1790946350487
USER	Gauge Scenario	END	1790946350488
USER	Gauge Scenario	END	1790946350489
REQUEST		request_gauge	1790946350105	1790946350490	OK	 
USER	No Metrics Scenario	START	1790946350491
USER	Gauge Scenario	END	1790946350491
REQUEST		request_no_metrics	1790946350306	1790946350387	OK	 
REQUEST		request_gauge	1790946350331	1790946350491	OK	 
USER	No Metrics Scenario	END	1790946350492
USER	Gauge Scenario	END	1790946350493
REQUEST		request_gauge	1790946350471	1790946350502	OK	 
USER	No Metrics Scenario	START	1790946350502
USER	Gauge Scenario	START	1790946350503
USER	Gauge Scenario	END	1790946350505
REQUEST		request_no_metrics	1790946350469	1790946350508	OK	 
USER	No Metrics Scenario	END	1790946350509
REQUEST		request_no_metrics	1790946350488	1790946350512	OK	 
REQUEST		request_no_metrics	1790946350471	1790946350515	OK	 
REQUEST		request_gauge	1790946350501	1790946350517	OK	 
REQUEST		request_no_metrics	1790946350501	1790946350519	OK	 
USER	No Metrics Scenario	END	1790946350520
USER	No Metrics Scenario	END	1790946350520
USER	Gauge Scenario	END	1790946350521
USER	No Metrics Scenario	END	1790946350521
USER	Counter Scenario	START	1790946350531
USER	No Metrics Scenario	END	1790946350533
USER	No Metrics Scenario	END	1790946350533
REQUEST		request_gauge	1790946350247	1790946350542	OK	 
USER	Timer Scenario	START	1790946350543
USER	Gauge Scenario	END	1790946350543
USER	Timer Scenario	START	1790946350543
USER	No Metrics Scenario	START	1790946350544
USER	Timer Scenario	START	1790946350546
USER	Gauge Scenario	START	1790946350547
USER	Counter Scenario	START	1790946350547
USER	Counter Scenario	START	1790946350550
REQUEST		request_gauge	1790946350306	1790946350550	OK	 
USER	Gauge Scenario	END	1790946350551
REQUEST		request_gauge	1790946350191	1790946350552	OK	 
REQUEST		request_gauge	1790946350168	1790946350552	OK	 
USER	Gauge Scenario	END	1790946350556
REQUEST		request_gauge	1790946350472	1790946350556	OK	 
USER	Gauge Scenario	END	1790946350558
USER	No Metrics Scenario	START	1790946350559
USER	No Metrics Scenario	START	1790946350559
USER	No Metrics Scenario	START	1790946350559
USER	Timer Scenario	START	1790946350559
REQUEST		request_gauge	1790946350473	1790946350560	OK	 
USER	Timer Scenario	START	1790946350560
USER	Gauge Scenario	START	1790946350561
USER	Counter Scenario	START	1790946350566
REQUEST		request_gauge	1790946350280	1790946350569	OK	 
USER	Gauge Scenario	END	1790946350570
REQUEST		request_gauge	1790946350252	1790946350573	OK	 
USER	Gauge Scenario	START	1790946350577
USER	Timer Scenario	START	1790946350580
USER	Gauge Scenario	END	1790946350586
USER	Gauge Scenario	END	1790946350586
USER	Gauge Scenario	END	1790946350586
REQUEST		request_gauge	1790946350105	1790946350586	OK	 
REQUEST		request_no_metrics	1790946350556	1790946350587	OK	 
REQUEST		request_gauge	1790946350179	1790946350586	OK	 
USER	No Metrics Scenario	END	1790946350587
USER	Gauge Scenario	END	1790946350588
USER	Counter Scenario	START	1790946350588
USER	Gauge Scenario	START	1790946350589
USER	No Metrics Scenario	START	1790946350592
USER	No Metrics Scenario	START	1790946350598
USER	Gauge Scenario	END	1790946350600
USER	Counter Scenario	START	1790946350602
REQUEST		request_gauge	1790946350374	1790946350602	OK	 
REQUEST		request_gauge	1790946350140	1790946350602	OK	 
USER	Gauge Scenario	END	1790946350603
REQUEST		request_no_metrics	1790946350591	1790946350607	OK	 
USER	No Metrics Scenario	END	1790946350608
USER	No Metrics Scenario	START	1790946350610
USER	Timer Scenario	START	1790946350610
REQUEST		request_counter	1790946350466	1790946350615	OK	 
REQUEST		request_counter	1790946350467	1790946350615	OK	 
REQUEST		request_counter	1790946350466	1790946350617	OK	 
REQUEST		request_counter	1790946350219	1790946350617	OK	 
USER	Counter Scenario	END	1790946350618
USER	Counter Scenario	END	1790946350618
USER	Counter Scenario	END	1790946350618
USER	Counter Scenario	END	1790946350618
REQUEST		request_counter	1790946350564	1790946350621	OK	 
USER	Counter Scenario	START	1790946350621
USER	Counter Scenario	START	1790946350623
USER	Gauge Scenario	START	1790946350624
USER	Counter Scenario	START	1790946350626
USER	Counter Scenario	END	1790946350626
USER	Gauge Scenario	START	1790946350626
REQUEST		request_gauge	1790946350588	1790946350630	OK	 
REQUEST		request_counter	1790946350623	1790946350631	OK	 
USER	Gauge Scenario	END	1790946350632
USER	Counter Scenario	END	1790946350633
USER	Gauge Scenario	END	1790946350636
USER	Timer Scenario	START	1790946350640
USER	Gauge Scenario	START	1790946350640
REQUEST		request_gauge	1790946350479	1790946350640	OK	 
USER	Gauge Scenario	END	1790946350642
REQUEST		request_gauge	1790946350383	1790946350644	OK	 
USER	Gauge Scenario	END	1790946350644
USER	No Metrics Scenario	START	1790946350645
REQUEST		request_gauge	1790946350576	1790946350647	OK	 
USER	Gauge Scenario	END	1790946350648
USER	Timer Scenario	START	1790946350647
REQUEST		request_counter	1790946350347	1790946350648	OK	 
USER	Counter Scenario	END	1790946350649
REQUEST		request_counter	1790946350104	1790946350649	OK	 
USER	Counter Scenario	END	1790946350650
USER	Counter Scenario	START	1790946350650
USER	Timer Scenario	START	1790946350651
USER	Gauge Scenario	START	1790946350652
USER	Gauge Scenario	START	1790946350656
REQUEST		request_no_metrics	1790946350374	1790946350658	OK	 
REQUEST		request_no_metrics	1790946350474	1790946350658	OK	 
USER	No Metrics Scenario	END	1790946350659
USER	No Metrics Scenario	END	1790946350659
REQUEST		request_no_metrics	1790946350558	1790946350664	OK	 
USER	No Metrics Scenario	END	1790946350668
REQUEST		request_no_metrics	1790946350607	1790946350668	OK	 
USER	No Metrics Scenario	START	1790946350673
USER	Gauge Scenario	START	1790946350674
USER	No Metrics Scenario	END	1790946350676
REQUEST		request_gauge	1790946350655	1790946350675	OK	 
REQUEST		request_no_metrics	1790946350670	1790946350681	OK	 
REQUEST		request_counter	1790946350650	1790946350683	OK	 
USER	Counter Scenario	START	1790946350687
REQUEST		request_counter	1790946350569	1790946350696	OK	 
USER	Gauge Scenario	END	1790946350699
USER	Counter Scenario	START	1790946350700
USER	No Metrics Scenario	END	1790946350700
USER	Counter Scenario	END	1790946350701
USER	Counter Scenario	END	1790946350701
USER	Counter Scenario	START	1790946350702
USER	No Metrics Scenario	START	1790946350702
USER	Timer Scenario	START	1790946350705
REQUEST		request_counter	1790946350700	1790946350707	OK	 
USER	Timer Scenario	START	1790946350713
USER	No Metrics Scenario	START	1790946350719
USER	Gauge Scenario	START	1790946350721
REQUEST		request_no_metrics	1790946350595	1790946350722	OK	 
REQUEST		request_counter	1790946350591	1790946350723	OK	 
REQUEST		request_gauge	1790946350639	1790946350721	OK	 
REQUEST		request_counter	1790946350685	1790946350727	OK	 
USER	Timer Scenario	START	1790946350728
REQUEST		request_no_metrics	1790946350718	1790946350733	OK	 
REQUEST		request_gauge	1790946350716	1790946350733	OK	 
USER	Gauge Scenario	START	1790946350737
REQUEST		request_gauge	1790946350736	1790946350742	OK	 
USER	Counter Scenario	END	1790946350708
REQUEST		request_no_metrics	1790946350532	1790946350745	OK	 
USER	No Metrics Scenario	END	1790946350747
USER	Gauge Scenario	END	1790946350747
USER	Counter Scenario	END	1790946350748
USER	No Metrics Scenario	END	1790946350748
USER	Gauge Scenario	END	1790946350748
USER	Counter Scenario	END	1790946350748
USER	Gauge Scenario	END	1790946350748
USER	No Metrics Scenario	START	1790946350749
REQUEST		request_gauge	1790946350651	1790946350748	OK	 
USER	Gauge Scenario	END	1790946350751
REQUEST		request_no_metrics	1790946350748	1790946350756	OK	 
USER	No Metrics Scenario	END	1790946350757
USER	Counter Scenario	START	1790946350765
REQUEST		request_counter	1790946350280	1790946350768	OK	 
USER	Counter Scenario	END	1790946350770
USER	Timer Scenario	START	1790946350772
REQUEST		request_gauge	1790946350532	1790946350693	OK	 
USER	Gauge Scenario	END	1790946350774
REQUEST		request_counter	1790946350764	1790946350776	OK	 
USER	Counter Scenario	END	1790946350779
USER	Counter Scenario	START	1790946350781
USER	No Metrics Scenario	START	1790946350787
REQUEST		request_counter	1790946350780	1790946350790	OK	 
USER	No Metrics Scenario	START	1790946350793
USER	Timer Scenario	START	1790946350795
USER	Gauge Scenario	START	1790946350795
USER	No Metrics Scenario	END	1790946350804
USER	Counter Scenario	END	1790946350804
USER	Gauge Scenario	START	1790946350811
USER	No Metrics Scenario	START	1790946350811
REQUEST		request_gauge	1790946350810	1790946350818	OK	 
USER	Gauge Scenario	END	1790946350819
USER	Gauge Scenario	START	1790946350819
REQUEST		request_gauge	1790946350794	1790946350819	OK	 
USER	Gauge Scenario	END	1790946350820
REQUEST		request_gauge	1790946350623	1790946350819	OK	 
USER	Gauge Scenario	END	1790946350822
REQUEST		request_no_metrics	1790946350810	1790946350824	OK	 
USER	No Metrics Scenario	END	1790946350825
USER	Counter Scenario	START	1790946350827
USER	No Metrics Scenario	START	1790946350827
USER	Counter Scenario	START	1790946350817
REQUEST		request_no_metrics	1790946350826	1790946350832	OK	 
USER	No Metrics Scenario	END	1790946350834
USER	Gauge Scenario	START	1790946350835
USER	No Metrics Scenario	START	1790946350836
USER	Timer Scenario	START	1790946350838
USER	Timer Scenario	START	1790946350846
USER	No Metrics Scenario	START	1790946350847
REQUEST		request_counter	1790946350575	1790946350832	OK	 
USER	No Metrics Scenario	START	1790946350850
REQUEST		request_gauge	1790946350594	1790946350850	OK	 
USER	Gauge Scenario	END	1790946350852
USER	Timer Scenario	START	1790946350853
USER	Counter Scenario	START	1790946350858
USER	Gauge Scenario	START	1790946350859
USER	Counter Scenario	START	1790946350862
USER	Timer Scenario	START	1790946350863
USER	Gauge Scenario	START	1790946350865
USER	Counter Scenario	END	1790946350868
USER	Timer Scenario	START	1790946350868
REQUEST		request_counter	1790946350860	1790946350869	OK	 
USER	Counter Scenario	END	1790946350870
REQUEST		request_gauge	1790946350661	1790946350870	OK	 
REQUEST		request_no_metrics	1790946350700	1790946350859	OK	 
USER	Counter Scenario	START	1790946350872
USER	Gauge Scenario	START	1790946350872
REQUEST		request_counter	1790946350809	1790946350872	OK	 
USER	Gauge Scenario	START	1790946350873
USER	Counter Scenario	START	1790946350875
USER	Timer Scenario	START	1790946350875
REQUEST		request_gauge	1790946350785	1790946350874	OK	 
USER	Gauge Scenario	END	1790946350875
USER	Counter Scenario	END	1790946350876
USER	No Metrics Scenario	END	1790946350876
USER	Gauge Scenario	END	1790946350876
REQUEST		request_no_metrics	1790946350609	1790946350878	OK	 
REQUEST		request_counter	1790946350661	1790946350881	OK	 
REQUEST		request_gauge	1790946350859	1790946350884	OK	 
USER	Gauge Scenario	END	1790946350885
REQUEST		request_no_metrics	1790946350777	1790946350884	OK	 
USER	No Metrics Scenario	END	1790946350886
USER	Gauge Scenario	START	1790946350886
USER	No Metrics Scenario	END	1790946350887
USER	Gauge Scenario	START	1790946350889
USER	No Metrics Scenario	START	1790946350891
USER	Counter Scenario	END	1790946350892
USER	No Metrics Scenario	START	1790946350898
USER	No Metrics Scenario	START	1790946350900
REQUEST		request_gauge	1790946350888	1790946350904	OK	 
USER	Gauge Scenario	END	1790946350904
USER	Timer Scenario	START	1790946350905
USER	Counter Scenario	START	1790946350906
USER	No Metrics Scenario	START	1790946350906
REQUEST		request_no_metrics	1790946350708	1790946350906	OK	 
REQUEST		request_counter	1790946350871	1790946350908	OK	 
USER	Counter Scenario	END	1790946350909
REQUEST		request_no_metrics	1790946350838	1790946350909	OK	 
USER	No Metrics Scenario	END	1790946350910
USER	Timer Scenario	START	1790946350911
USER	No Metrics Scenario	END	1790946350912
USER	Timer Scenario	START	1790946350913
REQUEST		request_no_metrics	1790946350891	1790946350916	OK	 
USER	No Metrics Scenario	END	1790946350917
REQUEST		request_no_metrics	1790946350836	1790946350918	OK	 
USER	No Metrics Scenario	END	1790946350919
REQUEST		request_gauge	1790946350873	1790946350920	OK	 
USER	Gauge Scenario	END	1790946350921
REQUEST		request_gauge	1790946350880	1790946350922	OK	 
REQUEST		request_gauge	1790946350835	1790946350921	OK	 
USER	Gauge Scenario	END	1790946350923
USER	Gauge Scenario	END	1790946350923
USER	Counter Scenario	START	1790946350923
REQUEST		request_no_metrics	1790946350906	1790946350927	OK	 
USER	No Metrics Scenario	END	1790946350928
REQUEST		request_counter	1790946350874	1790946350927	OK	 
USER	Counter Scenario	END	1790946350929
USER	Gauge Scenario	START	1790946350933
USER	Counter Scenario	START	1790946350933
REQUEST		request_counter	1790946350815	1790946350934	OK	 
REQUEST		request_counter	1790946350857	1790946350934	OK	 
REQUEST		request_counter	1790946350922	1790946350933	OK	 
USER	Counter Scenario	END	1790946350936
USER	Timer Scenario	START	1790946350937
USER	Gauge Scenario	START	1790946350937
USER	Counter Scenario	START	1790946350938
USER	No Metrics Scenario	START	1790946350938
REQUEST		request_gauge	1790946350872	1790946350940	OK	 
USER	Counter Scenario	END	1790946350941
USER	Counter Scenario	END	1790946350941
USER	Gauge Scenario	END	1790946350941
REQUEST		request_no_metrics	1790946350846	1790946350941	OK	 
USER	No Metrics Scenario	END	1790946350941
REQUEST		request_no_metrics	1790946350897	1790946350943	OK	 
REQUEST		request_counter	1790946350932	1790946350944	OK	 
REQUEST		request_counter	1790946350466	1790946350946	OK	 
REQUEST		request_no_metrics	1790946350937	1790946350946	OK	 
USER	Counter Scenario	END	1790946350947
USER	No Metrics Scenario	END	1790946350947
USER	Counter Scenario	END	1790946350948
REQUEST		request_counter	1790946350109	1790946350947	OK	 
REQUEST		request_counter	1790946350549	1790946350948	OK	 
USER	Counter Scenario	END	1790946350949
REQUEST		request_counter	1790946350140	1790946350950	OK	 
REQUEST		request_counter	1790946350104	1790946350953	OK	 
USER	Gauge Scenario	START	1790946350954
USER	Timer Scenario	START	1790946350954
REQUEST		request_counter	1790946350104	1790946350954	OK	 
REQUEST		request_counter	1790946350163	1790946350956	OK	 
REQUEST		request_counter	1790946350258	1790946350956	OK	 
USER	Counter Scenario	END	1790946350958
USER	Counter Scenario	END	1790946350958
USER	Counter Scenario	END	1790946350958
USER	No Metrics Scenario	START	1790946350958
REQUEST		request_counter	1790946350205	1790946350952	OK	 
REQUEST		request_counter	1790946350380	1790946350959	OK	 
REQUEST		request_counter	1790946350300	1790946350960	OK	 
REQUEST		request_counter	1790946350104	1790946350960	OK	 
REQUEST		request_counter	1790946350481	1790946350961	OK	 
REQUEST		request_counter	1790946350904	1790946350963	OK	 
REQUEST		request_timer	1790946350609	1790946350963	OK	 
REQUEST		request_timer	1790946350258	1790946350964	OK	 
REQUEST		request_counter	1790946350247	1790946350965	OK	 
REQUEST		request_timer	1790946350105	1790946350964	OK	 
REQUEST		request_counter	1790946350937	1790946350966	OK	 
USER	Timer Scenario	START	1790946350967
REQUEST		request_timer	1790946350127	1790946350968	OK	 
USER	Gauge Scenario	START	1790946350969
REQUEST		request_no_metrics	1790946350888	1790946350971	OK	 
REQUEST		request_timer	1790946350477	1790946350971	OK	 
REQUEST		request_timer	1790946350544	1790946350973	OK	 
REQUEST		request_timer	1790946350542	1790946350973	OK	 
REQUEST		request_timer	1790946350316	1790946350974	OK	 
REQUEST		request_timer	1790946350558	1790946350974	OK	 
REQUEST		request_gauge	1790946350937	1790946350975	OK	 
USER	Counter Scenario	END	1790946350976
USER	Counter Scenario	END	1790946350976
USER	Counter Scenario	END	1790946350976
USER	Counter Scenario	END	1790946350976
USER	Counter Scenario	END	1790946350976
REQUEST		request_timer	1790946350147	1790946350976	OK	 
REQUEST		request_timer	1790946350233	1790946350976	OK	 
USER	Counter Scenario	END	1790946350976
USER	Counter Scenario	END	1790946350976
USER	Counter Scenario	END	1790946350976
USER	No Metrics Scenario	END	1790946350976
USER	Counter Scenario	END	1790946350976
USER	Timer Scenario	END	1790946350976
USER	Timer Scenario	END	1790946350976
USER	Counter Scenario	END	1790946350976
USER	Timer Scenario	END	1790946350976
USER	Counter Scenario	END	1790946350976
USER	Timer Scenario	END	1790946350976
USER	Timer Scenario	END	1790946350976
REQUEST		request_timer	1790946350952	1790946350976	OK	 
USER	No Metrics Scenario	END	1790946350977
USER	Timer Scenario	END	1790946350977
USER	Timer Scenario	END	1790946350977
USER	Timer Scenario	END	1790946350977
USER	Gauge Scenario	END	1790946350977
USER	Timer Scenario	END	1790946350977
USER	Timer Scenario	END	1790946350977
USER	Timer Scenario	END	1790946350977
USER	Timer Scenario	END	1790946350977
REQUEST		request_counter	1790946350196	1790946350977	OK	 
USER	No Metrics Scenario	START	1790946350978
USER	Counter Scenario	END	1790946350978
REQUEST		request_timer	1790946350105	1790946350978	OK	 
REQUEST		request_gauge	1790946350857	1790946350978	OK	 
REQUEST		request_timer	1790946350380	1790946350979	OK	 
REQUEST		request_counter	1790946350105	1790946350979	OK	 
REQUEST		request_timer	1790946350466	1790946350979	OK	 
REQUEST		request_timer	1790946350220	1790946350979	OK	 
REQUEST		request_timer	1790946350912	1790946350980	OK	 
REQUEST		request_timer	1790946350266	1790946350980	OK	 
REQUEST		request_timer	1790946350469	1790946350981	OK	 
USER	Gauge Scenario	END	1790946350982
USER	Timer Scenario	END	1790946350982
USER	Counter Scenario	END	1790946350982
USER	Timer Scenario	END	1790946350982
USER	Timer Scenario	END	1790946350982
USER	Timer Scenario	END	1790946350982
USER	Timer Scenario	END	1790946350982
USER	Timer Scenario	END	1790946350982
USER	No Metrics Scenario	START	1790946350982
USER	Counter Scenario	START	1790946350983
REQUEST		request_timer	1790946350300	1790946350983	OK	 
USER	Counter Scenario	START	1790946350983
REQUEST		request_timer	1790946350331	1790946350984	OK	 
REQUEST		request_timer	1790946350191	1790946350984	OK	 
REQUEST		request_timer	1790946350639	1790946350985	OK	 
USER	Timer Scenario	END	1790946350985
USER	Timer Scenario	END	1790946350985
USER	Timer Scenario	END	1790946350985
REQUEST		request_no_metrics	1790946350980	1790946350985	OK	 
USER	No Metrics Scenario	END	1790946350986
REQUEST		request_timer	1790946350903	1790946350988	OK	 
REQUEST		request_timer	1790946350724	1790946350990	OK	 
REQUEST		request_gauge	1790946350932	1790946350991	OK	 
REQUEST		request_timer	1790946350861	1790946350991	OK	 
REQUEST		request_timer	1790946350128	1790946350992	OK	 
REQUEST		request_timer	1790946350646	1790946350992	OK	 
REQUEST		request_counter	1790946350478	1790946350981	OK	 
REQUEST		request_timer	1790946350382	1790946350980	OK	 
REQUEST		request_timer	1790946350712	1790946350994	OK	 
REQUEST		request_timer	1790946350105	1790946350994	OK	 
REQUEST		request_timer	1790946350874	1790946350994	OK	 
REQUEST		request_timer	1790946350896	1790946350995	OK	 
REQUEST		request_counter	1790946350597	1790946350996	OK	 
REQUEST		request_timer	1790946350937	1790946350996	OK	 
REQUEST		request_timer	1790946350170	1790946350997	OK	 
REQUEST		request_counter	1790946350982	1790946350998	OK	 
REQUEST		request_timer	1790946350649	1790946350998	OK	 
REQUEST		request_timer	1790946350794	1790946350999	OK	 
REQUEST		request_timer	1790946350560	1790946350999	OK	 
USER	Counter Scenario	START	1790946350999
USER	Timer Scenario	END	1790946351000
REQUEST		request_timer	1790946350476	1790946350999	OK	 
USER	Timer Scenario	END	1790946351000
USER	Timer Scenario	END	1790946351000
USER	Gauge Scenario	END	1790946351000
USER	Timer Scenario	END	1790946351000
USER	Timer Scenario	END	1790946351000
USER	Timer Scenario	END	1790946351000
USER	Timer Scenario	END	1790946351000
USER	Counter Scenario	END	1790946351000
USER	Timer Scenario	END	1790946351000
USER	Timer Scenario	END	1790946351000
USER	Timer Scenario	END	1790946351000
USER	Timer Scenario	END	1790946351000
USER	Timer Scenario	END	1790946351000
REQUEST		request_timer	1790946350966	1790946351002	OK	 
USER	Timer Scenario	END	1790946351001
USER	Counter Scenario	END	1790946351003
USER	Counter Scenario	END	1790946351003
USER	Timer Scenario	END	1790946351003
USER	Timer Scenario	END	1790946351003
USER	Timer Scenario	END	1790946351003
USER	Timer Scenario	END	1790946351003
REQUEST		request_timer	1790946350849	1790946351003	OK	 
USER	Timer Scenario	START	1790946351004
USER	Timer Scenario	END	1790946351004
USER	Timer Scenario	END	1790946351004
REQUEST		request_timer	1790946350165	1790946351005	OK	 
USER	Timer Scenario	END	1790946351005
USER	Timer Scenario	END	1790946351006
REQUEST		request_counter	1790946350316	1790946351005	OK	 
REQUEST		request_gauge	1790946350967	1790946351005	OK	 
USER	Gauge Scenario	END	1790946351006
REQUEST		request_timer	1790946350830	1790946351006	OK	 
REQUEST		request_timer	1790946350771	1790946351006	OK	 
USER	Timer Scenario	END	1790946351007
USER	Timer Scenario	END	1790946351007
REQUEST		request_timer	1790946350852	1790946351007	OK	 
REQUEST		request_gauge	1790946350953	1790946351007	OK	 
USER	Timer Scenario	END	1790946351007
USER	Gauge Scenario	END	1790946351008
USER	Gauge Scenario	START	1790946351009
REQUEST		request_counter	1790946350993	1790946351009	OK	 
REQUEST		request_timer	1790946350703	1790946351009	OK	 
USER	Counter Scenario	END	1790946351010
USER	No Metrics Scenario	START	1790946351010
USER	Counter Scenario	END	1790946351010
USER	Timer Scenario	END	1790946351011
REQUEST		request_no_metrics	1790946350958	1790946351011	OK	 
REQUEST		request_timer	1790946350167	1790946351011	OK	 
USER	No Metrics Scenario	END	1790946351012
USER	Timer Scenario	END	1790946351012
REQUEST		request_timer	1790946350559	1790946351013	OK	 
REQUEST		request_timer	1790946350837	1790946351013	OK	 
USER	Timer Scenario	END	1790946351015
USER	Timer Scenario	END	1790946351015
USER	Counter Scenario	START	1790946351015
REQUEST		request_gauge	1790946351008	1790946351015	OK	 
REQUEST		request_no_metrics	1790946351004	1790946351016	OK	 
USER	Gauge Scenario	END	1790946351017
USER	No Metrics Scenario	END	1790946351017
USER	Timer Scenario	START	1790946351016
USER	Gauge Scenario	START	1790946351018
REQUEST		request_timer	1790946350993	1790946351019	OK	 
USER	Timer Scenario	END	1790946351020
REQUEST		request_counter	1790946350981	1790946351020	OK	 
USER	Counter Scenario	END	1790946351021
REQUEST		request_no_metrics	1790946350977	1790946351021	OK	 
REQUEST		request_counter	1790946351014	1790946351021	OK	 
USER	Counter Scenario	END	1790946351022
USER	No Metrics Scenario	END	1790946351022
REQUEST		request_gauge	1790946351017	1790946351025	OK	 
USER	Gauge Scenario	END	1790946351025
REQUEST		request_timer	1790946351011	1790946351026	OK	 
USER	Timer Scenario	END	1790946351027
USER	Timer Scenario	START	1790946351030
USER	No Metrics Scenario	START	1790946351031
USER	Gauge Scenario	START	1790946351030
REQUEST		request_no_metrics	1790946351030	1790946351034	OK	 
REQUEST		request_gauge	1790946351030	1790946351035	OK	 
USER	No Metrics Scenario	END	1790946351035
USER	Gauge Scenario	END	1790946351035
REQUEST		request_timer	1790946351030	1790946351035	OK	 
USER	Timer Scenario	END	1790946351036
USER	Counter Scenario	START	1790946351047
USER	No Metrics Scenario	START	1790946351047
REQUEST		request_no_metrics	1790946351046	1790946351050	OK	 
REQUEST		request_counter	1790946351046	1790946351050	OK	 
USER	Counter Scenario	END	1790946351051
USER	No Metrics Scenario	END	1790946351051
USER	Gauge Scenario	START	1790946351062
USER	Counter Scenario	START	1790946351062
USER	No Metrics Scenario	START	1790946351062
USER	Timer Scenario	START	1790946351063
REQUEST		request_counter	1790946351062	1790946351066	OK	 
REQUEST		request_no_metrics	1790946351061	1790946351066	OK	 
REQUEST		request_timer	1790946351062	1790946351066	OK	 
REQUEST		request_gauge	1790946351061	1790946351066	OK	 
USER	No Metrics Scenario	END	1790946351067
USER	Counter Scenario	END	1790946351067
USER	Timer Scenario	END	1790946351067
USER	Gauge Scenario	END	1790946351067
USER	Gauge Scenario	START	1790946351078
USER	Counter Scenario	START	1790946351078
USER	Timer Scenario	START	1790946351078
REQUEST		request_counter	1790946351077	1790946351082	OK	 
REQUEST		request_gauge	1790946351077	1790946351082	OK	 
REQUEST		request_timer	1790946351077	1790946351082	OK	 
USER	Counter Scenario	END	1790946351083
USER	Gauge Scenario	END	1790946351083
USER	Timer Scenario	END	1790946351083
USER	Gauge Scenario	START	1790946351093
USER	No Metrics Scenario	START	1790946351093
USER	Counter Scenario	START	1790946351093
USER	Timer Scenario	START	1790946351093
REQUEST		request_no_metrics	1790946351092	1790946351097	OK	 
REQUEST		request_timer	1790946351092	1790946351097	OK	 
REQUEST		request_gauge	1790946351092	1790946351097	OK	 
USER	No Metrics Scenario	END	1790946351098
USER	Gauge Scenario	END	1790946351098
USER	Timer Scenario	END	1790946351098
REQUEST		request_counter	1790946351092	1790946351099	OK	 
USER	Counter Scenario	END	1790946351100
USER	No Metrics Scenario	START	1790946351108
USER	Timer Scenario	START	1790946351108
USER	Gauge Scenario	START	1790946351108
REQUEST		request_no_metrics	1790946351108	1790946351112	OK	 
USER	No Metrics Scenario	END	1790946351112
REQUEST		request_timer	1790946351107	1790946351112	OK	 
REQUEST		request_gauge	1790946351107	1790946351112	OK	 
USER	Gauge Scenario	END	1790946351113
USER	Timer Scenario	END	1790946351113
USER	Counter Scenario	START	1790946351124
USER	No Metrics Scenario	START	1790946351124
REQUEST		request_no_metrics	1790946351123	1790946351127	OK	 
USER	No Metrics Scenario	END	1790946351128
REQUEST		request_counter	1790946351123	1790946351128	OK	 
USER	Counter Scenario	END	1790946351129
USER	No Metrics Scenario	START	1790946351140
USER	Gauge Scenario	START	1790946351140
USER	Counter Scenario	START	1790946351140
USER	Timer Scenario	START	1790946351140
REQUEST		request_timer	1790946351139	1790946351144	OK	 
REQUEST		request_counter	1790946351139	1790946351144	OK	 
REQUEST		request_gauge	1790946351139	1790946351144	OK	 
USER	Counter Scenario	END	1790946351145
USER	Timer Scenario	END	1790946351145
USER	Gauge Scenario	END	1790946351145
REQUEST		request_no_metrics	1790946351139	1790946351146	OK	 
USER	No Metrics Scenario	END	1790946351146
USER	Gauge Scenario	START	1790946351155
USER	Counter Scenario	START	1790946351155
USER	Timer Scenario	START	1790946351155
REQUEST		request_gauge	1790946351155	1790946351160	OK	 
REQUEST		request_counter	1790946351155	1790946351160	OK	 
REQUEST		request_timer	1790946351155	1790946351160	OK	 
USER	Gauge Scenario	END	1790946351161
USER	Timer Scenario	END	1790946351161
USER	Counter Scenario	END	1790946351161
USER	Timer Scenario	START	1790946351172
USER	Gauge Scenario	START	1790946351172
USER	No Metrics Scenario	START	1790946351172
REQUEST		request_no_metrics	1790946351171	1790946351175	OK	 
REQUEST		request_gauge	1790946351171	1790946351176	OK	 
USER	No Metrics Scenario	END	1790946351176
USER	Gauge Scenario	END	1790946351176
REQUEST		request_timer	1790946351171	1790946351176	OK	 
USER	Timer Scenario	END	1790946351177
USER	Counter Scenario	START	1790946351188
USER	No Metrics Scenario	START	1790946351188
USER	Timer Scenario	START	1790946351188
REQUEST		request_counter	1790946351187	1790946351192	OK	 
REQUEST		request_no_metrics	1790946351187	1790946351192	OK	 
USER	Counter Scenario	END	1790946351193
USER	No Metrics Scenario	END	1790946351193
REQUEST		request_timer	1790946351187	1790946351194	OK	 
USER	Timer Scenario	END	1790946351194
USER	No Metrics Scenario	START	1790946351204
USER	Counter Scenario	START	1790946351204
USER	Gauge Scenario	START	1790946351204
REQUEST		request_no_metrics	1790946351203	1790946351209	OK	 
REQUEST		request_gauge	1790946351203	1790946351209	OK	 
REQUEST		request_counter	1790946351203	1790946351210	OK	 
USER	No Metrics Scenario	END	1790946351210
USER	Counter Scenario	END	1790946351210
USER	Gauge Scenario	END	1790946351210
USER	No Metrics Scenario	START	1790946351219
USER	Gauge Scenario	START	1790946351219
USER	Timer Scenario	START	1790946351219
USER	Counter Scenario	START	1790946351220
REQUEST		request_no_metrics	1790946351219	1790946351223	OK	 
USER	No Metrics Scenario	END	1790946351224
REQUEST		request_gauge	1790946351219	1790946351225	OK	 
USER	Gauge Scenario	END	1790946351226
REQUEST		request_counter	1790946351219	1790946351227	OK	 
USER	Counter Scenario	END	1790946351228
REQUEST		request_timer	1790946351219	1790946351230	OK	 
USER	Timer Scenario	END	1790946351231
USER	Gauge Scenario	START	1790946351235
USER	Counter Scenario	START	1790946351235
USER	Timer Scenario	START	1790946351235
REQUEST		request_gauge	1790946351234	1790946351239	OK	 
USER	Gauge Scenario	END	1790946351240
REQUEST		request_timer	1790946351234	1790946351241	OK	 
REQUEST		request_counter	1790946351234	1790946351240	OK	 
USER	Timer Scenario	END	1790946351242
USER	Counter Scenario	END	1790946351243
USER	Timer Scenario	START	1790946351250
USER	Gauge Scenario	START	1790946351250
USER	No Metrics Scenario	START	1790946351250
REQUEST		request_no_metrics	1790946351249	1790946351254	OK	 
REQUEST		request_gauge	1790946351249	1790946351254	OK	 
USER	Gauge Scenario	END	1790946351256
USER	No Metrics Scenario	END	1790946351256
REQUEST		request_timer	1790946351249	1790946351257	OK	 
USER	Timer Scenario	END	1790946351257
USER	Counter Scenario	START	1790946351266
USER	No Metrics Scenario	START	1790946351266
REQUEST		request_counter	1790946351265	1790946351270	OK	 
REQUEST		request_no_metrics	1790946351265	1790946351270	OK	 
USER	No Metrics Scenario	END	1790946351271
USER	Counter Scenario	END	1790946351271
USER	Timer Scenario	START	1790946351282
USER	Gauge Scenario	START	1790946351282
USER	Counter Scenario	START	1790946351282
USER	No Metrics Scenario	START	1790946351282
REQUEST		request_no_metrics	1790946351282	1790946351286	OK	 
REQUEST		request_timer	1790946351281	1790946351287	OK	 
USER	No Metrics Scenario	END	1790946351288
USER	Timer Scenario	END	1790946351288
REQUEST		request_gauge	1790946351281	1790946351289	OK	 
USER	Gauge Scenario	END	1790946351290
REQUEST		request_counter	1790946351281	1790946351291	OK	 
USER	Counter Scenario	END	1790946351291
USER	Counter Scenario	START	1790946351298
USER	Gauge Scenario	START	1790946351298
USER	Timer Scenario	START	1790946351298
REQUEST		request_counter	1790946351297	1790946351302	OK	 
REQUEST		request_timer	1790946351298	1790946351303	OK	 
REQUEST		request_gauge	1790946351298	1790946351303	OK	 
USER	Counter Scenario	END	1790946351303
USER	Timer Scenario	END	1790946351303
USER	Gauge Scenario	END	1790946351304
USER	No Metrics Scenario	START	1790946351314
USER	Gauge Scenario	START	1790946351314
USER	Timer Scenario	START	1790946351314
USER	Counter Scenario	START	1790946351314
REQUEST		request_counter	1790946351313	1790946351318	OK	 
REQUEST		request_no_metrics	1790946351313	1790946351318	OK	 
REQUEST		request_timer	1790946351313	1790946351318	OK	 
USER	No Metrics Scenario	END	1790946351319
USER	Counter Scenario	END	1790946351319
USER	Timer Scenario	END	1790946351319
REQUEST		request_gauge	1790946351313	1790946351319	OK	 
USER	Gauge Scenario	END	1790946351320
USER	Gauge Scenario	START	1790946351330
USER	Timer Scenario	START	1790946351330
USER	No Metrics Scenario	START	1790946351330
REQUEST		request_no_metrics	1790946351330	1790946351334	OK	 
REQUEST		request_timer	1790946351329	1790946351334	OK	 
REQUEST		request_gauge	1790946351329	1790946351334	OK	 
USER	Timer Scenario	END	1790946351335
USER	Gauge Scenario	END	1790946351335
USER	No Metrics Scenario	END	1790946351335
USER	Counter Scenario	START	1790946351346
USER	No Metrics Scenario	START	1790946351346
REQUEST		request_no_metrics	1790946351345	1790946351349	OK	 
USER	No Metrics Scenario	END	1790946351350
REQUEST		request_counter	1790946351345	1790946351350	OK	 
USER	Counter Scenario	END	1790946351350
USER	Timer Scenario	START	1790946351362
USER	No Metrics Scenario	START	1790946351362
USER	Counter Scenario	START	1790946351362
USER	Gauge Scenario	START	1790946351363
REQUEST		request_no_metrics	1790946351361	1790946351365	OK	 
REQUEST		request_counter	1790946351361	1790946351365	OK	 
REQUEST		request_timer	1790946351361	1790946351365	OK	 
USER	Counter Scenario	END	1790946351365
USER	No Metrics Scenario	END	1790946351366
USER	Timer Scenario	END	1790946351366
REQUEST		request_gauge	1790946351362	1790946351367	OK	 
USER	Gauge Scenario	END	1790946351367
USER	Timer Scenario	START	1790946351377
USER	Counter Scenario	START	1790946351377
USER	Gauge Scenario	START	1790946351377
REQUEST		request_timer	1790946351376	1790946351381	OK	 
REQUEST		request_gauge	1790946351376	1790946351381	OK	 
REQUEST		request_counter	1790946351376	1790946351381	OK	 
USER	Gauge Scenario	END	1790946351381
USER	Counter Scenario	END	1790946351381
USER	Timer Scenario	END	1790946351381
USER	No Metrics Scenario	START	1790946351393
USER	Counter Scenario	START	1790946351393
USER	Gauge Scenario	START	1790946351393
USER	Timer Scenario	START	1790946351395
REQUEST		request_no_metrics	1790946351392	1790946351397	OK	 
REQUEST		request_gauge	1790946351392	1790946351397	OK	 
REQUEST		request_counter	1790946351393	1790946351397	OK	 
USER	No Metrics Scenario	END	1790946351398
USER	Gauge Scenario	END	1790946351398
USER	Counter Scenario	END	1790946351398
REQUEST		request_timer	1790946351393	1790946351398	OK	 
USER	Timer Scenario	END	1790946351399
USER	No Metrics Scenario	START	1790946351409
USER	Timer Scenario	START	1790946351409
USER	Gauge Scenario	START	1790946351409
REQUEST		request_no_metrics	1790946351408	1790946351412	OK	 
REQUEST		request_timer	1790946351408	1790946351412	OK	 
REQUEST		request_gauge	1790946351408	1790946351412	OK	 
USER	No Metrics Scenario	END	1790946351413
USER	Timer Scenario	END	1790946351413
USER	Gauge Scenario	END	1790946351413
USER	Counter Scenario	START	1790946351424
USER	No Metrics Scenario	START	1790946351425
REQUEST		request_no_metrics	1790946351424	1790946351428	OK	 
REQUEST		request_counter	1790946351424	1790946351428	OK	 
USER	No Metrics Scenario	END	1790946351428
USER	Counter Scenario	END	1790946351428
USER	Counter Scenario	START	1790946351440
USER	Gauge Scenario	START	1790946351440
USER	Timer Scenario	START	1790946351440
USER	No Metrics Scenario	START	1790946351440
REQUEST		request_no_metrics	1790946351439	1790946351444	OK	 
REQUEST		request_timer	1790946351439	1790946351444	OK	 
REQUEST		request_gauge	1790946351439	1790946351444	OK	 
USER	No Metrics Scenario	END	1790946351445
USER	Timer Scenario	END	1790946351445
USER	Gauge Scenario	END	1790946351445
REQUEST		request_counter	1790946351439	1790946351445	OK	 
USER	Counter Scenario	END	1790946351446
USER	Counter Scenario	START	1790946351456
USER	Timer Scenario	START	1790946351456
USER	Gauge Scenario	START	1790946351456
REQUEST		request_gauge	1790946351455	1790946351459	OK	 
USER	Gauge Scenario	END	1790946351460
REQUEST		request_timer	1790946351455	1790946351460	OK	 
REQUEST		request_counter	1790946351455	1790946351460	OK	 
USER	Timer Scenario	END	1790946351460
USER	Counter Scenario	END	1790946351460
USER	No Metrics Scenario	START	1790946351472
USER	Timer Scenario	START	1790946351472
USER	Gauge Scenario	START	1790946351472
REQUEST		request_no_metrics	1790946351471	1790946351475	OK	 
USER	No Metrics Scenario	END	1790946351476
REQUEST		request_gauge	1790946351471	1790946351476	OK	 
REQUEST		request_timer	1790946351471	1790946351476	OK	 
USER	Gauge Scenario	END	1790946351477
USER	Timer Scenario	END	1790946351477
USER	Counter Scenario	START	1790946351488
USER	No Metrics Scenario	START	1790946351488
REQUEST		request_no_metrics	1790946351486	1790946351491	OK	 
REQUEST		request_counter	1790946351486	1790946351491	OK	 
USER	No Metrics Scenario	END	1790946351492
USER	Counter Scenario	END	1790946351492
USER	No Metrics Scenario	START	1790946351504
USER	Counter Scenario	START	1790946351504
USER	Gauge Scenario	START	1790946351504
USER	Timer Scenario	START	1790946351504
REQUEST		request_no_metrics	1790946351503	1790946351507	OK	 
REQUEST		request_counter	1790946351503	1790946351507	OK	 
REQUEST		request_timer	1790946351503	1790946351507	OK	 
REQUEST		request_gauge	1790946351503	1790946351508	OK	 
USER	No Metrics Scenario	END	1790946351508
USER	Counter Scenario	END	1790946351508
USER	Timer Scenario	END	1790946351508
USER	Gauge Scenario	END	1790946351508
USER	Timer Scenario	START	1790946351519
USER	Counter Scenario	START	1790946351519
USER	Gauge Scenario	START	1790946351519
REQUEST		request_counter	1790946351519	1790946351523	OK	 
REQUEST		request_gauge	1790946351519	1790946351523	OK	 
REQUEST		request_timer	1790946351519	1790946351523	OK	 
USER	Counter Scenario	END	1790946351524
USER	Gauge Scenario	END	1790946351524
USER	Timer Scenario	END	1790946351524
USER	No Metrics Scenario	START	1790946351535
USER	Timer Scenario	START	1790946351535
USER	Gauge Scenario	START	1790946351535
USER	Counter Scenario	START	1790946351535
REQUEST		request_no_metrics	1790946351534	1790946351538	OK	 
REQUEST		request_timer	1790946351534	1790946351538	OK	 
REQUEST		request_counter	1790946351534	1790946351538	OK	 
REQUEST		request_gauge	1790946351534	1790946351538	OK	 
USER	Counter Scenario	END	1790946351539
USER	Gauge Scenario	END	1790946351539
USER	Timer Scenario	END	1790946351539
USER	No Metrics Scenario	END	1790946351539
USER	No Metrics Scenario	START	1790946351550
USER	Gauge Scenario	START	1790946351550
USER	Timer Scenario	START	1790946351550
REQUEST		request_no_metrics	1790946351550	1790946351553	OK	 
REQUEST		request_gauge	1790946351550	1790946351554	OK	 
USER	No Metrics Scenario	END	1790946351554
USER	Gauge Scenario	END	1790946351554
REQUEST		request_timer	1790946351550	1790946351554	OK	 
USER	Timer Scenario	END	1790946351555
USER	Counter Scenario	START	1790946351567
USER	No Metrics Scenario	START	1790946351567
REQUEST		request_no_metrics	1790946351566	1790946351570	OK	 
REQUEST		request_counter	1790946351566	1790946351571	OK	 
USER	No Metrics Scenario	END	1790946351571
USER	Counter Scenario	END	1790946351571
USER	Timer Scenario	START	1790946351583
USER	No Metrics Scenario	START	1790946351583
USER	Gauge Scenario	START	1790946351583
USER	Counter Scenario	START	1790946351583
REQUEST		request_no_metrics	1790946351582	1790946351586	OK	 
REQUEST		request_gauge	1790946351582	1790946351586	OK	 
REQUEST		request_timer	1790946351582	1790946351586	OK	 
REQUEST		request_counter	1790946351582	1790946351586	OK	 
USER	No Metrics Scenario	END	1790946351587
USER	Counter Scenario	END	1790946351587
USER	Timer Scenario	END	1790946351587
USER	Gauge Scenario	END	1790946351587
USER	Counter Scenario	START	1790946351599
USER	Timer Scenario	START	1790946351599
USER	Gauge Scenario	START	1790946351599
REQUEST		request_timer	1790946351598	1790946351603	OK	 
REQUEST		request_counter	1790946351598	1790946351603	OK	 
REQUEST		request_gauge	1790946351599	1790946351603	OK	 
USER	Timer Scenario	END	1790946351604
USER	Gauge Scenario	END	1790946351604
USER	Counter Scenario	END	1790946351604
USER	Counter Scenario	START	1790946351615
USER	Timer Scenario	START	1790946351615
USER	No Metrics Scenario	START	1790946351615
USER	Gauge Scenario	START	1790946351615
REQUEST		request_no_metrics	1790946351614	1790946351619	OK	 
REQUEST		request_timer	1790946351614	1790946351619	OK	 
REQUEST		request_gauge	1790946351614	1790946351619	OK	 
REQUEST		request_counter	1790946351614	1790946351619	OK	 
USER	No Metrics Scenario	END	1790946351620
USER	Timer Scenario	END	1790946351620
USER	Counter Scenario	END	1790946351620
USER	Gauge Scenario	END	1790946351620
USER	No Metrics Scenario	START	1790946351630
USER	Timer Scenario	START	1790946351630
USER	Gauge Scenario	START	1790946351630
REQUEST		request_no_metrics	1790946351630	1790946351634	OK	 
REQUEST		request_timer	1790946351630	1790946351634	OK	 
REQUEST		request_gauge	1790946351630	1790946351634	OK	 
USER	No Metrics Scenario	END	1790946351634
USER	Gauge Scenario	END	1790946351635
USER	Timer Scenario	END	1790946351635
USER	Counter Scenario	START	1790946351646
USER	No Metrics Scenario	START	1790946351646
REQUEST		request_no_metrics	1790946351646	1790946351650	OK	 
USER	No Metrics Scenario	END	1790946351651
REQUEST		request_counter	1790946351646	1790946351651	OK	 
USER	Counter Scenario	END	1790946351652
USER	Gauge Scenario	START	1790946351662
USER	No Metrics Scenario	START	1790946351662
USER	Counter Scenario	START	1790946351662
USER	Timer Scenario	START	1790946351662
REQUEST		request_no_metrics	1790946351661	1790946351666	OK	 
REQUEST		request_timer	1790946351661	1790946351666	OK	 
REQUEST		request_counter	1790946351661	1790946351666	OK	 
USER	No Metrics Scenario	END	1790946351667
USER	Timer Scenario	END	1790946351667
USER	Counter Scenario	END	1790946351667
REQUEST		request_gauge	1790946351661	1790946351666	OK	 
USER	Gauge Scenario	END	1790946351667
USER	Gauge Scenario	START	1790946351678
USER	Counter Scenario	START	1790946351678
USER	Timer Scenario	START	1790946351678
REQUEST		request_counter	1790946351678	1790946351682	OK	 
REQUEST		request_timer	1790946351677	1790946351682	OK	 
REQUEST		request_gauge	1790946351677	1790946351682	OK	 
USER	Timer Scenario	END	1790946351682
USER	Counter Scenario	END	1790946351683
USER	Gauge Scenario	END	1790946351683
USER	Timer Scenario	START	1790946351694
USER	Gauge Scenario	START	1790946351694
USER	No Metrics Scenario	START	1790946351694
USER	Counter Scenario	START	1790946351695
REQUEST		request_no_metrics	1790946351694	1790946351697	OK	 
USER	No Metrics Scenario	END	1790946351698
REQUEST		request_counter	1790946351694	1790946351699	OK	 
REQUEST		request_gauge	1790946351693	1790946351699	OK	 
REQUEST		request_timer	1790946351693	1790946351699	OK	 
USER	Gauge Scenario	END	1790946351699
USER	Counter Scenario	END	1790946351699
USER	Timer Scenario	END	1790946351700
USER	Timer Scenario	START	1790946351711
USER	Gauge Scenario	START	1790946351711
USER	No Metrics Scenario	START	1790946351711
REQUEST		request_no_metrics	1790946351710	1790946351715	OK	 
REQUEST		request_gauge	1790946351710	1790946351715	OK	 
USER	Gauge Scenario	END	1790946351716
USER	No Metrics Scenario	END	1790946351716
REQUEST		request_timer	1790946351710	1790946351716	OK	 
USER	Timer Scenario	END	1790946351716
USER	No Metrics Scenario	START	1790946351726
USER	Counter Scenario	START	1790946351726
REQUEST		request_counter	1790946351726	1790946351731	OK	 
REQUEST		request_no_metrics	1790946351726	1790946351731	OK	 
USER	No Metrics Scenario	END	1790946351732
USER	Counter Scenario	END	1790946351732
USER	Timer Scenario	START	1790946351742
USER	Gauge Scenario	START	1790946351742
USER	No Metrics Scenario	START	1790946351742
USER	Counter Scenario	START	1790946351742
REQUEST		request_timer	1790946351741	1790946351747	OK	 
REQUEST		request_gauge	1790946351741	1790946351747	OK	 
REQUEST		request_counter	1790946351741	1790946351747	OK	 
USER	Gauge Scenario	END	1790946351747
USER	Timer Scenario	END	1790946351747
USER	Counter Scenario	END	1790946351747
REQUEST		request_no_metrics	1790946351741	1790946351747	OK	 
USER	No Metrics Scenario	END	1790946351748
USER	Counter Scenario	START	1790946351758
USER	Gauge Scenario	START	1790946351758
USER	Timer Scenario	START	1790946351758
REQUEST		request_gauge	1790946351757	1790946351761	OK	 
USER	Gauge Scenario	END	1790946351762
REQUEST		request_timer	1790946351757	1790946351762	OK	 
REQUEST		request_counter	1790946351757	1790946351762	OK	 
USER	Counter Scenario	END	1790946351763
USER	Timer Scenario	END	1790946351763
USER	Timer Scenario	START	1790946351774
USER	Counter Scenario	START	1790946351774
USER	No Metrics Scenario	START	1790946351774
USER	Gauge Scenario	START	1790946351774
REQUEST		request_no_metrics	1790946351774	1790946351777	OK	 
REQUEST		request_gauge	1790946351774	1790946351778	OK	 
USER	Gauge Scenario	END	1790946351778
USER	No Metrics Scenario	END	1790946351778
REQUEST		request_counter	1790946351774	1790946351778	OK	 
REQUEST		request_timer	1790946351774	1790946351778	OK	 
USER	Counter Scenario	END	1790946351779
USER	Timer Scenario	END	1790946351779
USER	No Metrics Scenario	START	1790946351790
USER	Gauge Scenario	START	1790946351790
REQUEST		request_no_metrics	1790946351789	1790946351793	OK	 
USER	No Metrics Scenario	END	1790946351794
REQUEST		request_gauge	1790946351789	1790946351794	OK	 
USER	Gauge Scenario	END	1790946351795
USER	No Metrics Scenario	START	1790946351806
USER	Counter Scenario	START	1790946351806
USER	Timer Scenario	START	1790946351806
REQUEST		request_no_metrics	1790946351805	1790946351809	OK	 
USER	No Metrics Scenario	END	1790946351810
REQUEST		request_counter	1790946351805	1790946351810	OK	 
REQUEST		request_timer	1790946351805	1790946351810	OK	 
USER	Counter Scenario	END	1790946351810
USER	Timer Scenario	END	1790946351811
USER	Timer Scenario	START	1790946351822
USER	No Metrics Scenario	START	1790946351822
USER	Gauge Scenario	START	1790946351822
USER	Counter Scenario	START	1790946351822
REQUEST		request_counter	1790946351821	1790946351826	OK	 
REQUEST		request_no_metrics	1790946351821	1790946351826	OK	 
REQUEST		request_timer	1790946351821	1790946351826	OK	 
REQUEST		request_gauge	1790946351821	1790946351826	OK	 
USER	No Metrics Scenario	END	1790946351827
USER	Counter Scenario	END	1790946351827
USER	Gauge Scenario	END	1790946351827
USER	Timer Scenario	END	1790946351827
USER	Timer Scenario	START	1790946351838
USER	Counter Scenario	START	1790946351838
USER	Gauge Scenario	START	1790946351838
REQUEST		request_timer	1790946351837	1790946351842	OK	 
REQUEST		request_counter	1790946351837	1790946351842	OK	 
REQUEST		request_gauge	1790946351837	1790946351842	OK	 
USER	Timer Scenario	END	1790946351842
USER	Counter Scenario	END	1790946351842
USER	Gauge Scenario	END	1790946351842
USER	No Metrics Scenario	START	1790946351853
USER	Timer Scenario	START	1790946351853
USER	Gauge Scenario	START	1790946351853
REQUEST		request_gauge	1790946351852	1790946351856	OK	 
REQUEST		request_no_metrics	1790946351852	1790946351856	OK	 
REQUEST		request_timer	1790946351852	1790946351856	OK	 
USER	Timer Scenario	END	1790946351856
USER	No Metrics Scenario	END	1790946351857
USER	Gauge Scenario	END	1790946351857
USER	No Metrics Scenario	START	1790946351869
USER	Counter Scenario	START	1790946351869
REQUEST		request_no_metrics	1790946351868	1790946351872	OK	 
REQUEST		request_counter	1790946351868	1790946351872	OK	 
USER	No Metrics Scenario	END	1790946351873
USER	Counter Scenario	END	1790946351873
USER	Timer Scenario	START	1790946351884
USER	Gauge Scenario	START	1790946351884
USER	No Metrics Scenario	START	1790946351884
USER	Counter Scenario	START	1790946351884
REQUEST		request_no_metrics	1790946351883	1790946351888	OK	 
REQUEST		request_gauge	1790946351883	1790946351888	OK	 
USER	Gauge Scenario	END	1790946351889
USER	No Metrics Scenario	END	1790946351889
REQUEST		request_timer	1790946351883	1790946351889	OK	 
REQUEST		request_counter	1790946351883	1790946351890	OK	 
USER	Timer Scenario	END	1790946351890
USER	Counter Scenario	END	1790946351890
USER	Counter Scenario	START	1790946351900
USER	Timer Scenario	START	1790946351900
USER	Gauge Scenario	START	1790946351900
REQUEST		request_counter	1790946351899	1790946351904	OK	 
REQUEST		request_timer	1790946351899	1790946351904	OK	 
REQUEST		request_gauge	1790946351899	1790946351904	OK	 
USER	Timer Scenario	END	1790946351905
USER	Counter Scenario	END	1790946351905
USER	Gauge Scenario	END	1790946351905
USER	Counter Scenario	START	1790946351916
USER	Gauge Scenario	START	1790946351916
USER	No Metrics Scenario	START	1790946351916
USER	Timer Scenario	START	1790946351916
REQUEST		request_timer	1790946351915	1790946351920	OK	 
USER	Timer Scenario	END	1790946351921
REQUEST		request_counter	1790946351915	1790946351921	OK	 
REQUEST		request_gauge	1790946351915	1790946351922	OK	 
USER	Gauge Scenario	END	1790946351922
REQUEST		request_no_metrics	1790946351915	1790946351922	OK	 
USER	Counter Scenario	END	1790946351923
USER	No Metrics Scenario	END	1790946351923
USER	Gauge Scenario	START	1790946351932
USER	Timer Scenario	START	1790946351932
USER	No Metrics Scenario	START	1790946351932
REQUEST		request_no_metrics	1790946351932	1790946351937	OK	 
REQUEST		request_gauge	1790946351931	1790946351937	OK	 
USER	Gauge Scenario	END	1790946351938
USER	No Metrics Scenario	END	1790946351939
REQUEST		request_timer	1790946351932	1790946351939	OK	 
USER	Timer Scenario	END	1790946351940
USER	No Metrics Scenario	START	1790946351948
USER	Counter Scenario	START	1790946351948
REQUEST		request_no_metrics	1790946351947	1790946351951	OK	 
USER	No Metrics Scenario	END	1790946351953
REQUEST		request_counter	1790946351947	1790946351954	OK	 
USER	Counter Scenario	END	1790946351955
USER	No Metrics Scenario	START	1790946351963
USER	Timer Scenario	START	1790946351964
USER	Gauge Scenario	START	1790946351964
USER	Counter Scenario	START	1790946351966
REQUEST		request_gauge	1790946351963	1790946351968	OK	 
USER	Gauge Scenario	END	1790946351969
REQUEST		request_no_metrics	1790946351963	1790946351970	OK	 
REQUEST		request_timer	1790946351963	1790946351971	OK	 
USER	No Metrics Scenario	END	1790946351973
USER	Timer Scenario	END	1790946351973
REQUEST		request_counter	1790946351964	1790946351979	OK	 
USER	Counter Scenario	END	1790946351980
USER	Counter Scenario	START	1790946351982
USER	Gauge Scenario	START	1790946351983
USER	Timer Scenario	START	1790946351984
REQUEST		request_counter	1790946351981	1790946351987	OK	 
USER	Counter Scenario	END	1790946351990
REQUEST		request_timer	1790946351982	1790946351991	OK	 
USER	Timer Scenario	END	1790946351992
REQUEST		request_gauge	1790946351982	1790946351992	OK	 
USER	Gauge Scenario	END	1790946351992
USER	Timer Scenario	START	1790946351994
USER	Counter Scenario	START	1790946351994
USER	Gauge Scenario	START	1790946351994
USER	No Metrics Scenario	START	1790946351996
REQUEST		request_counter	1790946351994	1790946351999	OK	 
REQUEST		request_no_metrics	1790946351995	1790946352000	OK	 
USER	Counter Scenario	END	1790946352001
REQUEST		request_timer	1790946351994	1790946352001	OK	 
USER	No Metrics Scenario	END	1790946352001
USER	Timer Scenario	END	1790946352001
REQUEST		request_gauge	1790946351994	1790946352002	OK	 
USER	Gauge Scenario	END	1790946352003
USER	Timer Scenario	START	1790946352011
USER	No Metrics Scenario	START	1790946352011
REQUEST		request_no_metrics	1790946352010	1790946352014	OK	 
REQUEST		request_timer	1790946352010	1790946352015	OK	 
USER	No Metrics Scenario	END	1790946352016
USER	Timer Scenario	END	1790946352016
USER	Counter Scenario	START	1790946352027
USER	Gauge Scenario	START	1790946352027
USER	No Metrics Scenario	START	1790946352027
REQUEST		request_no_metrics	1790946352026	1790946352030	OK	 
REQUEST		request_counter	1790946352026	1790946352031	OK	 
REQUEST		request_gauge	1790946352026	1790946352031	OK	 
USER	No Metrics Scenario	END	1790946352037
USER	Counter Scenario	END	1790946352037
USER	Gauge Scenario	END	1790946352037
USER	Counter Scenario	START	1790946352042
USER	Timer Scenario	START	1790946352042
REQUEST		request_counter	1790946352041	1790946352046	OK	 
USER	No Metrics Scenario	START	1790946352048
REQUEST		request_timer	1790946352041	1790946352049	OK	 
USER	Gauge Scenario	START	1790946352050
REQUEST		request_no_metrics	1790946352047	1790946352051	OK	 
USER	Counter Scenario	END	1790946352053
USER	Timer Scenario	END	1790946352054
USER	No Metrics Scenario	END	1790946352054
REQUEST		request_gauge	1790946352049	1790946352054	OK	 
USER	Gauge Scenario	END	1790946352055
USER	Timer Scenario	START	1790946352057
USER	Gauge Scenario	START	1790946352057
USER	No Metrics Scenario	START	1790946352057
USER	Counter Scenario	START	1790946352060
REQUEST		request_timer	1790946352057	1790946352061	OK	 
REQUEST		request_gauge	1790946352057	1790946352061	OK	 
USER	Timer Scenario	END	1790946352063
USER	Gauge Scenario	END	1790946352063
REQUEST		request_no_metrics	1790946352057	1790946352064	OK	 
USER	No Metrics Scenario	END	1790946352065
REQUEST		request_counter	1790946352058	1790946352065	OK	 
USER	Counter Scenario	END	1790946352066
USER	Gauge Scenario	START	1790946352073
USER	No Metrics Scenario	START	1790946352073
USER	Counter Scenario	START	1790946352073
USER	Timer Scenario	START	1790946352073
REQUEST		request_no_metrics	1790946352072	1790946352076	OK	 
REQUEST		request_gauge	1790946352072	1790946352077	OK	 
USER	No Metrics Scenario	END	1790946352077
REQUEST		request_counter	1790946352072	1790946352077	OK	 
USER	Gauge Scenario	END	1790946352078
USER	Counter Scenario	END	1790946352078
REQUEST		request_timer	1790946352072	1790946352077	OK	 
USER	Timer Scenario	END	1790946352078
USER	No Metrics Scenario	START	1790946352089
USER	Gauge Scenario	START	1790946352089
USER	Counter Scenario	START	1790946352089
USER	Timer Scenario	START	1790946352091
REQUEST		request_counter	1790946352089	1790946352091	OK	 
REQUEST		request_no_metrics	1790946352089	1790946352091	OK	 
USER	No Metrics Scenario	END	1790946352092
USER	Counter Scenario	END	1790946352092
REQUEST		request_gauge	1790946352089	1790946352097	OK	 
USER	Gauge Scenario	END	1790946352098
REQUEST		request_timer	1790946352090	1790946352098	OK	 
USER	Timer Scenario	END	1790946352099
USER	No Metrics Scenario	START	1790946352105
USER	Gauge Scenario	START	1790946352105
USER	Counter Scenario	START	1790946352105
USER	Timer Scenario	START	1790946352106
REQUEST		request_no_metrics	1790946352104	1790946352107	OK	 
REQUEST		request_counter	1790946352104	1790946352107	OK	 
REQUEST		request_gauge	1790946352104	1790946352108	OK	 
USER	No Metrics Scenario	END	1790946352108
USER	Counter Scenario	END	1790946352108
USER	Gauge Scenario	END	1790946352108
REQUEST		request_timer	1790946352105	1790946352108	OK	 
USER	Timer Scenario	END	1790946352109
USER	No Metrics Scenario	START	1790946352132
USER	Counter Scenario	START	1790946352132
USER	Gauge Scenario	START	1790946352132
USER	Timer Scenario	START	1790946352132
REQUEST		request_no_metrics	1790946352131	1790946352134	OK	 
REQUEST		request_counter	1790946352131	1790946352134	OK	 
USER	No Metrics Scenario	END	1790946352135
USER	Counter Scenario	END	1790946352135
REQUEST		request_gauge	1790946352131	1790946352135	OK	 
USER	Gauge Scenario	END	1790946352135
REQUEST		request_timer	1790946352132	1790946352136	OK	 
USER	Timer Scenario	END	1790946352136
USER	Gauge Scenario	START	1790946352148
USER	No Metrics Scenario	START	1790946352148
USER	Counter Scenario	START	1790946352148
USER	Timer Scenario	START	1790946352149
REQUEST		request_no_metrics	1790946352147	1790946352150	OK	 
USER	No Metrics Scenario	END	1790946352150
REQUEST		request_counter	1790946352147	1790946352150	OK	 
USER	Counter Scenario	END	1790946352151
REQUEST		request_gauge	1790946352147	1790946352151	OK	 
USER	Gauge Scenario	END	1790946352152
REQUEST		request_timer	1790946352148	1790946352152	OK	 
USER	Timer Scenario	END	1790946352153
USER	No Metrics Scenario	START	1790946352179
USER	Gauge Scenario	START	1790946352179
USER	Counter Scenario	START	1790946352179
USER	Timer Scenario	START	1790946352180
REQUEST		request_no_metrics	1790946352178	1790946352187	OK	 
REQUEST		request_counter	1790946352178	1790946352188	OK	 
USER	No Metrics Scenario	END	1790946352188
USER	Counter Scenario	END	1790946352188
USER	Counter Scenario	START	1790946352189
USER	No Metrics Scenario	START	1790946352189
REQUEST		request_timer	1790946352179	1790946352190	OK	 
USER	Timer Scenario	END	1790946352190
REQUEST		request_gauge	1790946352178	1790946352191	OK	 
USER	Gauge Scenario	END	1790946352191
REQUEST		request_no_metrics	1790946352189	1790946352192	OK	 
USER	No Metrics Scenario	END	1790946352192
REQUEST		request_counter	1790946352188	1790946352193	OK	 
USER	Counter Scenario	END	1790946352193
USER	Gauge Scenario	START	1790946352194
USER	Timer Scenario	START	1790946352195
REQUEST		request_gauge	1790946352194	1790946352198	OK	 
USER	Gauge Scenario	END	1790946352199
REQUEST		request_timer	1790946352195	1790946352199	OK	 
USER	Timer Scenario	END	1790946352200
USER	Counter Scenario	START	1790946352210
USER	Gauge Scenario	START	1790946352210
USER	No Metrics Scenario	START	1790946352210
USER	Timer Scenario	START	1790946352211
REQUEST		request_no_metrics	1790946352209	1790946352213	OK	 
REQUEST		request_counter	1790946352209	1790946352213	OK	 
USER	No Metrics Scenario	END	1790946352213
USER	Counter Scenario	END	1790946352213
REQUEST		request_gauge	1790946352209	1790946352213	OK	 
USER	Gauge Scenario	END	1790946352214
REQUEST		request_timer	1790946352210	1790946352214	OK	 
USER	Timer Scenario	END	1790946352215
USER	Counter Scenario	START	1790946352226
USER	Gauge Scenario	START	1790946352226
USER	No Metrics Scenario	START	1790946352226
USER	Timer Scenario	START	1790946352227
REQUEST		request_no_metrics	1790946352225	1790946352228	OK	 
REQUEST		request_counter	1790946352225	1790946352229	OK	 
USER	No Metrics Scenario	END	1790946352229
REQUEST		request_gauge	1790946352225	1790946352229	OK	 
USER	Counter Scenario	END	1790946352230
USER	Gauge Scenario	END	1790946352230
REQUEST		request_timer	1790946352226	1790946352230	OK	 
USER	Timer Scenario	END	1790946352231
USER	Counter Scenario	START	1790946352258
USER	Gauge Scenario	START	1790946352258
USER	No Metrics Scenario	START	1790946352258
USER	Timer Scenario	START	1790946352259
REQUEST		request_no_metrics	1790946352257	1790946352260	OK	 
REQUEST		request_counter	1790946352257	1790946352261	OK	 
USER	No Metrics Scenario	END	1790946352261
USER	Counter Scenario	END	1790946352261
REQUEST		request_gauge	1790946352258	1790946352262	OK	 
USER	Gauge Scenario	END	1790946352263
REQUEST		request_timer	1790946352258	1790946352263	OK	 
USER	Timer Scenario	END	1790946352263
USER	Counter Scenario	START	1790946352264
REQUEST		request_counter	1790946352264	1790946352268	OK	 
USER	Counter Scenario	END	1790946352269
USER	No Metrics Scenario	START	1790946352274
USER	Gauge Scenario	START	1790946352274
USER	Timer Scenario	START	1790946352275
REQUEST		request_no_metrics	1790946352273	1790946352277	OK	 
USER	No Metrics Scenario	END	1790946352278
REQUEST		request_gauge	1790946352273	1790946352278	OK	 
USER	Gauge Scenario	END	1790946352279
REQUEST		request_timer	1790946352275	1790946352280	OK	 
USER	Timer Scenario	END	1790946352281
USER	No Metrics Scenario	START	1790946352290
USER	Gauge Scenario	START	1790946352290
USER	Counter Scenario	START	1790946352290
USER	Timer Scenario	START	1790946352291
REQUEST		request_no_metrics	1790946352289	1790946352292	OK	 
USER	No Metrics Scenario	END	1790946352293
REQUEST		request_counter	1790946352289	1790946352294	OK	 
REQUEST		request_gauge	1790946352289	1790946352294	OK	 
USER	Counter Scenario	END	1790946352294
USER	Gauge Scenario	END	1790946352294
REQUEST		request_timer	1790946352290	1790946352296	OK	 
USER	Timer Scenario	END	1790946352296
USER	Gauge Scenario	START	1790946352306
USER	Counter Scenario	START	1790946352306
USER	No Metrics Scenario	START	1790946352306
USER	Timer Scenario	START	1790946352307
REQUEST		request_no_metrics	1790946352306	1790946352309	OK	 
USER	No Metrics Scenario	END	1790946352310
REQUEST		request_counter	1790946352306	1790946352310	OK	 
USER	Counter Scenario	END	1790946352311
REQUEST		request_gauge	1790946352306	1790946352311	OK	 
USER	Gauge Scenario	END	1790946352311
REQUEST		request_timer	1790946352307	1790946352312	OK	 
USER	Timer Scenario	END	1790946352313
USER	No Metrics Scenario	START	1790946352338
USER	Gauge Scenario	START	1790946352338
USER	Counter Scenario	START	1790946352338
USER	Timer Scenario	START	1790946352339
REQUEST		request_no_metrics	1790946352338	1790946352341	OK	 
REQUEST		request_counter	1790946352337	1790946352341	OK	 
USER	No Metrics Scenario	END	1790946352342
USER	Counter Scenario	END	1790946352342
REQUEST		request_gauge	1790946352338	1790946352342	OK	 
USER	Gauge Scenario	END	1790946352343
REQUEST		request_timer	1790946352338	1790946352343	OK	 
USER	Timer Scenario	END	1790946352344
USER	Counter Scenario	START	1790946352345
REQUEST		request_counter	1790946352344	1790946352348	OK	 
USER	Counter Scenario	END	1790946352349
USER	No Metrics Scenario	START	1790946352354
USER	Gauge Scenario	START	1790946352354
USER	Timer Scenario	START	1790946352355
REQUEST		request_no_metrics	1790946352353	1790946352356	OK	 
USER	No Metrics Scenario	END	1790946352357
REQUEST		request_gauge	1790946352353	1790946352358	OK	 
USER	Gauge Scenario	END	1790946352359
REQUEST		request_timer	1790946352354	1790946352360	OK	 
USER	Timer Scenario	END	1790946352360
USER	No Metrics Scenario	START	1790946352370
USER	Counter Scenario	START	1790946352370
USER	Gauge Scenario	START	1790946352370
USER	Timer Scenario	START	1790946352371
REQUEST		request_no_metrics	1790946352369	1790946352373	OK	 
REQUEST		request_counter	1790946352369	1790946352373	OK	 
USER	No Metrics Scenario	END	1790946352374
USER	Counter Scenario	END	1790946352374
REQUEST		request_gauge	1790946352370	1790946352375	OK	 
USER	Gauge Scenario	END	1790946352375
REQUEST		request_timer	1790946352370	1790946352376	OK	 
USER	Timer Scenario	END	1790946352376
USER	No Metrics Scenario	START	1790946352386
USER	Counter Scenario	START	1790946352386
USER	Gauge Scenario	START	1790946352386
USER	Timer Scenario	START	1790946352386
REQUEST		request_no_metrics	1790946352385	1790946352388	OK	 
USER	No Metrics Scenario	END	1790946352389
REQUEST		request_counter	1790946352385	1790946352389	OK	 
USER	Counter Scenario	END	1790946352390
REQUEST		request_gauge	1790946352385	1790946352389	OK	 
USER	Gauge Scenario	END	1790946352390
REQUEST		request_timer	1790946352386	1790946352390	OK	 
USER	Timer Scenario	END	1790946352391
USER	Gauge Scenario	START	1790946352417
USER	No Metrics Scenario	START	1790946352417
USER	Counter Scenario	START	1790946352417
USER	Timer Scenario	START	1790946352419
REQUEST		request_no_metrics	1790946352416	1790946352420	OK	 
USER	No Metrics Scenario	END	1790946352421
REQUEST		request_counter	1790946352416	1790946352421	OK	 
USER	Counter Scenario	END	1790946352421
REQUEST		request_gauge	1790946352416	1790946352422	OK	 
USER	Gauge Scenario	END	1790946352423
REQUEST		request_timer	1790946352418	1790946352424	OK	 
USER	Timer Scenario	END	1790946352424
USER	Counter Scenario	START	1790946352425
REQUEST		request_counter	1790946352424	1790946352428	OK	 
USER	Counter Scenario	END	1790946352428
USER	Gauge Scenario	START	1790946352433
USER	No Metrics Scenario	START	1790946352434
USER	Timer Scenario	START	1790946352434
REQUEST		request_no_metrics	1790946352433	1790946352437	OK	 
USER	No Metrics Scenario	END	1790946352438
REQUEST		request_timer	1790946352434	1790946352439	OK	 
USER	Timer Scenario	END	1790946352440
REQUEST		request_gauge	1790946352432	1790946352440	OK	 
USER	Gauge Scenario	END	1790946352440
USER	Counter Scenario	START	1790946352449
USER	Gauge Scenario	START	1790946352449
USER	No Metrics Scenario	START	1790946352449
USER	Timer Scenario	START	1790946352450
REQUEST		request_no_metrics	1790946352448	1790946352452	OK	 
REQUEST		request_counter	1790946352448	1790946352452	OK	 
USER	No Metrics Scenario	END	1790946352452
USER	Counter Scenario	END	1790946352453
REQUEST		request_gauge	1790946352448	1790946352453	OK	 
USER	Gauge Scenario	END	1790946352453
REQUEST		request_timer	1790946352449	1790946352454	OK	 
USER	Timer Scenario	END	1790946352454
USER	Gauge Scenario	START	1790946352481
USER	Counter Scenario	START	1790946352481
USER	No Metrics Scenario	START	1790946352481
USER	Timer Scenario	START	1790946352482
REQUEST		request_no_metrics	1790946352480	1790946352484	OK	 
REQUEST		request_counter	1790946352480	1790946352484	OK	 
USER	Counter Scenario	END	1790946352485
USER	No Metrics Scenario	END	1790946352486
USER	No Metrics Scenario	START	1790946352486
USER	Counter Scenario	START	1790946352488
REQUEST		request_no_metrics	1790946352485	1790946352489	OK	 
USER	No Metrics Scenario	END	1790946352489
REQUEST		request_gauge	1790946352480	1790946352489	OK	 
USER	Gauge Scenario	END	1790946352490
REQUEST		request_timer	1790946352481	1790946352490	OK	 
USER	Timer Scenario	END	1790946352490
REQUEST		request_counter	1790946352487	1790946352492	OK	 
USER	Counter Scenario	END	1790946352493
USER	Gauge Scenario	START	1790946352497
USER	Timer Scenario	START	1790946352498
REQUEST		request_timer	1790946352497	1790946352502	OK	 
USER	Timer Scenario	END	1790946352503
REQUEST		request_gauge	1790946352496	1790946352503	OK	 
USER	Gauge Scenario	END	1790946352503
USER	Gauge Scenario	START	1790946352512
USER	No Metrics Scenario	START	1790946352513
USER	Counter Scenario	START	1790946352513
USER	Timer Scenario	START	1790946352513
REQUEST		request_no_metrics	1790946352512	1790946352515	OK	 
USER	No Metrics Scenario	END	1790946352516
REQUEST		request_counter	1790946352512	1790946352517	OK	 
REQUEST		request_gauge	1790946352512	1790946352517	OK	 
USER	Counter Scenario	END	1790946352517
USER	Gauge Scenario	END	1790946352517
REQUEST		request_timer	1790946352513	1790946352518	OK	 
USER	Timer Scenario	END	1790946352518
USER	No Metrics Scenario	START	1790946352529
USER	Gauge Scenario	START	1790946352529
USER	Counter Scenario	START	1790946352529
USER	Timer Scenario	START	1790946352530
REQUEST		request_counter	1790946352528	1790946352533	OK	 
REQUEST		request_no_metrics	1790946352528	1790946352533	OK	 
USER	Counter Scenario	END	1790946352534
USER	No Metrics Scenario	END	1790946352534
REQUEST		request_gauge	1790946352528	1790946352535	OK	 
USER	Gauge Scenario	END	1790946352536
REQUEST		request_timer	1790946352529	1790946352536	OK	 
USER	Timer Scenario	END	1790946352536
USER	No Metrics Scenario	START	1790946352560
USER	Gauge Scenario	START	1790946352560
USER	Counter Scenario	START	1790946352560
USER	Timer Scenario	START	1790946352560
REQUEST		request_no_metrics	1790946352559	1790946352563	OK	 
REQUEST		request_timer	1790946352560	1790946352563	OK	 
REQUEST		request_counter	1790946352559	1790946352564	OK	 
USER	No Metrics Scenario	END	1790946352565
USER	Counter Scenario	START	1790946352566
USER	Timer Scenario	END	1790946352566
USER	Counter Scenario	END	1790946352566
USER	No Metrics Scenario	START	1790946352567
REQUEST		request_gauge	1790946352559	1790946352567	OK	 
USER	Gauge Scenario	END	1790946352568
REQUEST		request_no_metrics	1790946352566	1790946352570	OK	 
USER	No Metrics Scenario	END	1790946352571
REQUEST		request_counter	1790946352564	1790946352571	OK	 
USER	Counter Scenario	END	1790946352572
USER	Gauge Scenario	START	1790946352575
USER	Timer Scenario	START	1790946352576
REQUEST		request_gauge	1790946352575	1790946352579	OK	 
USER	Gauge Scenario	END	1790946352580
REQUEST		request_timer	1790946352576	1790946352581	OK	 
USER	Timer Scenario	END	1790946352581
USER	Gauge Scenario	START	1790946352592
USER	No Metrics Scenario	START	1790946352592
USER	Counter Scenario	START	1790946352592
USER	Timer Scenario	START	1790946352592
REQUEST		request_no_metrics	1790946352591	1790946352594	OK	 
REQUEST		request_counter	1790946352591	1790946352595	OK	 
USER	No Metrics Scenario	END	1790946352596
USER	Counter Scenario	END	1790946352596
REQUEST		request_gauge	1790946352591	1790946352596	OK	 
USER	Gauge Scenario	END	1790946352596
REQUEST		request_timer	1790946352592	1790946352597	OK	 
USER	Timer Scenario	END	1790946352597
USER	Gauge Scenario	START	1790946352608
USER	No Metrics Scenario	START	1790946352608
USER	Counter Scenario	START	1790946352608
USER	Timer Scenario	START	1790946352608
REQUEST		request_no_metrics	1790946352607	1790946352610	OK	 
REQUEST		request_counter	1790946352607	1790946352611	OK	 
USER	No Metrics Scenario	END	1790946352612
REQUEST		request_gauge	1790946352607	1790946352611	OK	 
USER	Counter Scenario	END	1790946352612
USER	Gauge Scenario	END	1790946352612
REQUEST		request_timer	1790946352608	1790946352612	OK	 
USER	Timer Scenario	END	1790946352613
USER	Counter Scenario	START	1790946352639
USER	No Metrics Scenario	START	1790946352639
USER	Gauge Scenario	START	1790946352639
USER	Timer Scenario	START	1790946352640
REQUEST		request_no_metrics	1790946352639	1790946352642	OK	 
REQUEST		request_counter	1790946352639	1790946352643	OK	 
USER	No Metrics Scenario	END	1790946352643
USER	Counter Scenario	END	1790946352643
REQUEST		request_timer	1790946352640	1790946352644	OK	 
USER	Timer Scenario	END	1790946352644
REQUEST		request_gauge	1790946352639	1790946352644	OK	 
USER	Gauge Scenario	END	1790946352645
USER	Counter Scenario	START	1790946352646
REQUEST		request_counter	1790946352645	1790946352649	OK	 
USER	Counter Scenario	END	1790946352649
USER	No Metrics Scenario	START	1790946352656
USER	Gauge Scenario	START	1790946352656
USER	Timer Scenario	START	1790946352656
REQUEST		request_no_metrics	1790946352655	1790946352658	OK	 
USER	No Metrics Scenario	END	1790946352659
REQUEST		request_gauge	1790946352655	1790946352659	OK	 
USER	Gauge Scenario	END	1790946352660
REQUEST		request_timer	1790946352656	1790946352660	OK	 
USER	Timer Scenario	END	1790946352660
USER	Gauge Scenario	START	1790946352672
USER	No Metrics Scenario	START	1790946352672
USER	Counter Scenario	START	1790946352672
USER	Timer Scenario	START	1790946352672
REQUEST		request_no_metrics	1790946352671	1790946352675	OK	 
REQUEST		request_counter	1790946352671	1790946352675	OK	 
USER	Counter Scenario	END	1790946352675
USER	No Metrics Scenario	END	1790946352676
REQUEST		request_gauge	1790946352671	1790946352676	OK	 
USER	Gauge Scenario	END	1790946352676
REQUEST		request_timer	1790946352672	1790946352676	OK	 
USER	Timer Scenario	END	1790946352677
USER	Gauge Scenario	START	1790946352688
USER	Counter Scenario	START	1790946352688
USER	No Metrics Scenario	START	1790946352688
USER	Timer Scenario	START	1790946352689
REQUEST		request_no_metrics	1790946352687	1790946352691	OK	 
REQUEST		request_counter	1790946352687	1790946352691	OK	 
USER	No Metrics Scenario	END	1790946352692
USER	Counter Scenario	END	1790946352692
REQUEST		request_gauge	1790946352687	1790946352692	OK	 
USER	Gauge Scenario	END	1790946352692
REQUEST		request_timer	1790946352688	1790946352692	OK	 
USER	Timer Scenario	END	1790946352693
USER	No Metrics Scenario	START	1790946352720
USER	Counter Scenario	START	1790946352720
USER	Gauge Scenario	START	1790946352721
USER	Timer Scenario	START	1790946352722
REQUEST		request_no_metrics	1790946352719	1790946352723	OK	 
REQUEST		request_counter	1790946352719	1790946352723	OK	 
USER	No Metrics Scenario	END	1790946352724
USER	Counter Scenario	END	1790946352724
USER	Counter Scenario	START	1790946352725
REQUEST		request_gauge	1790946352719	1790946352726	OK	 
USER	Gauge Scenario	END	1790946352727
REQUEST		request_timer	1790946352721	1790946352727	OK	 
USER	Timer Scenario	END	1790946352727
REQUEST		request_counter	1790946352724	1790946352730	OK	 
USER	Counter Scenario	END	1790946352730
USER	Gauge Scenario	START	1790946352735
USER	No Metrics Scenario	START	1790946352735
USER	Timer Scenario	START	1790946352736
REQUEST		request_no_metrics	1790946352735	1790946352738	OK	 
USER	No Metrics Scenario	END	1790946352739
REQUEST		request_gauge	1790946352735	1790946352739	OK	 
USER	Gauge Scenario	END	1790946352740
REQUEST		request_timer	1790946352736	1790946352740	OK	 
USER	Timer Scenario	END	1790946352741
USER	No Metrics Scenario	START	1790946352751
USER	Counter Scenario	START	1790946352751
USER	Gauge Scenario	START	1790946352751
USER	Timer Scenario	START	1790946352752
REQUEST		request_no_metrics	1790946352749	1790946352754	OK	 
USER	No Metrics Scenario	END	1790946352755
REQUEST		request_counter	1790946352749	1790946352755	OK	 
USER	Counter Scenario	END	1790946352755
REQUEST		request_timer	1790946352751	1790946352756	OK	 
USER	Timer Scenario	END	1790946352756
REQUEST		request_gauge	1790946352749	1790946352756	OK	 
USER	Gauge Scenario	END	1790946352757
USER	No Metrics Scenario	START	1790946352782
USER	Gauge Scenario	START	1790946352782
USER	Timer Scenario	START	1790946352783
USER	Counter Scenario	START	1790946352783
REQUEST		request_no_metrics	1790946352781	1790946352785	OK	 
USER	No Metrics Scenario	END	1790946352786
REQUEST		request_counter	1790946352782	1790946352786	OK	 
USER	Counter Scenario	END	1790946352787
USER	Counter Scenario	START	1790946352788
USER	No Metrics Scenario	START	1790946352788
REQUEST		request_gauge	1790946352781	1790946352789	OK	 
USER	Gauge Scenario	END	1790946352790
REQUEST		request_timer	1790946352782	1790946352790	OK	 
USER	Timer Scenario	END	1790946352790
REQUEST		request_no_metrics	1790946352787	1790946352790	OK	 
USER	No Metrics Scenario	END	1790946352791
REQUEST		request_counter	1790946352787	1790946352792	OK	 
USER	Counter Scenario	END	1790946352793
USER	Gauge Scenario	START	1790946352797
USER	Timer Scenario	START	1790946352798
REQUEST		request_gauge	1790946352796	1790946352801	OK	 
USER	Gauge Scenario	END	1790946352802
REQUEST		request_timer	1790946352797	1790946352802	OK	 
USER	Timer Scenario	END	1790946352803
USER	No Metrics Scenario	START	1790946352813
USER	Counter Scenario	START	1790946352813
USER	Gauge Scenario	START	1790946352813
USER	Timer Scenario	START	1790946352814
REQUEST		request_no_metrics	1790946352812	1790946352815	OK	 
REQUEST		request_counter	1790946352812	1790946352816	OK	 
USER	No Metrics Scenario	END	1790946352816
USER	Counter Scenario	END	1790946352816
REQUEST		request_gauge	1790946352812	1790946352819	OK	 
USER	Gauge Scenario	END	1790946352819
REQUEST		request_timer	1790946352813	1790946352820	OK	 
USER	Timer Scenario	END	1790946352820
USER	Gauge Scenario	START	1790946352828
USER	No Metrics Scenario	START	1790946352828
USER	Counter Scenario	START	1790946352829
USER	Timer Scenario	START	1790946352829
REQUEST		request_no_metrics	1790946352827	1790946352831	OK	 
REQUEST		request_counter	1790946352828	1790946352831	OK	 
USER	No Metrics Scenario	END	1790946352832
USER	Counter Scenario	END	1790946352832
REQUEST		request_gauge	1790946352827	1790946352833	OK	 
USER	Gauge Scenario	END	1790946352834
REQUEST		request_timer	1790946352828	1790946352834	OK	 
USER	Timer Scenario	END	1790946352835
USER	No Metrics Scenario	START	1790946352859
USER	Counter Scenario	START	1790946352860
USER	Gauge Scenario	START	1790946352860
USER	Timer Scenario	START	1790946352860
REQUEST		request_no_metrics	1790946352859	1790946352862	OK	 
REQUEST		request_counter	1790946352859	1790946352862	OK	 
USER	No Metrics Scenario	END	1790946352863
USER	Counter Scenario	END	1790946352863
REQUEST		request_gauge	1790946352859	1790946352863	OK	 
USER	Gauge Scenario	END	1790946352863
REQUEST		request_timer	1790946352860	1790946352863	OK	 
USER	Timer Scenario	END	1790946352864
USER	Counter Scenario	START	1790946352865
REQUEST		request_counter	1790946352864	1790946352868	OK	 
USER	Counter Scenario	END	1790946352869
USER	No Metrics Scenario	START	1790946352875
USER	Gauge Scenario	START	1790946352875
USER	Timer Scenario	START	1790946352876
REQUEST		request_no_metrics	1790946352874	1790946352878	OK	 
USER	No Metrics Scenario	END	1790946352879
REQUEST		request_timer	1790946352876	1790946352879	OK	 
USER	Timer Scenario	END	1790946352880
REQUEST		request_gauge	1790946352875	1790946352880	OK	 
USER	Gauge Scenario	END	1790946352880
USER	Gauge Scenario	START	1790946352891
USER	No Metrics Scenario	START	1790946352891
USER	Counter Scenario	START	1790946352891
USER	Timer Scenario	START	1790946352892
REQUEST		request_no_metrics	1790946352891	1790946352894	OK	 
USER	No Metrics Scenario	END	1790946352894
REQUEST		request_counter	1790946352891	1790946352894	OK	 
REQUEST		request_gauge	1790946352891	1790946352894	OK	 
USER	Counter Scenario	END	1790946352895
USER	Gauge Scenario	END	1790946352895
REQUEST		request_timer	1790946352891	1790946352895	OK	 
USER	Timer Scenario	END	1790946352895
USER	Counter Scenario	START	1790946352908
USER	Gauge Scenario	START	1790946352908
USER	No Metrics Scenario	START	1790946352908
USER	Timer Scenario	START	1790946352908
REQUEST		request_no_metrics	1790946352907	1790946352910	OK	 
REQUEST		request_counter	1790946352907	1790946352910	OK	 
USER	No Metrics Scenario	END	1790946352911
USER	Counter Scenario	END	1790946352911
REQUEST		request_gauge	1790946352907	1790946352912	OK	 
USER	Gauge Scenario	END	1790946352912
REQUEST		request_timer	1790946352908	1790946352912	OK	 
USER	Timer Scenario	END	1790946352913
USER	No Metrics Scenario	START	1790946352940
USER	Counter Scenario	START	1790946352940
USER	Gauge Scenario	START	1790946352940
USER	Timer Scenario	START	1790946352941
REQUEST		request_no_metrics	1790946352939	1790946352942	OK	 
REQUEST		request_counter	1790946352940	1790946352942	OK	 
USER	No Metrics Scenario	END	1790946352943
USER	Counter Scenario	END	1790946352943
REQUEST		request_gauge	1790946352940	1790946352944	OK	 
USER	Gauge Scenario	END	1790946352944
USER	Counter Scenario	START	1790946352945
REQUEST		request_timer	1790946352940	1790946352946	OK	 
USER	Timer Scenario	END	1790946352946
REQUEST		request_counter	1790946352944	1790946352948	OK	 
USER	Counter Scenario	END	1790946352949
USER	Gauge Scenario	START	1790946352956
USER	No Metrics Scenario	START	1790946352956
USER	Timer Scenario	START	1790946352956
REQUEST		request_no_metrics	1790946352955	1790946352958	OK	 
USER	No Metrics Scenario	END	1790946352959
REQUEST		request_gauge	1790946352955	1790946352959	OK	 
USER	Gauge Scenario	END	1790946352960
REQUEST		request_timer	1790946352956	1790946352960	OK	 
USER	Timer Scenario	END	1790946352961
USER	No Metrics Scenario	START	1790946352972
USER	Gauge Scenario	START	1790946352972
USER	Counter Scenario	START	1790946352972
USER	Timer Scenario	START	1790946352972
REQUEST		request_no_metrics	1790946352971	1790946352975	OK	 
REQUEST		request_counter	1790946352971	1790946352975	OK	 
USER	No Metrics Scenario	END	1790946352975
REQUEST		request_gauge	1790946352971	1790946352975	OK	 
USER	Counter Scenario	END	1790946352975
USER	Gauge Scenario	END	1790946352976
REQUEST		request_timer	1790946352972	1790946352976	OK	 
USER	Timer Scenario	END	1790946352977
USER	Counter Scenario	START	1790946352988
USER	Gauge Scenario	START	1790946352988
USER	Timer Scenario	START	1790946352988
REQUEST		request_counter	1790946352987	1790946352990	OK	 
USER	Counter Scenario	END	1790946352991
REQUEST		request_gauge	1790946352987	1790946352991	OK	 
USER	Gauge Scenario	END	1790946352992
REQUEST		request_timer	1790946352988	1790946352992	OK	 
USER	Timer Scenario	END	1790946352993
USER	No Metrics Scenario	START	1790946353004
REQUEST		request_no_metrics	1790946353004	1790946353007	OK	 
USER	No Metrics Scenario	END	1790946353008
USER	Gauge Scenario	START	1790946353019
USER	Counter Scenario	START	1790946353020
USER	No Metrics Scenario	START	1790946353020
USER	Timer Scenario	START	1790946353020
REQUEST		request_no_metrics	1790946353019	1790946353022	OK	 
REQUEST		request_counter	1790946353019	1790946353023	OK	 
REQUEST		request_gauge	1790946353019	1790946353023	OK	 
USER	No Metrics Scenario	END	1790946353023
USER	Counter Scenario	END	1790946353023
USER	Gauge Scenario	END	1790946353023
REQUEST		request_timer	1790946353020	1790946353024	OK	 
USER	Timer Scenario	END	1790946353024
USER	Counter Scenario	START	1790946353036
USER	Gauge Scenario	START	1790946353036
USER	No Metrics Scenario	START	1790946353036
USER	Timer Scenario	START	1790946353036
REQUEST		request_no_metrics	1790946353035	1790946353038	OK	 
REQUEST		request_counter	1790946353035	1790946353038	OK	 
USER	Counter Scenario	END	1790946353039
USER	No Metrics Scenario	END	1790946353039
REQUEST		request_timer	1790946353036	1790946353039	OK	 
USER	Timer Scenario	END	1790946353040
REQUEST		request_gauge	1790946353035	1790946353040	OK	 
USER	Gauge Scenario	END	1790946353040
USER	Gauge Scenario	START	1790946353051
USER	Timer Scenario	START	1790946353051
USER	Counter Scenario	START	1790946353051
USER	No Metrics Scenario	START	1790946353051
REQUEST		request_gauge	1790946353050	1790946353053	OK	 
REQUEST		request_timer	1790946353050	1790946353053	OK	 
USER	Gauge Scenario	END	1790946353054
REQUEST		request_no_metrics	1790946353051	1790946353054	OK	 
USER	Timer Scenario	END	1790946353054
USER	No Metrics Scenario	END	1790946353054
REQUEST		request_counter	1790946353050	1790946353054	OK	 
USER	Counter Scenario	END	1790946353055
USER	Timer Scenario	START	1790946353066
USER	Gauge Scenario	START	1790946353066
USER	Counter Scenario	START	1790946353066
USER	No Metrics Scenario	START	1790946353068
REQUEST		request_timer	1790946353066	1790946353069	OK	 
REQUEST		request_gauge	1790946353066	1790946353069	OK	 
USER	Timer Scenario	END	1790946353070
USER	Gauge Scenario	END	1790946353070
REQUEST		request_counter	1790946353066	1790946353071	OK	 
USER	Counter Scenario	END	1790946353071
REQUEST		request_no_metrics	1790946353067	1790946353071	OK	 
USER	No Metrics Scenario	END	1790946353072
USER	Counter Scenario	START	1790946353098
USER	Timer Scenario	START	1790946353098
USER	Gauge Scenario	START	1790946353098
USER	No Metrics Scenario	START	1790946353099
REQUEST		request_gauge	1790946353097	1790946353101	OK	 
REQUEST		request_timer	1790946353097	1790946353101	OK	 
REQUEST		request_no_metrics	1790946353098	1790946353102	OK	 
USER	Gauge Scenario	END	1790946353102
USER	Timer Scenario	END	1790946353102
USER	No Metrics Scenario	END	1790946353102
REQUEST		request_counter	1790946353097	1790946353102	OK	 
USER	Counter Scenario	END	1790946353103
USER	Gauge Scenario	START	1790946353114
USER	Timer Scenario	START	1790946353114
USER	Counter Scenario	START	1790946353114
USER	No Metrics Scenario	START	1790946353114
REQUEST		request_gauge	1790946353113	1790946353117	OK	 
REQUEST		request_timer	1790946353113	1790946353117	OK	 
USER	Timer Scenario	END	1790946353117
USER	Gauge Scenario	END	1790946353117
REQUEST		request_counter	1790946353113	1790946353117	OK	 
USER	Counter Scenario	END	1790946353118
REQUEST		request_no_metrics	1790946353114	1790946353118	OK	 
USER	No Metrics Scenario	END	1790946353118
USER	Timer Scenario	START	1790946353130
USER	Counter Scenario	START	1790946353130
USER	Gauge Scenario	START	1790946353130
USER	No Metrics Scenario	START	1790946353130
REQUEST		request_counter	1790946353129	1790946353133	OK	 
REQUEST		request_timer	1790946353129	1790946353133	OK	 
REQUEST		request_gauge	1790946353129	1790946353133	OK	 
USER	Counter Scenario	END	1790946353134
USER	Gauge Scenario	END	1790946353134
USER	Timer Scenario	END	1790946353134
REQUEST		request_no_metrics	1790946353130	1790946353134	OK	 
USER	No Metrics Scenario	END	1790946353134
USER	Counter Scenario	START	1790946353146
USER	Gauge Scenario	START	1790946353146
USER	Timer Scenario	START	1790946353146
USER	No Metrics Scenario	START	1790946353146
REQUEST		request_timer	1790946353145	1790946353149	OK	 
REQUEST		request_gauge	1790946353145	1790946353149	OK	 
USER	Timer Scenario	END	1790946353149
USER	Gauge Scenario	END	1790946353150
REQUEST		request_no_metrics	1790946353146	1790946353150	OK	 
USER	No Metrics Scenario	END	1790946353151
REQUEST		request_counter	1790946353145	1790946353151	OK	 
USER	Counter Scenario	END	1790946353152
USER	Counter Scenario	START	1790946353178
USER	Timer Scenario	START	1790946353178
USER	Gauge Scenario	START	1790946353178
USER	No Metrics Scenario	START	1790946353178
REQUEST		request_gauge	1790946353177	1790946353181	OK	 
REQUEST		request_no_metrics	1790946353178	1790946353181	OK	 
USER	Gauge Scenario	END	1790946353182
USER	No Metrics Scenario	END	1790946353182
REQUEST		request_timer	1790946353177	1790946353181	OK	 
USER	Timer Scenario	END	1790946353182
REQUEST		request_counter	1790946353177	1790946353182	OK	 
USER	Counter Scenario	END	1790946353183
USER	Timer Scenario	START	1790946353194
USER	Counter Scenario	START	1790946353194
USER	Gauge Scenario	START	1790946353195
USER	No Metrics Scenario	START	1790946353195
REQUEST		request_counter	1790946353193	1790946353198	OK	 
REQUEST		request_gauge	1790946353194	1790946353198	OK	 
USER	Gauge Scenario	END	1790946353199
USER	Counter Scenario	END	1790946353199
REQUEST		request_timer	1790946353193	1790946353199	OK	 
USER	Timer Scenario	END	1790946353199
REQUEST		request_no_metrics	1790946353194	1790946353200	OK	 
USER	No Metrics Scenario	END	1790946353201
USER	Timer Scenario	START	1790946353209
USER	Counter Scenario	START	1790946353209
USER	Gauge Scenario	START	1790946353209
USER	No Metrics Scenario	START	1790946353210
REQUEST		request_timer	1790946353208	1790946353213	OK	 
REQUEST		request_gauge	1790946353208	1790946353213	OK	 
REQUEST		request_no_metrics	1790946353209	1790946353213	OK	 
USER	Timer Scenario	END	1790946353214
USER	Gauge Scenario	END	1790946353214
USER	No Metrics Scenario	END	1790946353214
REQUEST		request_counter	1790946353208	1790946353214	OK	 
USER	Counter Scenario	END	1790946353214
USER	Counter Scenario	START	1790946353225
USER	Timer Scenario	START	1790946353225
USER	Gauge Scenario	START	1790946353225
USER	No Metrics Scenario	START	1790946353227
REQUEST		request_timer	1790946353225	1790946353227	OK	 
REQUEST		request_gauge	1790946353225	1790946353228	OK	 
USER	Gauge Scenario	END	1790946353228
USER	Timer Scenario	END	1790946353228
REQUEST		request_counter	1790946353224	1790946353228	OK	 
USER	Counter Scenario	END	1790946353229
REQUEST		request_no_metrics	1790946353226	1790946353230	OK	 
USER	No Metrics Scenario	END	1790946353230
USER	Timer Scenario	START	1790946353256
USER	Counter Scenario	START	1790946353256
USER	No Metrics Scenario	START	1790946353257
USER	Gauge Scenario	START	1790946353257
REQUEST		request_timer	1790946353256	1790946353259	OK	 
REQUEST		request_gauge	1790946353256	1790946353259	OK	 
USER	Gauge Scenario	END	1790946353260
USER	Timer Scenario	END	1790946353261
REQUEST		request_counter	1790946353256	1790946353262	OK	 
USER	Counter Scenario	END	1790946353262
REQUEST		request_no_metrics	1790946353257	1790946353263	OK	 
USER	No Metrics Scenario	END	1790946353263
USER	Counter Scenario	START	1790946353272
USER	Timer Scenario	START	1790946353272
USER	Gauge Scenario	START	1790946353272
USER	No Metrics Scenario	START	1790946353272
REQUEST		request_timer	1790946353271	1790946353275	OK	 
REQUEST		request_gauge	1790946353271	1790946353275	OK	 
REQUEST		request_counter	1790946353271	1790946353275	OK	 
USER	Gauge Scenario	END	1790946353276
USER	Timer Scenario	END	1790946353276
USER	Counter Scenario	END	1790946353276
REQUEST		request_no_metrics	1790946353272	1790946353276	OK	 
USER	No Metrics Scenario	END	1790946353276
USER	Timer Scenario	START	1790946353298
USER	Counter Scenario	START	1790946353298
USER	Gauge Scenario	START	1790946353298
USER	No Metrics Scenario	START	1790946353299
REQUEST		request_gauge	1790946353297	1790946353300	OK	 
REQUEST		request_timer	1790946353297	1790946353300	OK	 
USER	Timer Scenario	END	1790946353301
USER	Gauge Scenario	END	1790946353301
REQUEST		request_counter	1790946353297	1790946353301	OK	 
USER	Counter Scenario	END	1790946353302
REQUEST		request_no_metrics	1790946353298	1790946353302	OK	 
USER	No Metrics Scenario	END	1790946353302
USER	Counter Scenario	START	1790946353313
USER	Gauge Scenario	START	1790946353314
USER	Timer Scenario	START	1790946353314
USER	No Metrics Scenario	START	1790946353314
REQUEST		request_timer	1790946353313	1790946353316	OK	 
REQUEST		request_no_metrics	1790946353314	1790946353316	OK	 
REQUEST		request_gauge	1790946353313	1790946353317	OK	 
USER	No Metrics Scenario	END	1790946353317
USER	Gauge Scenario	END	1790946353317
USER	Timer Scenario	END	1790946353317
REQUEST		request_counter	1790946353313	1790946353317	OK	 
USER	Counter Scenario	END	1790946353317
USER	Timer Scenario	START	1790946353329
USER	Gauge Scenario	START	1790946353329
USER	Counter Scenario	START	1790946353329
USER	No Metrics Scenario	START	1790946353330
REQUEST		request_timer	1790946353329	1790946353332	OK	 
USER	Timer Scenario	END	1790946353333
REQUEST		request_gauge	1790946353329	1790946353333	OK	 
USER	Gauge Scenario	END	1790946353333
REQUEST		request_no_metrics	1790946353329	1790946353333	OK	 
USER	No Metrics Scenario	END	1790946353333
REQUEST		request_counter	1790946353329	1790946353334	OK	 
USER	Counter Scenario	END	1790946353334
USER	Timer Scenario	START	1790946353346
USER	Gauge Scenario	START	1790946353346
USER	Counter Scenario	START	1790946353346
USER	No Metrics Scenario	START	1790946353346
REQUEST		request_timer	1790946353345	1790946353348	OK	 
REQUEST		request_gauge	1790946353345	1790946353349	OK	 
USER	Gauge Scenario	END	1790946353349
USER	Timer Scenario	END	1790946353349
REQUEST		request_no_metrics	1790946353346	1790946353349	OK	 
USER	No Metrics Scenario	END	1790946353350
REQUEST		request_counter	1790946353345	1790946353350	OK	 
USER	Counter Scenario	END	1790946353350
USER	Timer Scenario	START	1790946353378
USER	Counter Scenario	START	1790946353379
USER	Gauge Scenario	START	1790946353379
USER	No Metrics Scenario	START	1790946353379
REQUEST		request_timer	1790946353377	1790946353381	OK	 
REQUEST		request_no_metrics	1790946353379	1790946353381	OK	 
USER	Timer Scenario	END	1790946353381
USER	No Metrics Scenario	END	1790946353382
REQUEST		request_gauge	1790946353378	1790946353382	OK	 
REQUEST		request_counter	1790946353378	1790946353382	OK	 
USER	Gauge Scenario	END	1790946353382
USER	Counter Scenario	END	1790946353382
USER	Counter Scenario	START	1790946353394
USER	Gauge Scenario	START	1790946353394
USER	Timer Scenario	START	1790946353394
USER	No Metrics Scenario	START	1790946353394
REQUEST		request_gauge	1790946353393	1790946353396	OK	 
REQUEST		request_timer	1790946353393	1790946353396	OK	 
REQUEST		request_no_metrics	1790946353394	1790946353396	OK	 
USER	No Metrics Scenario	END	1790946353397
USER	Gauge Scenario	END	1790946353397
USER	Timer Scenario	END	1790946353397
REQUEST		request_counter	1790946353393	1790946353397	OK	 
USER	Counter Scenario	END	1790946353397
USER	Counter Scenario	START	1790946353409
USER	Timer Scenario	START	1790946353410
USER	No Metrics Scenario	START	1790946353410
USER	Gauge Scenario	START	1790946353410
REQUEST		request_no_metrics	1790946353410	1790946353413	OK	 
REQUEST		request_gauge	1790946353409	1790946353413	OK	 
REQUEST		request_timer	1790946353409	1790946353413	OK	 
USER	Gauge Scenario	END	1790946353413
USER	No Metrics Scenario	END	1790946353413
USER	Timer Scenario	END	1790946353413
REQUEST		request_counter	1790946353409	1790946353413	OK	 
USER	Counter Scenario	END	1790946353414
USER	Counter Scenario	START	1790946353426
USER	Gauge Scenario	START	1790946353426
USER	Timer Scenario	START	1790946353426
USER	No Metrics Scenario	START	1790946353428
REQUEST		request_gauge	1790946353424	1790946353428	OK	 
REQUEST		request_timer	1790946353424	1790946353428	OK	 
USER	Timer Scenario	END	1790946353429
USER	Gauge Scenario	END	1790946353429
REQUEST		request_counter	1790946353424	1790946353429	OK	 
USER	Counter Scenario	END	1790946353430
REQUEST		request_no_metrics	1790946353427	1790946353431	OK	 
USER	No Metrics Scenario	END	1790946353432
USER	Timer Scenario	START	1790946353457
USER	Gauge Scenario	START	1790946353457
USER	Counter Scenario	START	1790946353457
USER	No Metrics Scenario	START	1790946353458
REQUEST		request_gauge	1790946353456	1790946353460	OK	 
REQUEST		request_timer	1790946353456	1790946353460	OK	 
REQUEST		request_no_metrics	1790946353458	1790946353460	OK	 
USER	Timer Scenario	END	1790946353460
USER	Gauge Scenario	END	1790946353461
USER	No Metrics Scenario	END	1790946353461
REQUEST		request_counter	1790946353456	1790946353461	OK	 
USER	Counter Scenario	END	1790946353461
USER	Timer Scenario	START	1790946353474
USER	Gauge Scenario	START	1790946353474
USER	Counter Scenario	START	1790946353474
USER	No Metrics Scenario	START	1790946353475
REQUEST		request_gauge	1790946353472	1790946353476	OK	 
REQUEST		request_timer	1790946353473	1790946353476	OK	 
USER	Timer Scenario	END	1790946353477
USER	Gauge Scenario	END	1790946353477
REQUEST		request_no_metrics	1790946353474	1790946353478	OK	 
USER	No Metrics Scenario	END	1790946353479
REQUEST		request_counter	1790946353473	1790946353479	OK	 
USER	Counter Scenario	END	1790946353479
USER	Counter Scenario	START	1790946353489
USER	Gauge Scenario	START	1790946353489
USER	Timer Scenario	START	1790946353489
USER	No Metrics Scenario	START	1790946353489
REQUEST		request_timer	1790946353488	1790946353492	OK	 
REQUEST		request_gauge	1790946353488	1790946353492	OK	 
REQUEST		request_no_metrics	1790946353489	1790946353492	OK	 
USER	Timer Scenario	END	1790946353492
USER	Gauge Scenario	END	1790946353492
USER	No Metrics Scenario	END	1790946353492
REQUEST		request_counter	1790946353488	1790946353493	OK	 
USER	Counter Scenario	END	1790946353493
USER	Counter Scenario	START	1790946353516
USER	No Metrics Scenario	START	1790946353517
USER	Gauge Scenario	START	1790946353518
USER	Timer Scenario	START	1790946353519
REQUEST		request_gauge	1790946353516	1790946353521	OK	 
USER	Gauge Scenario	END	1790946353521
REQUEST		request_counter	1790946353516	1790946353522	OK	 
USER	Counter Scenario	END	1790946353523
REQUEST		request_timer	1790946353518	1790946353523	OK	 
USER	Timer Scenario	END	1790946353523
REQUEST		request_no_metrics	1790946353517	1790946353523	OK	 
USER	No Metrics Scenario	END	1790946353524
USER	Timer Scenario	START	1790946353532
USER	Counter Scenario	START	1790946353532
USER	No Metrics Scenario	START	1790946353532
REQUEST		request_timer	1790946353531	1790946353536	OK	 
USER	Timer Scenario	END	1790946353536
REQUEST		request_counter	1790946353531	1790946353537	OK	 
USER	Counter Scenario	END	1790946353537
REQUEST		request_no_metrics	1790946353532	1790946353537	OK	 
USER	No Metrics Scenario	END	1790946353538
USER	Gauge Scenario	START	1790946353538
USER	Timer Scenario	START	1790946353546
USER	Counter Scenario	START	1790946353547
USER	No Metrics Scenario	START	1790946353547
USER	Gauge Scenario	START	1790946353547
REQUEST		request_gauge	1790946353546	1790946353550	OK	 
REQUEST		request_gauge	1790946353533	1790946353549	OK	 
USER	Gauge Scenario	END	1790946353551
USER	Gauge Scenario	END	1790946353551
REQUEST		request_counter	1790946353546	1790946353551	OK	 
USER	Counter Scenario	END	1790946353551
REQUEST		request_no_metrics	1790946353547	1790946353551	OK	 
USER	No Metrics Scenario	END	1790946353552
REQUEST		request_timer	1790946353545	1790946353552	OK	 
USER	Timer Scenario	END	1790946353553
USER	Timer Scenario	START	1790946353579
USER	Counter Scenario	START	1790946353579
USER	Gauge Scenario	START	1790946353579
USER	No Metrics Scenario	START	1790946353579
REQUEST		request_timer	1790946353578	1790946353581	OK	 
REQUEST		request_gauge	1790946353578	1790946353581	OK	 
USER	Gauge Scenario	END	1790946353582
USER	Timer Scenario	END	1790946353582
REQUEST		request_counter	1790946353578	1790946353582	OK	 
USER	Counter Scenario	END	1790946353583
REQUEST		request_no_metrics	1790946353579	1790946353583	OK	 
USER	No Metrics Scenario	END	1790946353583
USER	Counter Scenario	START	1790946353595
USER	Timer Scenario	START	1790946353595
USER	No Metrics Scenario	START	1790946353595
USER	Gauge Scenario	START	1790946353595
REQUEST		request_timer	1790946353594	1790946353597	OK	 
REQUEST		request_gauge	1790946353595	1790946353597	OK	 
USER	Timer Scenario	END	1790946353597
USER	Gauge Scenario	END	1790946353597
REQUEST		request_counter	1790946353594	1790946353599	OK	 
USER	Counter Scenario	END	1790946353600
REQUEST		request_no_metrics	1790946353595	1790946353600	OK	 
USER	No Metrics Scenario	END	1790946353601
USER	Timer Scenario	START	1790946353610
USER	Counter Scenario	START	1790946353610
USER	Gauge Scenario	START	1790946353610
USER	No Metrics Scenario	START	1790946353610
REQUEST		request_timer	1790946353610	1790946353612	OK	 
REQUEST		request_no_metrics	1790946353610	1790946353612	OK	 
REQUEST		request_gauge	1790946353610	1790946353612	OK	 
REQUEST		request_counter	1790946353610	1790946353613	OK	 
USER	No Metrics Scenario	END	1790946353613
USER	Gauge Scenario	END	1790946353613
USER	Timer Scenario	END	1790946353613
USER	Counter Scenario	END	1790946353613
USER	Counter Scenario	START	1790946353626
USER	Timer Scenario	START	1790946353626
USER	No Metrics Scenario	START	1790946353627
USER	Gauge Scenario	START	1790946353628
REQUEST		request_counter	1790946353626	1790946353629	OK	 
REQUEST		request_gauge	1790946353627	1790946353629	OK	 
REQUEST		request_timer	1790946353626	1790946353629	OK	 
USER	Counter Scenario	END	1790946353629
USER	Gauge Scenario	END	1790946353629
USER	Timer Scenario	END	1790946353629
REQUEST		request_no_metrics	1790946353626	1790946353629	OK	 
USER	No Metrics Scenario	END	1790946353630
USER	Counter Scenario	START	1790946353658
USER	Timer Scenario	START	1790946353658
USER	Gauge Scenario	START	1790946353658
USER	No Metrics Scenario	START	1790946353658
REQUEST		request_gauge	1790946353658	1790946353660	OK	 
REQUEST		request_timer	1790946353657	1790946353660	OK	 
REQUEST		request_no_metrics	1790946353658	1790946353660	OK	 
USER	Gauge Scenario	END	1790946353661
USER	Timer Scenario	END	1790946353661
USER	No Metrics Scenario	END	1790946353661
REQUEST		request_counter	1790946353657	1790946353661	OK	 
USER	Counter Scenario	END	1790946353661
USER	Gauge Scenario	START	1790946353673
USER	Timer Scenario	START	1790946353673
USER	Counter Scenario	START	1790946353673
USER	No Metrics Scenario	START	1790946353673
REQUEST		request_no_metrics	1790946353673	1790946353675	OK	 
REQUEST		request_timer	1790946353672	1790946353675	OK	 
REQUEST		request_gauge	1790946353672	1790946353675	OK	 
USER	No Metrics Scenario	END	1790946353675
USER	Timer Scenario	END	1790946353675
USER	Gauge Scenario	END	1790946353675
REQUEST		request_counter	1790946353672	1790946353675	OK	 
USER	Counter Scenario	END	1790946353676
USER	Timer Scenario	START	1790946353689
USER	Counter Scenario	START	1790946353689
USER	No Metrics Scenario	START	1790946353689
USER	Gauge Scenario	START	1790946353689
REQUEST		request_timer	1790946353688	1790946353691	OK	 
REQUEST		request_no_metrics	1790946353689	1790946353691	OK	 
REQUEST		request_gauge	1790946353689	1790946353692	OK	 
USER	No Metrics Scenario	END	1790946353692
USER	Timer Scenario	END	1790946353692
USER	Gauge Scenario	END	1790946353692
REQUEST		request_counter	1790946353688	1790946353692	OK	 
USER	Counter Scenario	END	1790946353692
USER	Timer Scenario	START	1790946353721
USER	Gauge Scenario	START	1790946353721
USER	Counter Scenario	START	1790946353723
REQUEST		request_gauge	1790946353720	1790946353723	OK	 
REQUEST		request_timer	1790946353720	1790946353723	OK	 
USER	No Metrics Scenario	START	1790946353723
USER	Gauge Scenario	END	1790946353723
USER	Timer Scenario	END	1790946353724
REQUEST		request_counter	1790946353722	1790946353730	OK	 
USER	Counter Scenario	END	1790946353732
REQUEST		request_no_metrics	1790946353723	1790946353732	OK	 
USER	No Metrics Scenario	END	1790946353733
USER	Timer Scenario	START	1790946353736
USER	Gauge Scenario	START	1790946353737
USER	Counter Scenario	START	1790946353738
USER	No Metrics Scenario	START	1790946353738
REQUEST		request_gauge	1790946353737	1790946353739	OK	 
USER	Gauge Scenario	END	1790946353739
REQUEST		request_no_metrics	1790946353738	1790946353742	OK	 
USER	No Metrics Scenario	END	1790946353742
REQUEST		request_counter	1790946353737	1790946353743	OK	 
REQUEST		request_timer	1790946353736	1790946353743	OK	 
USER	Counter Scenario	END	1790946353743
USER	Timer Scenario	END	1790946353743
USER	Timer Scenario	START	1790946353752
USER	Gauge Scenario	START	1790946353752
REQUEST		request_gauge	1790946353751	1790946353753	OK	 
REQUEST		request_timer	1790946353751	1790946353754	OK	 
USER	Timer Scenario	END	1790946353754
USER	Gauge Scenario	END	1790946353754
USER	Counter Scenario	START	1790946353755
USER	No Metrics Scenario	START	1790946353755
REQUEST		request_counter	1790946353754	1790946353758	OK	 
USER	Counter Scenario	END	1790946353759
REQUEST		request_no_metrics	1790946353755	1790946353759	OK	 
USER	No Metrics Scenario	END	1790946353759
USER	Timer Scenario	START	1790946353767
USER	Gauge Scenario	START	1790946353767
USER	Counter Scenario	START	1790946353767
USER	No Metrics Scenario	START	1790946353768
REQUEST		request_no_metrics	1790946353767	1790946353769	OK	 
USER	No Metrics Scenario	END	1790946353769
REQUEST		request_timer	1790946353767	1790946353769	OK	 
REQUEST		request_gauge	1790946353767	1790946353769	OK	 
REQUEST		request_counter	1790946353767	1790946353769	OK	 
USER	Counter Scenario	END	1790946353770
USER	Gauge Scenario	END	1790946353770
USER	Timer Scenario	END	1790946353770
USER	Timer Scenario	START	1790946353799
USER	Counter Scenario	START	1790946353799
USER	Gauge Scenario	START	1790946353799
USER	No Metrics Scenario	START	1790946353799
REQUEST		request_no_metrics	1790946353799	1790946353801	OK	 
REQUEST		request_timer	1790946353798	1790946353801	OK	 
REQUEST		request_gauge	1790946353799	1790946353801	OK	 
USER	No Metrics Scenario	END	1790946353801
USER	Timer Scenario	END	1790946353801
USER	Gauge Scenario	END	1790946353802
REQUEST		request_counter	1790946353798	1790946353802	OK	 
USER	Counter Scenario	END	1790946353802
USER	Timer Scenario	START	1790946353815
USER	Counter Scenario	START	1790946353815
USER	No Metrics Scenario	START	1790946353816
USER	Gauge Scenario	START	1790946353816
REQUEST		request_no_metrics	1790946353815	1790946353818	OK	 
REQUEST		request_timer	1790946353815	1790946353818	OK	 
REQUEST		request_gauge	1790946353815	1790946353818	OK	 
USER	No Metrics Scenario	END	1790946353818
USER	Timer Scenario	END	1790946353818
USER	Gauge Scenario	END	1790946353818
REQUEST		request_counter	1790946353815	1790946353818	OK	 
USER	Counter Scenario	END	1790946353819
USER	Counter Scenario	START	1790946353831
USER	Timer Scenario	START	1790946353831
USER	Gauge Scenario	START	1790946353831
USER	No Metrics Scenario	START	1790946353832
REQUEST		request_no_metrics	1790946353831	1790946353834	OK	 
USER	No Metrics Scenario	END	1790946353835
REQUEST		request_counter	1790946353830	1790946353835	OK	 
REQUEST		request_timer	1790946353831	1790946353835	OK	 
USER	Counter Scenario	END	1790946353835
USER	Timer Scenario	END	1790946353836
REQUEST		request_gauge	1790946353831	1790946353836	OK	 
USER	Gauge Scenario	END	1790946353836
USER	Gauge Scenario	START	1790946353848
USER	Timer Scenario	START	1790946353848
USER	Counter Scenario	START	1790946353848
USER	No Metrics Scenario	START	1790946353848
REQUEST		request_gauge	1790946353847	1790946353850	OK	 
REQUEST		request_timer	1790946353847	1790946353851	OK	 
REQUEST		request_no_metrics	1790946353848	1790946353851	OK	 
USER	Timer Scenario	END	1790946353851
USER	Gauge Scenario	END	1790946353851
USER	No Metrics Scenario	END	1790946353851
REQUEST		request_counter	1790946353847	1790946353851	OK	 
USER	Counter Scenario	END	1790946353852
USER	Counter Scenario	START	1790946353879
USER	Timer Scenario	START	1790946353879
USER	No Metrics Scenario	START	1790946353880
USER	Gauge Scenario	START	1790946353880
REQUEST		request_no_metrics	1790946353879	1790946353882	OK	 
REQUEST		request_timer	1790946353879	1790946353882	OK	 
REQUEST		request_gauge	1790946353879	1790946353882	OK	 
USER	Timer Scenario	END	1790946353883
USER	No Metrics Scenario	END	1790946353883
USER	Gauge Scenario	END	1790946353883
REQUEST		request_counter	1790946353879	1790946353883	OK	 
USER	Counter Scenario	END	1790946353884
USER	Timer Scenario	START	1790946353894
USER	Gauge Scenario	START	1790946353894
USER	Counter Scenario	START	1790946353894
USER	No Metrics Scenario	START	1790946353895
REQUEST		request_gauge	1790946353894	1790946353897	OK	 
REQUEST		request_timer	1790946353894	1790946353897	OK	 
REQUEST		request_no_metrics	1790946353894	1790946353897	OK	 
USER	Gauge Scenario	END	1790946353897
USER	No Metrics Scenario	END	1790946353897
USER	Timer Scenario	END	1790946353897
REQUEST		request_counter	1790946353894	1790946353897	OK	 
USER	Counter Scenario	END	1790946353898
USER	Timer Scenario	START	1790946353910
USER	Gauge Scenario	START	1790946353910
USER	Counter Scenario	START	1790946353911
USER	No Metrics Scenario	START	1790946353911
REQUEST		request_no_metrics	1790946353911	1790946353913	OK	 
REQUEST		request_timer	1790946353910	1790946353913	OK	 
REQUEST		request_gauge	1790946353910	1790946353913	OK	 
USER	No Metrics Scenario	END	1790946353914
USER	Timer Scenario	END	1790946353914
USER	Gauge Scenario	END	1790946353914
REQUEST		request_counter	1790946353910	1790946353914	OK	 
USER	Counter Scenario	END	1790946353915
USER	Counter Scenario	START	1790946353926
USER	Gauge Scenario	START	1790946353926
USER	Timer Scenario	START	1790946353926
USER	No Metrics Scenario	START	1790946353926
REQUEST		request_timer	1790946353925	1790946353929	OK	 
REQUEST		request_gauge	1790946353925	1790946353929	OK	 
USER	Timer Scenario	END	1790946353929
REQUEST		request_no_metrics	1790946353926	1790946353929	OK	 
USER	Gauge Scenario	END	1790946353929
USER	No Metrics Scenario	END	1790946353929
REQUEST		request_counter	1790946353925	1790946353930	OK	 
USER	Counter Scenario	END	1790946353930
USER	Counter Scenario	START	1790946353958
USER	Gauge Scenario	START	1790946353958
USER	Timer Scenario	START	1790946353958
USER	No Metrics Scenario	START	1790946353958
REQUEST		request_no_metrics	1790946353958	1790946353960	OK	 
REQUEST		request_gauge	1790946353957	1790946353961	OK	 
REQUEST		request_timer	1790946353957	1790946353961	OK	 
USER	No Metrics Scenario	END	1790946353961
USER	Gauge Scenario	END	1790946353961
REQUEST		request_counter	1790946353957	1790946353961	OK	 
USER	Counter Scenario	END	1790946353962
USER	Timer Scenario	END	1790946353962
USER	Counter Scenario	START	1790946353974
USER	Timer Scenario	START	1790946353974
USER	Gauge Scenario	START	1790946353974
USER	No Metrics Scenario	START	1790946353974
REQUEST		request_no_metrics	1790946353974	1790946353976	OK	 
REQUEST		request_gauge	1790946353973	1790946353976	OK	 
REQUEST		request_timer	1790946353973	1790946353976	OK	 
USER	Timer Scenario	END	1790946353977
USER	Gauge Scenario	END	1790946353977
USER	No Metrics Scenario	END	1790946353977
REQUEST		request_counter	1790946353973	1790946353977	OK	 
USER	Counter Scenario	END	1790946353978
USER	Counter Scenario	START	1790946353989
USER	Timer Scenario	START	1790946353989
USER	Gauge Scenario	START	1790946353989
USER	No Metrics Scenario	START	1790946353990
REQUEST		request_no_metrics	1790946353989	1790946353992	OK	 
REQUEST		request_timer	1790946353989	1790946353992	OK	 
REQUEST		request_gauge	1790946353989	1790946353992	OK	 
USER	Timer Scenario	END	1790946353992
USER	Gauge Scenario	END	1790946353992
USER	No Metrics Scenario	END	1790946353992
REQUEST		request_counter	1790946353989	1790946353993	OK	 
USER	Counter Scenario	END	1790946353993
USER	Gauge Scenario	START	1790946354021
USER	Counter Scenario	START	1790946354021
USER	No Metrics Scenario	START	1790946354022
USER	Timer Scenario	START	1790946354022
USER	Counter Scenario	START	1790946354023
REQUEST		request_no_metrics	1790946354022	1790946354024	OK	 
REQUEST		request_timer	1790946354021	1790946354024	OK	 
REQUEST		request_counter	1790946354021	1790946354024	OK	 
REQUEST		request_gauge	1790946354021	1790946354025	OK	 
REQUEST		request_counter	1790946354023	1790946354025	OK	 
USER	Timer Scenario	START	1790946354026
USER	Gauge Scenario	START	1790946354027
USER	Counter Scenario	END	1790946354027
USER	Timer Scenario	END	1790946354027
USER	No Metrics Scenario	END	1790946354027
USER	Gauge Scenario	END	1790946354027
USER	Counter Scenario	END	1790946354027
REQUEST		request_timer	1790946354026	1790946354028	OK	 
USER	Timer Scenario	END	1790946354028
REQUEST		request_gauge	1790946354027	1790946354029	OK	 
USER	Gauge Scenario	END	1790946354029
USER	No Metrics Scenario	START	1790946354037
REQUEST		request_no_metrics	1790946354037	1790946354040	OK	 
USER	No Metrics Scenario	END	1790946354040
USER	No Metrics Scenario	START	1790946354052
USER	Gauge Scenario	START	1790946354052
USER	Counter Scenario	START	1790946354052
USER	Timer Scenario	START	1790946354052
REQUEST		request_no_metrics	1790946354052	1790946354055	OK	 
REQUEST		request_timer	1790946354052	1790946354055	OK	 
REQUEST		request_counter	1790946354052	1790946354055	OK	 
REQUEST		request_gauge	1790946354052	1790946354055	OK	 
USER	No Metrics Scenario	END	1790946354055
USER	Counter Scenario	END	1790946354055
USER	Timer Scenario	END	1790946354055
USER	Gauge Scenario	END	1790946354055
USER	Timer Scenario	START	1790946354068
USER	No Metrics Scenario	START	1790946354068
USER	Gauge Scenario	START	1790946354068
USER	Counter Scenario	START	1790946354068
REQUEST		request_no_metrics	1790946354068	1790946354071	OK	 
REQUEST		request_timer	1790946354068	1790946354071	OK	 
REQUEST		request_counter	1790946354068	1790946354071	OK	 
REQUEST		request_gauge	1790946354068	1790946354071	OK	 
USER	Timer Scenario	END	1790946354071
USER	No Metrics Scenario	END	1790946354071
USER	Counter Scenario	END	1790946354071
USER	Gauge Scenario	END	1790946354071
USER	Counter Scenario	START	1790946354084
REQUEST		request_counter	1790946354083	1790946354086	OK	 
USER	Counter Scenario	END	1790946354087
USER	Gauge Scenario	START	1790946354100
USER	Timer Scenario	START	1790946354100
USER	No Metrics Scenario	START	1790946354100
REQUEST		request_timer	1790946354100	1790946354102	OK	 
REQUEST		request_no_metrics	1790946354100	1790946354102	OK	 
REQUEST		request_gauge	1790946354099	1790946354103	OK	 
USER	Timer Scenario	END	1790946354103
USER	No Metrics Scenario	END	1790946354103
USER	Gauge Scenario	END	1790946354103
USER	No Metrics Scenario	START	1790946354116
USER	Gauge Scenario	START	1790946354116
USER	Counter Scenario	START	1790946354116
USER	Timer Scenario	START	1790946354116
REQUEST		request_no_metrics	1790946354115	1790946354119	OK	 
REQUEST		request_gauge	1790946354115	1790946354119	OK	 
REQUEST		request_timer	1790946354116	1790946354119	OK	 
REQUEST		request_counter	1790946354116	1790946354119	OK	 
USER	No Metrics Scenario	END	1790946354119
USER	Counter Scenario	END	1790946354119
USER	Gauge Scenario	END	1790946354119
USER	Timer Scenario	END	1790946354119
USER	Gauge Scenario	START	1790946354132
USER	Timer Scenario	START	1790946354132
USER	Counter Scenario	START	1790946354132
USER	No Metrics Scenario	START	1790946354132
REQUEST		request_no_metrics	1790946354131	1790946354135	OK	 
REQUEST		request_timer	1790946354131	1790946354135	OK	 
REQUEST		request_gauge	1790946354131	1790946354135	OK	 
REQUEST		request_counter	1790946354132	1790946354135	OK	 
USER	No Metrics Scenario	END	1790946354135
USER	Timer Scenario	END	1790946354135
USER	Gauge Scenario	END	1790946354135
USER	Counter Scenario	END	1790946354135
USER	No Metrics Scenario	START	1790946354148
USER	Timer Scenario	START	1790946354148
USER	Counter Scenario	START	1790946354148
USER	Gauge Scenario	START	1790946354148
REQUEST		request_no_metrics	1790946354147	1790946354150	OK	 
REQUEST		request_timer	1790946354147	1790946354150	OK	 
REQUEST		request_counter	1790946354147	1790946354151	OK	 
USER	No Metrics Scenario	END	1790946354151
USER	Timer Scenario	END	1790946354151
USER	Counter Scenario	END	1790946354151
REQUEST		request_gauge	1790946354147	1790946354151	OK	 
USER	Gauge Scenario	END	1790946354151
USER	Gauge Scenario	START	1790946354180
USER	No Metrics Scenario	START	1790946354180
USER	Counter Scenario	START	1790946354180
USER	Timer Scenario	START	1790946354180
REQUEST		request_no_metrics	1790946354179	1790946354182	OK	 
REQUEST		request_counter	1790946354179	1790946354183	OK	 
REQUEST		request_gauge	1790946354179	1790946354183	OK	 
USER	No Metrics Scenario	END	1790946354183
USER	Counter Scenario	END	1790946354183
USER	Gauge Scenario	END	1790946354183
REQUEST		request_timer	1790946354179	1790946354184	OK	 
USER	Timer Scenario	END	1790946354185
USER	Gauge Scenario	START	1790946354196
USER	Counter Scenario	START	1790946354196
USER	Timer Scenario	START	1790946354196
USER	No Metrics Scenario	START	1790946354196
REQUEST		request_no_metrics	1790946354196	1790946354199	OK	 
REQUEST		request_counter	1790946354196	1790946354199	OK	 
REQUEST		request_timer	1790946354196	1790946354199	OK	 
REQUEST		request_gauge	1790946354196	1790946354199	OK	 
USER	Gauge Scenario	END	1790946354199
USER	Counter Scenario	END	1790946354199
USER	Timer Scenario	END	1790946354199
USER	No Metrics Scenario	END	1790946354200
USER	No Metrics Scenario	START	1790946354212
USER	Counter Scenario	START	1790946354212
USER	Gauge Scenario	START	1790946354212
USER	Timer Scenario	START	1790946354212
REQUEST		request_counter	1790946354211	1790946354215	OK	 
REQUEST		request_timer	1790946354211	1790946354215	OK	 
REQUEST		request_gauge	1790946354211	1790946354215	OK	 
REQUEST		request_no_metrics	1790946354211	1790946354215	OK	 
USER	Gauge Scenario	END	1790946354216
USER	No Metrics Scenario	END	1790946354216
USER	Timer Scenario	END	1790946354216
USER	Counter Scenario	END	1790946354216
USER	Timer Scenario	START	1790946354228
USER	No Metrics Scenario	START	1790946354228
USER	Gauge Scenario	START	1790946354228
USER	Counter Scenario	START	1790946354228
REQUEST		request_no_metrics	1790946354227	1790946354231	OK	 
REQUEST		request_counter	1790946354227	1790946354231	OK	 
USER	Counter Scenario	END	1790946354231
USER	No Metrics Scenario	END	1790946354231
REQUEST		request_timer	1790946354227	1790946354231	OK	 
REQUEST		request_gauge	1790946354228	1790946354232	OK	 
USER	Timer Scenario	END	1790946354232
USER	Gauge Scenario	END	1790946354232
USER	Timer Scenario	START	1790946354259
USER	No Metrics Scenario	START	1790946354259
USER	Counter Scenario	START	1790946354260
USER	Gauge Scenario	START	1790946354260
REQUEST		request_no_metrics	1790946354259	1790946354262	OK	 
REQUEST		request_gauge	1790946354260	1790946354262	OK	 
REQUEST		request_timer	1790946354259	1790946354262	OK	 
USER	No Metrics Scenario	END	1790946354263
REQUEST		request_counter	1790946354259	1790946354262	OK	 
USER	Gauge Scenario	END	1790946354263
USER	Timer Scenario	END	1790946354263
USER	Counter Scenario	END	1790946354263
USER	No Metrics Scenario	START	1790946354276
USER	Gauge Scenario	START	1790946354276
USER	Timer Scenario	START	1790946354276
USER	Counter Scenario	START	1790946354276
REQUEST		request_no_metrics	1790946354275	1790946354278	OK	 
REQUEST		request_timer	1790946354275	1790946354278	OK	 
REQUEST		request_counter	1790946354275	1790946354278	OK	 
USER	No Metrics Scenario	END	1790946354279
USER	Timer Scenario	END	1790946354279
USER	Counter Scenario	END	1790946354279
REQUEST		request_gauge	1790946354275	1790946354279	OK	 
USER	Gauge Scenario	END	1790946354279
USER	Timer Scenario	START	1790946354291
USER	No Metrics Scenario	START	1790946354291
USER	Counter Scenario	START	1790946354291
USER	Gauge Scenario	START	1790946354291
REQUEST		request_counter	1790946354290	1790946354294	OK	 
REQUEST		request_no_metrics	1790946354291	1790946354294	OK	 
REQUEST		request_timer	1790946354290	1790946354294	OK	 
REQUEST		request_gauge	1790946354291	1790946354294	OK	 
USER	No Metrics Scenario	END	1790946354294
USER	Counter Scenario	END	1790946354294
USER	Gauge Scenario	END	1790946354294
USER	Timer Scenario	END	1790946354294
USER	Gauge Scenario	START	1790946354306
USER	Counter Scenario	START	1790946354306
USER	No Metrics Scenario	START	1790946354306
USER	Timer Scenario	START	1790946354306
REQUEST		request_no_metrics	1790946354306	1790946354309	OK	 
REQUEST		request_timer	1790946354306	1790946354309	OK	 
REQUEST		request_counter	1790946354306	1790946354309	OK	 
USER	No Metrics Scenario	END	1790946354309
USER	Timer Scenario	END	1790946354309
USER	Counter Scenario	END	1790946354309
REQUEST		request_gauge	1790946354306	1790946354310	OK	 
USER	Gauge Scenario	END	1790946354310
USER	No Metrics Scenario	START	1790946354337
USER	Gauge Scenario	START	1790946354337
USER	Counter Scenario	START	1790946354338
USER	Timer Scenario	START	1790946354338
REQUEST		request_timer	1790946354337	1790946354342	OK	 
REQUEST		request_counter	1790946354337	1790946354342	OK	 
USER	Timer Scenario	END	1790946354342
REQUEST		request_no_metrics	1790946354337	1790946354342	OK	 
USER	Counter Scenario	END	1790946354342
USER	No Metrics Scenario	END	1790946354343
REQUEST		request_gauge	1790946354337	1790946354344	OK	 
USER	Gauge Scenario	END	1790946354345
USER	No Metrics Scenario	START	1790946354353
USER	Gauge Scenario	START	1790946354353
USER	Timer Scenario	START	1790946354353
USER	Counter Scenario	START	1790946354353
REQUEST		request_no_metrics	1790946354353	1790946354356	OK	 
USER	No Metrics Scenario	END	1790946354357
REQUEST		request_timer	1790946354353	1790946354357	OK	 
USER	Timer Scenario	END	1790946354357
REQUEST		request_gauge	1790946354353	1790946354357	OK	 
USER	Gauge Scenario	END	1790946354357
REQUEST		request_counter	1790946354353	1790946354359	OK	 
USER	Counter Scenario	END	1790946354360
USER	Gauge Scenario	START	1790946354369
USER	No Metrics Scenario	START	1790946354369
USER	Counter Scenario	START	1790946354369
USER	Timer Scenario	START	1790946354370
REQUEST		request_no_metrics	1790946354368	1790946354371	OK	 
REQUEST		request_counter	1790946354368	1790946354371	OK	 
USER	No Metrics Scenario	END	1790946354372
USER	Counter Scenario	END	1790946354372
REQUEST		request_gauge	1790946354368	1790946354372	OK	 
USER	Gauge Scenario	END	1790946354372
REQUEST		request_timer	1790946354368	1790946354373	OK	 
USER	Timer Scenario	END	1790946354373
USER	Timer Scenario	START	1790946354385
REQUEST		request_timer	1790946354385	1790946354388	OK	 
USER	Timer Scenario	END	1790946354388
USER	Gauge Scenario	START	1790946354400
USER	No Metrics Scenario	START	1790946354400
USER	Counter Scenario	START	1790946354400
REQUEST		request_no_metrics	1790946354400	1790946354403	OK	 
REQUEST		request_gauge	1790946354400	1790946354403	OK	 
REQUEST		request_counter	1790946354400	1790946354403	OK	 
USER	No Metrics Scenario	END	1790946354403
USER	Gauge Scenario	END	1790946354403
USER	Counter Scenario	END	1790946354403
USER	Counter Scenario	START	1790946354416
USER	Gauge Scenario	START	1790946354416
USER	No Metrics Scenario	START	1790946354416
USER	Timer Scenario	START	1790946354416
REQUEST		request_counter	1790946354415	1790946354418	OK	 
REQUEST		request_timer	1790946354416	1790946354418	OK	 
REQUEST		request_gauge	1790946354415	1790946354419	OK	 
USER	Counter Scenario	END	1790946354419
USER	Timer Scenario	END	1790946354419
USER	Gauge Scenario	END	1790946354419
REQUEST		request_no_metrics	1790946354415	1790946354420	OK	 
USER	No Metrics Scenario	END	1790946354420
USER	Timer Scenario	START	1790946354431
USER	No Metrics Scenario	START	1790946354431
USER	Counter Scenario	START	1790946354432
USER	Gauge Scenario	START	1790946354433
REQUEST		request_no_metrics	1790946354431	1790946354434	OK	 
REQUEST		request_counter	1790946354431	1790946354434	OK	 
REQUEST		request_gauge	1790946354431	1790946354434	OK	 
USER	No Metrics Scenario	END	1790946354434
USER	Counter Scenario	END	1790946354434
USER	Gauge Scenario	END	1790946354435
REQUEST		request_timer	1790946354431	1790946354435	OK	 
USER	Timer Scenario	END	1790946354435
USER	No Metrics Scenario	START	1790946354447
USER	Counter Scenario	START	1790946354447
USER	Gauge Scenario	START	1790946354447
USER	Timer Scenario	START	1790946354447
REQUEST		request_no_metrics	1790946354446	1790946354449	OK	 
REQUEST		request_counter	1790946354446	1790946354449	OK	 
USER	No Metrics Scenario	END	1790946354449
REQUEST		request_gauge	1790946354446	1790946354449	OK	 
REQUEST		request_timer	1790946354446	1790946354449	OK	 
USER	Counter Scenario	END	1790946354449
USER	Gauge Scenario	END	1790946354449
USER	Timer Scenario	END	1790946354449
USER	No Metrics Scenario	START	1790946354479
USER	Gauge Scenario	START	1790946354479
USER	Counter Scenario	START	1790946354479
USER	Timer Scenario	START	1790946354479
REQUEST		request_gauge	1790946354478	1790946354481	OK	 
REQUEST		request_timer	1790946354478	1790946354481	OK	 
REQUEST		request_counter	1790946354478	1790946354481	OK	 
USER	Counter Scenario	END	1790946354481
USER	Timer Scenario	END	1790946354481
USER	Gauge Scenario	END	1790946354481
REQUEST		request_no_metrics	1790946354478	1790946354482	OK	 
USER	No Metrics Scenario	END	1790946354482
USER	Timer Scenario	START	1790946354495
USER	Gauge Scenario	START	1790946354495
USER	Counter Scenario	START	1790946354495
USER	No Metrics Scenario	START	1790946354495
REQUEST		request_no_metrics	1790946354494	1790946354497	OK	 
REQUEST		request_counter	1790946354494	1790946354497	OK	 
REQUEST		request_gauge	1790946354494	1790946354497	OK	 
USER	No Metrics Scenario	END	1790946354497
USER	Gauge Scenario	END	1790946354497
USER	Counter Scenario	END	1790946354497
REQUEST		request_timer	1790946354494	1790946354497	OK	 
USER	Timer Scenario	END	1790946354497
USER	Timer Scenario	START	1790946354511
USER	Counter Scenario	START	1790946354511
USER	No Metrics Scenario	START	1790946354511
USER	Gauge Scenario	START	1790946354511
REQUEST		request_counter	1790946354510	1790946354513	OK	 
REQUEST		request_timer	1790946354510	1790946354513	OK	 
REQUEST		request_gauge	1790946354510	1790946354514	OK	 
USER	Timer Scenario	END	1790946354514
USER	Counter Scenario	END	1790946354514
USER	Gauge Scenario	END	1790946354514
REQUEST		request_no_metrics	1790946354510	1790946354514	OK	 
USER	No Metrics Scenario	END	1790946354515
USER	Timer Scenario	START	1790946354526
USER	No Metrics Scenario	START	1790946354526
USER	Counter Scenario	START	1790946354526
USER	Gauge Scenario	START	1790946354526
REQUEST		request_no_metrics	1790946354526	1790946354529	OK	 
REQUEST		request_timer	1790946354526	1790946354529	OK	 
REQUEST		request_counter	1790946354526	1790946354529	OK	 
REQUEST		request_gauge	1790946354526	1790946354529	OK	 
USER	No Metrics Scenario	END	1790946354529
USER	Counter Scenario	END	1790946354529
USER	Gauge Scenario	END	1790946354529
USER	Timer Scenario	END	1790946354529
USER	Gauge Scenario	START	1790946354558
USER	Counter Scenario	START	1790946354558
USER	Timer Scenario	START	1790946354558
USER	No Metrics Scenario	START	1790946354558
REQUEST		request_no_metrics	1790946354558	1790946354561	OK	 
USER	No Metrics Scenario	END	1790946354561
REQUEST		request_counter	1790946354558	1790946354561	OK	 
REQUEST		request_gauge	1790946354558	1790946354561	OK	 
REQUEST		request_timer	1790946354558	1790946354561	OK	 
USER	Counter Scenario	END	1790946354561
USER	Timer Scenario	END	1790946354561
USER	Gauge Scenario	END	1790946354561
USER	No Metrics Scenario	START	1790946354574
USER	Timer Scenario	START	1790946354574
USER	Gauge Scenario	START	1790946354574
USER	Counter Scenario	START	1790946354575
REQUEST		request_no_metrics	1790946354574	1790946354577	OK	 
REQUEST		request_counter	1790946354574	1790946354577	OK	 
USER	Counter Scenario	END	1790946354577
USER	No Metrics Scenario	END	1790946354577
REQUEST		request_gauge	1790946354574	1790946354577	OK	 
REQUEST		request_timer	1790946354574	1790946354577	OK	 
USER	Timer Scenario	END	1790946354578
USER	Gauge Scenario	END	1790946354578
USER	No Metrics Scenario	START	1790946354590
USER	Counter Scenario	START	1790946354590
USER	Gauge Scenario	START	1790946354590
USER	Timer Scenario	START	1790946354590
REQUEST		request_no_metrics	1790946354590	1790946354593	OK	 
USER	No Metrics Scenario	END	1790946354593
REQUEST		request_counter	1790946354590	1790946354593	OK	 
REQUEST		request_timer	1790946354590	1790946354593	OK	 
REQUEST		request_gauge	1790946354590	1790946354593	OK	 
USER	Timer Scenario	END	1790946354593
USER	Counter Scenario	END	1790946354593
USER	Gauge Scenario	END	1790946354593
USER	Gauge Scenario	START	1790946354606
USER	No Metrics Scenario	START	1790946354606
USER	Timer Scenario	START	1790946354606
REQUEST		request_timer	1790946354606	1790946354609	OK	 
REQUEST		request_no_metrics	1790946354606	1790946354609	OK	 
REQUEST		request_gauge	1790946354606	1790946354609	OK	 
USER	No Metrics Scenario	END	1790946354609
USER	Gauge Scenario	END	1790946354609
USER	Timer Scenario	END	1790946354609
USER	Counter Scenario	START	1790946354622
REQUEST		request_counter	1790946354622	1790946354625	OK	 
USER	Counter Scenario	END	1790946354625
USER	Timer Scenario	START	1790946354638
USER	Gauge Scenario	START	1790946354638
USER	Counter Scenario	START	1790946354638
USER	No Metrics Scenario	START	1790946354638
REQUEST		request_no_metrics	1790946354637	1790946354640	OK	 
REQUEST		request_counter	1790946354638	1790946354640	OK	 
REQUEST		request_gauge	1790946354637	1790946354640	OK	 
USER	Counter Scenario	END	1790946354641
REQUEST		request_timer	1790946354638	1790946354640	OK	 
USER	Gauge Scenario	END	1790946354641
USER	No Metrics Scenario	END	1790946354641
USER	Timer Scenario	END	1790946354641
USER	Counter Scenario	START	1790946354654
USER	Gauge Scenario	START	1790946354654
USER	Timer Scenario	START	1790946354654
USER	No Metrics Scenario	START	1790946354654
REQUEST		request_no_metrics	1790946354653	1790946354656	OK	 
REQUEST		request_counter	1790946354654	1790946354657	OK	 
REQUEST		request_gauge	1790946354654	1790946354657	OK	 
USER	No Metrics Scenario	END	1790946354657
REQUEST		request_timer	1790946354653	1790946354657	OK	 
USER	Counter Scenario	END	1790946354657
USER	Gauge Scenario	END	1790946354657
USER	Timer Scenario	END	1790946354657
USER	Counter Scenario	START	1790946354670
USER	Timer Scenario	START	1790946354670
USER	Gauge Scenario	START	1790946354670
USER	No Metrics Scenario	START	1790946354670
REQUEST		request_no_metrics	1790946354670	1790946354677	OK	 
REQUEST		request_timer	1790946354670	1790946354677	OK	 
REQUEST		request_counter	1790946354670	1790946354677	OK	 
USER	No Metrics Scenario	END	1790946354678
REQUEST		request_gauge	1790946354670	1790946354678	OK	 
USER	Counter Scenario	END	1790946354678
USER	Timer Scenario	END	1790946354678
USER	Gauge Scenario	END	1790946354678
USER	Timer Scenario	START	1790946354687
USER	Gauge Scenario	START	1790946354687
REQUEST		request_gauge	1790946354686	1790946354689	OK	 
REQUEST		request_timer	1790946354686	1790946354689	OK	 
USER	Timer Scenario	END	1790946354690
USER	Gauge Scenario	END	1790946354690
USER	Counter Scenario	START	1790946354702
USER	No Metrics Scenario	START	1790946354702
REQUEST		request_no_metrics	1790946354702	1790946354705	OK	 
REQUEST		request_counter	1790946354702	1790946354705	OK	 
USER	No Metrics Scenario	END	1790946354705
USER	Counter Scenario	END	1790946354705
USER	No Metrics Scenario	START	1790946354718
USER	Counter Scenario	START	1790946354718
USER	Gauge Scenario	START	1790946354718
USER	Timer Scenario	START	1790946354718
REQUEST		request_no_metrics	1790946354717	1790946354721	OK	 
REQUEST		request_counter	1790946354717	1790946354721	OK	 
REQUEST		request_gauge	1790946354717	1790946354721	OK	 
USER	No Metrics Scenario	END	1790946354721
USER	Counter Scenario	END	1790946354721
USER	Gauge Scenario	END	1790946354721
REQUEST		request_timer	1790946354718	1790946354721	OK	 
USER	Timer Scenario	END	1790946354722
USER	Gauge Scenario	START	1790946354734
USER	No Metrics Scenario	START	1790946354734
USER	Timer Scenario	START	1790946354734
USER	Counter Scenario	START	1790946354734
REQUEST		request_no_metrics	1790946354733	1790946354737	OK	 
REQUEST		request_timer	1790946354733	1790946354737	OK	 
REQUEST		request_counter	1790946354734	1790946354737	OK	 
USER	No Metrics Scenario	END	1790946354737
USER	Timer Scenario	END	1790946354737
USER	Counter Scenario	END	1790946354737
REQUEST		request_gauge	1790946354733	1790946354737	OK	 
USER	Gauge Scenario	END	1790946354738
USER	Counter Scenario	START	1790946354750
USER	No Metrics Scenario	START	1790946354750
USER	Gauge Scenario	START	1790946354750
USER	Timer Scenario	START	1790946354751
REQUEST		request_no_metrics	1790946354749	1790946354753	OK	 
REQUEST		request_gauge	1790946354749	1790946354753	OK	 
REQUEST		request_counter	1790946354749	1790946354753	OK	 
USER	No Metrics Scenario	END	1790946354753
USER	Gauge Scenario	END	1790946354753
USER	Counter Scenario	END	1790946354753
REQUEST		request_timer	1790946354750	1790946354754	OK	 
USER	Timer Scenario	END	1790946354755
USER	No Metrics Scenario	START	1790946354766
USER	Timer Scenario	START	1790946354766
USER	Counter Scenario	START	1790946354768
USER	Gauge Scenario	START	1790946354768
REQUEST		request_no_metrics	1790946354765	1790946354769	OK	 
USER	No Metrics Scenario	END	1790946354770
REQUEST		request_counter	1790946354767	1790946354772	OK	 
REQUEST		request_timer	1790946354765	1790946354773	OK	 
USER	Counter Scenario	END	1790946354774
USER	Timer Scenario	END	1790946354774
REQUEST		request_gauge	1790946354766	1790946354777	OK	 
USER	Gauge Scenario	END	1790946354778
USER	Counter Scenario	START	1790946354798
USER	Gauge Scenario	START	1790946354799
USER	Timer Scenario	START	1790946354801
USER	No Metrics Scenario	START	1790946354802
REQUEST		request_counter	1790946354797	1790946354802	OK	 
USER	Counter Scenario	END	1790946354802
REQUEST		request_timer	1790946354799	1790946354804	OK	 
REQUEST		request_gauge	1790946354798	1790946354804	OK	 
REQUEST		request_no_metrics	1790946354801	1790946354804	OK	 
USER	Timer Scenario	END	1790946354804
USER	Gauge Scenario	END	1790946354804
USER	No Metrics Scenario	END	1790946354804
USER	No Metrics Scenario	START	1790946354813
USER	Gauge Scenario	START	1790946354814
USER	Counter Scenario	START	1790946354814
USER	Timer Scenario	START	1790946354814
REQUEST		request_no_metrics	1790946354813	1790946354816	OK	 
REQUEST		request_counter	1790946354813	1790946354816	OK	 
REQUEST		request_timer	1790946354814	1790946354816	OK	 
USER	Counter Scenario	END	1790946354816
USER	No Metrics Scenario	END	1790946354816
USER	Timer Scenario	END	1790946354816
REQUEST		request_gauge	1790946354813	1790946354817	OK	 
USER	Gauge Scenario	END	1790946354817
USER	No Metrics Scenario	START	1790946354830
USER	Counter Scenario	START	1790946354830
USER	Timer Scenario	START	1790946354830
USER	Gauge Scenario	START	1790946354830
REQUEST		request_timer	1790946354829	1790946354832	OK	 
REQUEST		request_no_metrics	1790946354829	1790946354832	OK	 
REQUEST		request_counter	1790946354829	1790946354832	OK	 
USER	No Metrics Scenario	END	1790946354832
USER	Timer Scenario	END	1790946354832
REQUEST		request_gauge	1790946354829	1790946354833	OK	 
USER	Counter Scenario	END	1790946354833
USER	Gauge Scenario	END	1790946354833
USER	Timer Scenario	START	1790946354846
USER	Gauge Scenario	START	1790946354846
REQUEST		request_timer	1790946354845	1790946354848	OK	 
REQUEST		request_gauge	1790946354845	1790946354848	OK	 
USER	Gauge Scenario	END	1790946354848
USER	Timer Scenario	END	1790946354848
USER	Counter Scenario	START	1790946354861
USER	No Metrics Scenario	START	1790946354861
REQUEST		request_no_metrics	1790946354861	1790946354864	OK	 
REQUEST		request_counter	1790946354861	1790946354864	OK	 
USER	No Metrics Scenario	END	1790946354864
USER	Counter Scenario	END	1790946354864
USER	Counter Scenario	START	1790946354878
USER	Gauge Scenario	START	1790946354878
USER	Timer Scenario	START	1790946354878
USER	No Metrics Scenario	START	1790946354878
REQUEST		request_no_metrics	1790946354877	1790946354880	OK	 
REQUEST		request_gauge	1790946354877	1790946354880	OK	 
REQUEST		request_counter	1790946354877	1790946354880	OK	 
USER	No Metrics Scenario	END	1790946354880
USER	Gauge Scenario	END	1790946354880
USER	Counter Scenario	END	1790946354881
REQUEST		request_timer	1790946354877	1790946354880	OK	 
USER	Timer Scenario	END	1790946354881
USER	Counter Scenario	START	1790946354894
USER	No Metrics Scenario	START	1790946354894
USER	Gauge Scenario	START	1790946354894
USER	Timer Scenario	START	1790946354895
REQUEST		request_no_metrics	1790946354893	1790946354896	OK	 
REQUEST		request_counter	1790946354893	1790946354897	OK	 
REQUEST		request_timer	1790946354894	1790946354897	OK	 
REQUEST		request_gauge	1790946354893	1790946354897	OK	 
USER	No Metrics Scenario	END	1790946354897
USER	Timer Scenario	END	1790946354897
USER	Counter Scenario	END	1790946354897
USER	Gauge Scenario	END	1790946354897
USER	Timer Scenario	START	1790946354909
USER	Counter Scenario	START	1790946354909
USER	Gauge Scenario	START	1790946354910
USER	No Metrics Scenario	START	1790946354910
REQUEST		request_no_metrics	1790946354909	1790946354912	OK	 
REQUEST		request_counter	1790946354909	1790946354912	OK	 
REQUEST		request_timer	1790946354909	1790946354912	OK	 
REQUEST		request_gauge	1790946354909	1790946354912	OK	 
USER	No Metrics Scenario	END	1790946354912
USER	Counter Scenario	END	1790946354912
USER	Gauge Scenario	END	1790946354912
USER	Timer Scenario	END	1790946354912
USER	Timer Scenario	START	1790946354926
USER	No Metrics Scenario	START	1790946354926
USER	Gauge Scenario	START	1790946354926
REQUEST		request_no_metrics	1790946354925	1790946354928	OK	 
REQUEST		request_gauge	1790946354925	1790946354928	OK	 
REQUEST		request_timer	1790946354925	1790946354928	OK	 
USER	Gauge Scenario	END	1790946354929
USER	No Metrics Scenario	END	1790946354929
USER	Timer Scenario	END	1790946354929
USER	Counter Scenario	START	1790946354942
REQUEST		request_counter	1790946354941	1790946354944	OK	 
USER	Counter Scenario	END	1790946354945
USER	Gauge Scenario	START	1790946354957
USER	Counter Scenario	START	1790946354958
USER	Timer Scenario	START	1790946354958
USER	No Metrics Scenario	START	1790946354959
REQUEST		request_no_metrics	1790946354958	1790946354961	OK	 
REQUEST		request_counter	1790946354958	1790946354962	OK	 
USER	No Metrics Scenario	END	1790946354962
USER	Counter Scenario	END	1790946354962
REQUEST		request_gauge	1790946354956	1790946354963	OK	 
USER	Gauge Scenario	END	1790946354963
REQUEST		request_timer	1790946354958	1790946354963	OK	 
USER	Timer Scenario	END	1790946354964
USER	Counter Scenario	START	1790946354973
USER	Timer Scenario	START	1790946354973
USER	Gauge Scenario	START	1790946354973
USER	No Metrics Scenario	START	1790946354973
REQUEST		request_timer	1790946354973	1790946354976	OK	 
REQUEST		request_gauge	1790946354973	1790946354976	OK	 
USER	Timer Scenario	END	1790946354976
USER	Gauge Scenario	END	1790946354976
REQUEST		request_no_metrics	1790946354973	1790946354976	OK	 
REQUEST		request_counter	1790946354973	1790946354976	OK	 
USER	No Metrics Scenario	END	1790946354976
USER	Counter Scenario	END	1790946354976
USER	Gauge Scenario	START	1790946354989
USER	Counter Scenario	START	1790946354989
USER	No Metrics Scenario	START	1790946354989
USER	Timer Scenario	START	1790946354989
REQUEST		request_timer	1790946354989	1790946355003	OK	 
REQUEST		request_no_metrics	1790946354988	1790946355003	OK	 
USER	No Metrics Scenario	END	1790946355004
USER	Timer Scenario	END	1790946355004
REQUEST		request_counter	1790946354988	1790946355004	OK	 
USER	Counter Scenario	END	1790946355004
REQUEST		request_gauge	1790946354988	1790946355005	OK	 
USER	Gauge Scenario	END	1790946355005
USER	Timer Scenario	START	1790946355020
USER	Counter Scenario	START	1790946355020
USER	No Metrics Scenario	START	1790946355020
USER	Gauge Scenario	START	1790946355021
REQUEST		request_timer	1790946355019	1790946355023	OK	 
REQUEST		request_gauge	1790946355020	1790946355023	OK	 
REQUEST		request_no_metrics	1790946355019	1790946355023	OK	 
USER	Gauge Scenario	END	1790946355023
USER	Timer Scenario	END	1790946355023
USER	No Metrics Scenario	END	1790946355023
REQUEST		request_counter	1790946355019	1790946355024	OK	 
USER	Counter Scenario	END	1790946355024
USER	Counter Scenario	START	1790946355035
USER	Timer Scenario	START	1790946355035
USER	Gauge Scenario	START	1790946355035
USER	No Metrics Scenario	START	1790946355036
REQUEST		request_counter	1790946355035	1790946355038	OK	 
USER	Counter Scenario	END	1790946355039
REQUEST		request_timer	1790946355035	1790946355040	OK	 
USER	Timer Scenario	END	1790946355040
REQUEST		request_gauge	1790946355035	1790946355041	OK	 
USER	Gauge Scenario	END	1790946355041
REQUEST		request_no_metrics	1790946355035	1790946355042	OK	 
USER	No Metrics Scenario	END	1790946355042
USER	No Metrics Scenario	START	1790946355051
USER	Gauge Scenario	START	1790946355051
USER	Timer Scenario	START	1790946355051
USER	Counter Scenario	START	1790946355051
REQUEST		request_no_metrics	1790946355050	1790946355053	OK	 
USER	No Metrics Scenario	END	1790946355053
REQUEST		request_timer	1790946355051	1790946355055	OK	 
USER	Timer Scenario	END	1790946355055
REQUEST		request_counter	1790946355051	1790946355055	OK	 
USER	Counter Scenario	END	1790946355055
REQUEST		request_gauge	1790946355050	1790946355056	OK	 
USER	Gauge Scenario	END	1790946355056
USER	Gauge Scenario	START	1790946355067
USER	No Metrics Scenario	START	1790946355067
USER	Timer Scenario	START	1790946355067
USER	Counter Scenario	START	1790946355067
USER	Gauge Scenario	START	1790946355101
USER	Timer Scenario	START	1790946355102
USER	No Metrics Scenario	START	1790946355102
USER	Counter Scenario	START	1790946355102
USER	No Metrics Scenario	START	1790946355108
USER	Gauge Scenario	START	1790946355117
USER	Timer Scenario	START	1790946355119
USER	Counter Scenario	START	1790946355119
USER	No Metrics Scenario	START	1790946355126
USER	Timer Scenario	START	1790946355131
USER	Gauge Scenario	START	1790946355131
USER	Counter Scenario	START	1790946355131
REQUEST		request_no_metrics	1790946355066	1790946355135	OK	 
REQUEST		request_counter	1790946355067	1790946355135	OK	 
USER	Counter Scenario	END	1790946355135
USER	No Metrics Scenario	END	1790946355136
REQUEST		request_gauge	1790946355066	1790946355136	OK	 
USER	Gauge Scenario	END	1790946355136
REQUEST		request_counter	1790946355119	1790946355136	OK	 
USER	Counter Scenario	END	1790946355136
REQUEST		request_no_metrics	1790946355101	1790946355136	OK	 
REQUEST		request_no_metrics	1790946355125	1790946355136	OK	 
USER	No Metrics Scenario	END	1790946355136
USER	No Metrics Scenario	END	1790946355136
REQUEST		request_no_metrics	1790946355107	1790946355137	OK	 
REQUEST		request_timer	1790946355067	1790946355137	OK	 
REQUEST		request_counter	1790946355102	1790946355137	OK	 
USER	No Metrics Scenario	END	1790946355137
USER	Timer Scenario	END	1790946355137
USER	Counter Scenario	END	1790946355137
REQUEST		request_timer	1790946355101	1790946355137	OK	 
USER	Timer Scenario	END	1790946355138
REQUEST		request_gauge	1790946355099	1790946355138	OK	 
USER	Gauge Scenario	END	1790946355138
REQUEST		request_timer	1790946355118	1790946355139	OK	 
USER	Timer Scenario	END	1790946355139
REQUEST		request_gauge	1790946355116	1790946355139	OK	 
USER	Gauge Scenario	END	1790946355140
REQUEST		request_counter	1790946355131	1790946355141	OK	 
REQUEST		request_gauge	1790946355131	1790946355141	OK	 
USER	Counter Scenario	END	1790946355142
USER	Gauge Scenario	END	1790946355142
REQUEST		request_timer	1790946355130	1790946355142	OK	 
USER	Timer Scenario	END	1790946355142
USER	Timer Scenario	START	1790946355147
USER	No Metrics Scenario	START	1790946355147
USER	Gauge Scenario	START	1790946355147
USER	Counter Scenario	START	1790946355147
REQUEST		request_no_metrics	1790946355146	1790946355148	OK	 
USER	No Metrics Scenario	END	1790946355149
REQUEST		request_gauge	1790946355147	1790946355150	OK	 
USER	Gauge Scenario	END	1790946355150
REQUEST		request_timer	1790946355147	1790946355151	OK	 
USER	Timer Scenario	END	1790946355151
REQUEST		request_counter	1790946355147	1790946355151	OK	 
USER	Counter Scenario	END	1790946355151
USER	No Metrics Scenario	START	1790946355179
USER	Timer Scenario	START	1790946355179
USER	Gauge Scenario	START	1790946355179
USER	Counter Scenario	START	1790946355179
REQUEST		request_no_metrics	1790946355178	1790946355181	OK	 
USER	No Metrics Scenario	END	1790946355181
REQUEST		request_counter	1790946355179	1790946355183	OK	 
USER	Counter Scenario	END	1790946355183
REQUEST		request_timer	1790946355178	1790946355183	OK	 
USER	Timer Scenario	END	1790946355183
REQUEST		request_gauge	1790946355179	1790946355183	OK	 
USER	Gauge Scenario	END	1790946355183
USER	No Metrics Scenario	START	1790946355195
USER	Timer Scenario	START	1790946355195
USER	Gauge Scenario	START	1790946355195
USER	Counter Scenario	START	1790946355195
REQUEST		request_no_metrics	1790946355194	1790946355196	OK	 
USER	No Metrics Scenario	END	1790946355197
REQUEST		request_counter	1790946355195	1790946355198	OK	 
USER	Counter Scenario	END	1790946355199
REQUEST		request_timer	1790946355194	1790946355199	OK	 
USER	Timer Scenario	END	1790946355199
REQUEST		request_gauge	1790946355195	1790946355199	OK	 
USER	Gauge Scenario	END	1790946355199
USER	No Metrics Scenario	START	1790946355210
USER	Timer Scenario	START	1790946355210
USER	Gauge Scenario	START	1790946355211
USER	Counter Scenario	START	1790946355211
REQUEST		request_no_metrics	1790946355210	1790946355213	OK	 
USER	No Metrics Scenario	END	1790946355213
REQUEST		request_timer	1790946355210	1790946355214	OK	 
USER	Timer Scenario	END	1790946355214
REQUEST		request_counter	1790946355211	1790946355215	OK	 
USER	Counter Scenario	END	1790946355215
REQUEST		request_gauge	1790946355211	1790946355215	OK	 
USER	Gauge Scenario	END	1790946355215
USER	Timer Scenario	START	1790946355226
USER	No Metrics Scenario	START	1790946355227
USER	Gauge Scenario	START	1790946355227
USER	Counter Scenario	START	1790946355227
REQUEST		request_no_metrics	1790946355226	1790946355229	OK	 
USER	No Metrics Scenario	END	1790946355229
REQUEST		request_timer	1790946355226	1790946355230	OK	 
USER	Timer Scenario	END	1790946355230
REQUEST		request_counter	1790946355227	1790946355231	OK	 
USER	Counter Scenario	END	1790946355231
REQUEST		request_gauge	1790946355227	1790946355231	OK	 
USER	Gauge Scenario	END	1790946355231
USER	No Metrics Scenario	START	1790946355258
USER	Timer Scenario	START	1790946355258
USER	Gauge Scenario	START	1790946355258
USER	Counter Scenario	START	1790946355259
REQUEST		request_no_metrics	1790946355258	1790946355260	OK	 
USER	No Metrics Scenario	END	1790946355261
REQUEST		request_gauge	1790946355258	1790946355261	OK	 
USER	Gauge Scenario	END	1790946355262
REQUEST		request_timer	1790946355258	1790946355262	OK	 
USER	Timer Scenario	END	1790946355262
REQUEST		request_counter	1790946355259	1790946355262	OK	 
USER	Counter Scenario	END	1790946355262
USER	Timer Scenario	START	1790946355274
USER	No Metrics Scenario	START	1790946355274
USER	Gauge Scenario	START	1790946355275
USER	Counter Scenario	START	1790946355275
REQUEST		request_no_metrics	1790946355274	1790946355276	OK	 
USER	No Metrics Scenario	END	1790946355277
REQUEST		request_gauge	1790946355274	1790946355278	OK	 
USER	Gauge Scenario	END	1790946355278
REQUEST		request_timer	1790946355274	1790946355278	OK	 
USER	Timer Scenario	END	1790946355278
REQUEST		request_counter	1790946355275	1790946355279	OK	 
USER	Counter Scenario	END	1790946355279
USER	No Metrics Scenario	START	1790946355290
USER	Timer Scenario	START	1790946355290
USER	Gauge Scenario	START	1790946355290
USER	Counter Scenario	START	1790946355291
REQUEST		request_no_metrics	1790946355289	1790946355292	OK	 
USER	No Metrics Scenario	END	1790946355293
REQUEST		request_timer	1790946355289	1790946355294	OK	 
USER	Timer Scenario	END	1790946355294
REQUEST		request_gauge	1790946355290	1790946355294	OK	 
USER	Gauge Scenario	END	1790946355295
REQUEST		request_counter	1790946355290	1790946355295	OK	 
USER	Counter Scenario	END	1790946355295
USER	No Metrics Scenario	START	1790946355306
USER	Timer Scenario	START	1790946355306
USER	Gauge Scenario	START	1790946355306
USER	Counter Scenario	START	1790946355307
REQUEST		request_no_metrics	1790946355305	1790946355308	OK	 
USER	No Metrics Scenario	END	1790946355309
REQUEST		request_timer	1790946355306	1790946355311	OK	 
USER	Timer Scenario	END	1790946355311
REQUEST		request_gauge	1790946355306	1790946355311	OK	 
USER	Gauge Scenario	END	1790946355312
REQUEST		request_counter	1790946355307	1790946355312	OK	 
USER	Counter Scenario	END	1790946355312
USER	Timer Scenario	START	1790946355338
USER	No Metrics Scenario	START	1790946355338
USER	Gauge Scenario	START	1790946355338
USER	Counter Scenario	START	1790946355339
REQUEST		request_no_metrics	1790946355337	1790946355341	OK	 
USER	No Metrics Scenario	END	1790946355341
REQUEST		request_counter	1790946355339	1790946355342	OK	 
USER	Counter Scenario	END	1790946355342
REQUEST		request_gauge	1790946355338	1790946355342	OK	 
USER	Gauge Scenario	END	1790946355342
REQUEST		request_timer	1790946355337	1790946355343	OK	 
USER	Timer Scenario	END	1790946355343
USER	Timer Scenario	START	1790946355354
USER	No Metrics Scenario	START	1790946355354
USER	Gauge Scenario	START	1790946355354
USER	Counter Scenario	START	1790946355355
REQUEST		request_no_metrics	1790946355353	1790946355356	OK	 
USER	No Metrics Scenario	END	1790946355357
REQUEST		request_timer	1790946355353	1790946355358	OK	 
USER	Timer Scenario	END	1790946355358
REQUEST		request_gauge	1790946355354	1790946355358	OK	 
USER	Gauge Scenario	END	1790946355359
REQUEST		request_counter	1790946355354	1790946355359	OK	 
USER	Counter Scenario	END	1790946355359
USER	Timer Scenario	START	1790946355370
USER	No Metrics Scenario	START	1790946355370
USER	Gauge Scenario	START	1790946355370
USER	Counter Scenario	START	1790946355370
REQUEST		request_no_metrics	1790946355369	1790946355372	OK	 
USER	No Metrics Scenario	END	1790946355373
REQUEST		request_timer	1790946355369	1790946355374	OK	 
USER	Timer Scenario	END	1790946355374
REQUEST		request_gauge	1790946355370	1790946355374	OK	 
USER	Gauge Scenario	END	1790946355374
REQUEST		request_counter	1790946355370	1790946355375	OK	 
USER	Counter Scenario	END	1790946355375
USER	No Metrics Scenario	START	1790946355386
USER	Timer Scenario	START	1790946355386
USER	Gauge Scenario	START	1790946355386
USER	Counter Scenario	START	1790946355386
REQUEST		request_no_metrics	1790946355385	1790946355388	OK	 
USER	No Metrics Scenario	END	1790946355388
REQUEST		request_gauge	1790946355386	1790946355389	OK	 
USER	Gauge Scenario	END	1790946355390
REQUEST		request_counter	1790946355386	1790946355390	OK	 
USER	Counter Scenario	END	1790946355390
REQUEST		request_timer	1790946355385	1790946355390	OK	 
USER	Timer Scenario	END	1790946355390
USER	Timer Scenario	START	1790946355417
USER	No Metrics Scenario	START	1790946355417
USER	Gauge Scenario	START	1790946355417
USER	Counter Scenario	START	1790946355418
REQUEST		request_no_metrics	1790946355417	1790946355419	OK	 
USER	No Metrics Scenario	END	1790946355420
REQUEST		request_timer	1790946355417	1790946355420	OK	 
USER	Timer Scenario	END	1790946355421
REQUEST		request_counter	1790946355417	1790946355421	OK	 
USER	Counter Scenario	END	1790946355421
REQUEST		request_gauge	1790946355417	1790946355421	OK	 
USER	Gauge Scenario	END	1790946355421
USER	Timer Scenario	START	1790946355433
USER	No Metrics Scenario	START	1790946355433
USER	Gauge Scenario	START	1790946355433
USER	Counter Scenario	START	1790946355434
REQUEST		request_no_metrics	1790946355432	1790946355434	OK	 
USER	No Metrics Scenario	END	1790946355435
REQUEST		request_timer	1790946355432	1790946355437	OK	 
USER	Timer Scenario	END	1790946355437
REQUEST		request_counter	1790946355433	1790946355437	OK	 
USER	Counter Scenario	END	1790946355437
REQUEST		request_gauge	1790946355433	1790946355438	OK	 
USER	Gauge Scenario	END	1790946355438
USER	No Metrics Scenario	START	1790946355449
USER	Timer Scenario	START	1790946355449
USER	Gauge Scenario	START	1790946355449
USER	Counter Scenario	START	1790946355449
REQUEST		request_no_metrics	1790946355448	1790946355451	OK	 
USER	No Metrics Scenario	END	1790946355451
REQUEST		request_timer	1790946355448	1790946355452	OK	 
USER	Timer Scenario	END	1790946355452
REQUEST		request_gauge	1790946355449	1790946355452	OK	 
USER	Gauge Scenario	END	1790946355452
REQUEST		request_counter	1790946355449	1790946355453	OK	 
USER	Counter Scenario	END	1790946355453
USER	No Metrics Scenario	START	1790946355465
USER	Timer Scenario	START	1790946355465
USER	Gauge Scenario	START	1790946355466
USER	Counter Scenario	START	1790946355466
REQUEST		request_no_metrics	1790946355465	1790946355468	OK	 
USER	No Metrics Scenario	END	1790946355468
REQUEST		request_counter	1790946355466	1790946355470	OK	 
USER	Counter Scenario	END	1790946355470
REQUEST		request_timer	1790946355465	1790946355470	OK	 
USER	Timer Scenario	END	1790946355470
REQUEST		request_gauge	1790946355466	1790946355470	OK	 
USER	Gauge Scenario	END	1790946355471
USER	No Metrics Scenario	START	1790946355497
USER	Timer Scenario	START	1790946355498
USER	Gauge Scenario	START	1790946355499
USER	Counter Scenario	START	1790946355499
REQUEST		request_no_metrics	1790946355497	1790946355500	OK	 
USER	No Metrics Scenario	END	1790946355500
REQUEST		request_timer	1790946355498	1790946355503	OK	 
USER	Timer Scenario	END	1790946355504
REQUEST		request_counter	1790946355499	1790946355504	OK	 
USER	Counter Scenario	END	1790946355504
REQUEST		request_gauge	1790946355498	1790946355504	OK	 
USER	Gauge Scenario	END	1790946355504
USER	No Metrics Scenario	START	1790946355505
REQUEST		request_no_metrics	1790946355505	1790946355507	OK	 
USER	No Metrics Scenario	END	1790946355508
USER	Timer Scenario	START	1790946355513
USER	Gauge Scenario	START	1790946355514
USER	Counter Scenario	START	1790946355514
REQUEST		request_timer	1790946355513	1790946355518	OK	 
USER	Timer Scenario	END	1790946355518
REQUEST		request_counter	1790946355514	1790946355519	OK	 
USER	Counter Scenario	END	1790946355519
REQUEST		request_gauge	1790946355513	1790946355519	OK	 
USER	Gauge Scenario	END	1790946355519
USER	Timer Scenario	START	1790946355529
USER	Gauge Scenario	START	1790946355529
USER	No Metrics Scenario	START	1790946355530
USER	Counter Scenario	START	1790946355530
REQUEST		request_no_metrics	1790946355529	1790946355532	OK	 
USER	No Metrics Scenario	END	1790946355532
REQUEST		request_counter	1790946355530	1790946355535	OK	 
USER	Counter Scenario	END	1790946355535
REQUEST		request_timer	1790946355528	1790946355535	OK	 
USER	Timer Scenario	END	1790946355535
REQUEST		request_gauge	1790946355529	1790946355535	OK	 
USER	Gauge Scenario	END	1790946355536
USER	No Metrics Scenario	START	1790946355545
USER	Timer Scenario	START	1790946355545
USER	Gauge Scenario	START	1790946355546
USER	Counter Scenario	START	1790946355547
REQUEST		request_no_metrics	1790946355545	1790946355548	OK	 
USER	No Metrics Scenario	END	1790946355549
REQUEST		request_counter	1790946355547	1790946355551	OK	 
USER	Counter Scenario	END	1790946355552
REQUEST		request_timer	1790946355545	1790946355552	OK	 
USER	Timer Scenario	END	1790946355552
REQUEST		request_gauge	1790946355546	1790946355552	OK	 
USER	Gauge Scenario	END	1790946355552
USER	No Metrics Scenario	START	1790946355577
USER	Timer Scenario	START	1790946355578
USER	Gauge Scenario	START	1790946355578
USER	Counter Scenario	START	1790946355578
REQUEST		request_no_metrics	1790946355577	1790946355579	OK	 
USER	No Metrics Scenario	END	1790946355580
REQUEST		request_timer	1790946355577	1790946355581	OK	 
USER	Timer Scenario	END	1790946355581
REQUEST		request_gauge	1790946355578	1790946355581	OK	 
USER	Gauge Scenario	END	1790946355581
REQUEST		request_counter	1790946355578	1790946355581	OK	 
USER	Counter Scenario	END	1790946355581
USER	Timer Scenario	START	1790946355593
USER	No Metrics Scenario	START	1790946355593
USER	Gauge Scenario	START	1790946355593
USER	Counter Scenario	START	1790946355593
REQUEST		request_no_metrics	1790946355592	1790946355595	OK	 
USER	No Metrics Scenario	END	1790946355595
REQUEST		request_timer	1790946355592	1790946355596	OK	 
USER	Timer Scenario	END	1790946355596
REQUEST		request_counter	1790946355593	1790946355596	OK	 
USER	Counter Scenario	END	1790946355596
REQUEST		request_gauge	1790946355593	1790946355597	OK	 
USER	Gauge Scenario	END	1790946355597
USER	No Metrics Scenario	START	1790946355609
USER	Timer Scenario	START	1790946355609
USER	Gauge Scenario	START	1790946355609
USER	Counter Scenario	START	1790946355609
REQUEST		request_no_metrics	1790946355608	1790946355611	OK	 
USER	No Metrics Scenario	END	1790946355611
REQUEST		request_timer	1790946355608	1790946355612	OK	 
USER	Timer Scenario	END	1790946355613
REQUEST		request_counter	1790946355609	1790946355613	OK	 
USER	Counter Scenario	END	1790946355613
REQUEST		request_gauge	1790946355609	1790946355613	OK	 
USER	Gauge Scenario	END	1790946355613
USER	Timer Scenario	START	1790946355625
USER	Gauge Scenario	START	1790946355625
USER	Counter Scenario	START	1790946355626
REQUEST		request_counter	1790946355625	1790946355629	OK	 
USER	Counter Scenario	END	1790946355629
REQUEST		request_timer	1790946355624	1790946355630	OK	 
USER	Timer Scenario	END	1790946355630
REQUEST		request_gauge	1790946355625	1790946355630	OK	 
USER	Gauge Scenario	END	1790946355630
USER	No Metrics Scenario	START	1790946355641
REQUEST		request_no_metrics	1790946355640	1790946355643	OK	 
USER	No Metrics Scenario	END	1790946355643
USER	No Metrics Scenario	START	1790946355657
USER	Timer Scenario	START	1790946355657
USER	Gauge Scenario	START	1790946355657
USER	Counter Scenario	START	1790946355657
REQUEST		request_no_metrics	1790946355656	1790946355659	OK	 
USER	No Metrics Scenario	END	1790946355659
REQUEST		request_timer	1790946355656	1790946355660	OK	 
USER	Timer Scenario	END	1790946355661
REQUEST		request_gauge	1790946355657	1790946355661	OK	 
USER	Gauge Scenario	END	1790946355661
REQUEST		request_counter	1790946355657	1790946355661	OK	 
USER	Counter Scenario	END	1790946355661
USER	No Metrics Scenario	START	1790946355673
USER	Timer Scenario	START	1790946355673
USER	Gauge Scenario	START	1790946355673
USER	Counter Scenario	START	1790946355673
REQUEST		request_no_metrics	1790946355672	1790946355675	OK	 
USER	No Metrics Scenario	END	1790946355675
REQUEST		request_gauge	1790946355673	1790946355677	OK	 
USER	Gauge Scenario	END	1790946355677
REQUEST		request_timer	1790946355672	1790946355677	OK	 
USER	Timer Scenario	END	1790946355677
REQUEST		request_counter	1790946355673	1790946355677	OK	 
USER	Counter Scenario	END	1790946355678
USER	No Metrics Scenario	START	1790946355688
USER	Timer Scenario	START	1790946355688
USER	Gauge Scenario	START	1790946355689
USER	Counter Scenario	START	1790946355689
REQUEST		request_no_metrics	1790946355688	1790946355691	OK	 
USER	No Metrics Scenario	END	1790946355691
REQUEST		request_timer	1790946355688	1790946355692	OK	 
USER	Timer Scenario	END	1790946355692
REQUEST		request_counter	1790946355689	1790946355692	OK	 
USER	Counter Scenario	END	1790946355693
REQUEST		request_gauge	1790946355689	1790946355693	OK	 
USER	Gauge Scenario	END	1790946355693
USER	Timer Scenario	START	1790946355704
USER	Gauge Scenario	START	1790946355705
USER	Counter Scenario	START	1790946355707
REQUEST		request_timer	1790946355704	1790946355708	OK	 
USER	Timer Scenario	END	1790946355708
REQUEST		request_gauge	1790946355704	1790946355708	OK	 
USER	Gauge Scenario	END	1790946355708
REQUEST		request_counter	1790946355707	1790946355710	OK	 
USER	Counter Scenario	END	1790946355710
USER	No Metrics Scenario	START	1790946355720
REQUEST		request_no_metrics	1790946355720	1790946355723	OK	 
USER	No Metrics Scenario	END	1790946355723
USER	No Metrics Scenario	START	1790946355736
USER	Timer Scenario	START	1790946355736
USER	Gauge Scenario	START	1790946355737
USER	Counter Scenario	START	1790946355737
REQUEST		request_no_metrics	1790946355736	1790946355739	OK	 
USER	No Metrics Scenario	END	1790946355739
REQUEST		request_timer	1790946355736	1790946355741	OK	 
USER	Timer Scenario	END	1790946355741
REQUEST		request_counter	1790946355737	1790946355741	OK	 
USER	Counter Scenario	END	1790946355742
REQUEST		request_gauge	1790946355736	1790946355742	OK	 
USER	Gauge Scenario	END	1790946355742
USER	Timer Scenario	START	1790946355752
USER	No Metrics Scenario	START	1790946355752
USER	Gauge Scenario	START	1790946355753
USER	Counter Scenario	START	1790946355753
REQUEST		request_no_metrics	1790946355752	1790946355755	OK	 
USER	No Metrics Scenario	END	1790946355756
REQUEST		request_timer	1790946355752	1790946355757	OK	 
USER	Timer Scenario	END	1790946355758
REQUEST		request_gauge	1790946355752	1790946355758	OK	 
USER	Gauge Scenario	END	1790946355758
REQUEST		request_counter	1790946355753	1790946355758	OK	 
USER	Counter Scenario	END	1790946355759
USER	No Metrics Scenario	START	1790946355768
USER	Timer Scenario	START	1790946355768
USER	Gauge Scenario	START	1790946355768
USER	Counter Scenario	START	1790946355768
REQUEST		request_no_metrics	1790946355767	1790946355770	OK	 
USER	No Metrics Scenario	END	1790946355771
REQUEST		request_timer	1790946355767	1790946355772	OK	 
USER	Timer Scenario	END	1790946355773
REQUEST		request_counter	1790946355768	1790946355773	OK	 
USER	Counter Scenario	END	1790946355773
REQUEST		request_gauge	1790946355768	1790946355773	OK	 
USER	Gauge Scenario	END	1790946355773
USER	No Metrics Scenario	START	1790946355799
USER	Timer Scenario	START	1790946355799
USER	Gauge Scenario	START	1790946355799
USER	Counter Scenario	START	1790946355799
REQUEST		request_no_metrics	1790946355799	1790946355801	OK	 
USER	No Metrics Scenario	END	1790946355802
REQUEST		request_timer	1790946355799	1790946355802	OK	 
USER	Timer Scenario	END	1790946355803
REQUEST		request_gauge	1790946355799	1790946355803	OK	 
USER	Gauge Scenario	END	1790946355803
REQUEST		request_counter	1790946355799	1790946355803	OK	 
USER	Counter Scenario	END	1790946355803
USER	Timer Scenario	START	1790946355814
USER	No Metrics Scenario	START	1790946355814
USER	Gauge Scenario	START	1790946355815
USER	Counter Scenario	START	1790946355815
REQUEST		request_no_metrics	1790946355814	1790946355816	OK	 
USER	No Metrics Scenario	END	1790946355817
REQUEST		request_timer	1790946355814	1790946355818	OK	 
USER	Timer Scenario	END	1790946355819
REQUEST		request_counter	1790946355815	1790946355819	OK	 
USER	Counter Scenario	END	1790946355819
REQUEST		request_gauge	1790946355814	1790946355819	OK	 
USER	Gauge Scenario	END	1790946355819
USER	No Metrics Scenario	START	1790946355830
USER	Timer Scenario	START	1790946355830
USER	Gauge Scenario	START	1790946355831
USER	Counter Scenario	START	1790946355832
REQUEST		request_no_metrics	1790946355830	1790946355833	OK	 
USER	No Metrics Scenario	END	1790946355833
REQUEST		request_timer	1790946355830	1790946355835	OK	 
USER	Timer Scenario	END	1790946355835
REQUEST		request_gauge	1790946355831	1790946355836	OK	 
USER	Gauge Scenario	END	1790946355836
REQUEST		request_counter	1790946355831	1790946355836	OK	 
USER	Counter Scenario	END	1790946355836
USER	Timer Scenario	START	1790946355846
USER	No Metrics Scenario	START	1790946355846
USER	Gauge Scenario	START	1790946355847
USER	Counter Scenario	START	1790946355847
REQUEST		request_no_metrics	1790946355846	1790946355849	OK	 
USER	No Metrics Scenario	END	1790946355849
REQUEST		request_timer	1790946355846	1790946355850	OK	 
USER	Timer Scenario	END	1790946355850
REQUEST		request_gauge	1790946355847	1790946355851	OK	 
USER	Gauge Scenario	END	1790946355851
REQUEST		request_counter	1790946355847	1790946355851	OK	 
USER	Counter Scenario	END	1790946355852
USER	No Metrics Scenario	START	1790946355878
USER	Timer Scenario	START	1790946355878
USER	Gauge Scenario	START	1790946355879
USER	Counter Scenario	START	1790946355879
REQUEST		request_no_metrics	1790946355878	1790946355881	OK	 
USER	No Metrics Scenario	END	1790946355882
REQUEST		request_timer	1790946355878	1790946355883	OK	 
USER	Timer Scenario	END	1790946355883
REQUEST		request_gauge	1790946355879	1790946355884	OK	 
USER	Gauge Scenario	END	1790946355884
REQUEST		request_counter	1790946355879	1790946355884	OK	 
USER	Counter Scenario	END	1790946355884
USER	No Metrics Scenario	START	1790946355885
REQUEST		request_no_metrics	1790946355885	1790946355887	OK	 
USER	No Metrics Scenario	END	1790946355887
USER	Timer Scenario	START	1790946355895
USER	Gauge Scenario	START	1790946355895
USER	Counter Scenario	START	1790946355896
REQUEST		request_timer	1790946355894	1790946355900	OK	 
USER	Timer Scenario	END	1790946355900
REQUEST		request_counter	1790946355895	1790946355900	OK	 
USER	Counter Scenario	END	1790946355901
REQUEST		request_gauge	1790946355895	1790946355901	OK	 
USER	Gauge Scenario	END	1790946355901
USER	No Metrics Scenario	START	1790946355911
USER	Timer Scenario	START	1790946355911
USER	Gauge Scenario	START	1790946355912
USER	Counter Scenario	START	1790946355912
REQUEST		request_no_metrics	1790946355910	1790946355914	OK	 
USER	No Metrics Scenario	END	1790946355914
REQUEST		request_timer	1790946355911	1790946355916	OK	 
USER	Timer Scenario	END	1790946355917
REQUEST		request_counter	1790946355912	1790946355917	OK	 
USER	Counter Scenario	END	1790946355917
REQUEST		request_gauge	1790946355911	1790946355917	OK	 
USER	Gauge Scenario	END	1790946355917
USER	No Metrics Scenario	START	1790946355926
USER	Timer Scenario	START	1790946355927
USER	Gauge Scenario	START	1790946355928
USER	Counter Scenario	START	1790946355928
REQUEST		request_no_metrics	1790946355926	1790946355929	OK	 
USER	No Metrics Scenario	END	1790946355929
REQUEST		request_timer	1790946355926	1790946355932	OK	 
USER	Timer Scenario	END	1790946355933
REQUEST		request_gauge	1790946355927	1790946355933	OK	 
USER	Gauge Scenario	END	1790946355933
REQUEST		request_counter	1790946355928	1790946355933	OK	 
USER	Counter Scenario	END	1790946355934
USER	Timer Scenario	START	1790946355958
USER	No Metrics Scenario	START	1790946355958
USER	Gauge Scenario	START	1790946355959
USER	Counter Scenario	START	1790946355959
REQUEST		request_no_metrics	1790946355958	1790946355961	OK	 
USER	No Metrics Scenario	END	1790946355961
REQUEST		request_counter	1790946355959	1790946355962	OK	 
USER	Counter Scenario	END	1790946355962
REQUEST		request_timer	1790946355958	1790946355962	OK	 
USER	Timer Scenario	END	1790946355963
REQUEST		request_gauge	1790946355958	1790946355963	OK	 
USER	Gauge Scenario	END	1790946355963
USER	Timer Scenario	START	1790946355974
USER	No Metrics Scenario	START	1790946355974
USER	Gauge Scenario	START	1790946355975
USER	Counter Scenario	START	1790946355975
REQUEST		request_no_metrics	1790946355974	1790946355977	OK	 
USER	No Metrics Scenario	END	1790946355977
REQUEST		request_timer	1790946355974	1790946355978	OK	 
USER	Timer Scenario	END	1790946355979
REQUEST		request_counter	1790946355975	1790946355979	OK	 
USER	Counter Scenario	END	1790946355979
REQUEST		request_gauge	1790946355975	1790946355979	OK	 
USER	Gauge Scenario	END	1790946355979
USER	Timer Scenario	START	1790946355991
USER	No Metrics Scenario	START	1790946355991
USER	Gauge Scenario	START	1790946355991
USER	Counter Scenario	START	1790946355991
REQUEST		request_no_metrics	1790946355990	1790946355993	OK	 
USER	No Metrics Scenario	END	1790946355993
REQUEST		request_timer	1790946355990	1790946355994	OK	 
USER	Timer Scenario	END	1790946355995
REQUEST		request_counter	1790946355991	1790946355995	OK	 
USER	Counter Scenario	END	1790946355995
REQUEST		request_gauge	1790946355991	1790946355995	OK	 
USER	Gauge Scenario	END	1790946355995
USER	No Metrics Scenario	START	1790946356024
USER	No Metrics Scenario	START	1790946356024
USER	Counter Scenario	START	1790946356024
USER	Counter Scenario	START	1790946356024
USER	Timer Scenario	START	1790946356024
USER	Timer Scenario	START	1790946356024
USER	Gauge Scenario	START	1790946356026
REQUEST		request_no_metrics	1790946356023	1790946356026	OK	 
REQUEST		request_counter	1790946356024	1790946356027	OK	 
REQUEST		request_timer	1790946356024	1790946356027	OK	 
USER	Gauge Scenario	START	1790946356027
REQUEST		request_no_metrics	1790946356023	1790946356028	OK	 
REQUEST		request_timer	1790946356024	1790946356028	OK	 
REQUEST		request_counter	1790946356024	1790946356028	OK	 
USER	No Metrics Scenario	END	1790946356029
USER	Counter Scenario	END	1790946356029
USER	Timer Scenario	END	1790946356029
USER	No Metrics Scenario	END	1790946356029
USER	Timer Scenario	END	1790946356029
USER	Counter Scenario	END	1790946356029
REQUEST		request_gauge	1790946356027	1790946356029	OK	 
REQUEST		request_gauge	1790946356026	1790946356029	OK	 
USER	Gauge Scenario	END	1790946356029
USER	Gauge Scenario	END	1790946356029
USER	Timer Scenario	START	1790946356054
USER	Gauge Scenario	START	1790946356054
USER	No Metrics Scenario	START	1790946356054
USER	Counter Scenario	START	1790946356054
REQUEST		request_no_metrics	1790946356053	1790946356056	OK	 
REQUEST		request_counter	1790946356054	1790946356056	OK	 
REQUEST		request_gauge	1790946356053	1790946356056	OK	 
REQUEST		request_timer	1790946356053	1790946356056	OK	 
USER	No Metrics Scenario	END	1790946356056
USER	Counter Scenario	END	1790946356056
USER	Timer Scenario	END	1790946356056
USER	Gauge Scenario	END	1790946356056
USER	No Metrics Scenario	START	1790946356070
USER	Timer Scenario	START	1790946356070
USER	Gauge Scenario	START	1790946356070
USER	Counter Scenario	START	1790946356071
REQUEST		request_no_metrics	1790946356070	1790946356072	OK	 
REQUEST		request_counter	1790946356070	1790946356073	OK	 
REQUEST		request_gauge	1790946356070	1790946356073	OK	 
REQUEST		request_timer	1790946356070	1790946356073	OK	 
USER	No Metrics Scenario	END	1790946356073
USER	Counter Scenario	END	1790946356073
USER	Gauge Scenario	END	1790946356073
USER	Timer Scenario	END	1790946356073
USER	Counter Scenario	START	1790946356086
USER	Timer Scenario	START	1790946356086
USER	Gauge Scenario	START	1790946356086
USER	No Metrics Scenario	START	1790946356086
REQUEST		request_counter	1790946356086	1790946356089	OK	 
REQUEST		request_timer	1790946356086	1790946356089	OK	 
REQUEST		request_no_metrics	1790946356086	1790946356089	OK	 
REQUEST		request_gauge	1790946356086	1790946356089	OK	 
USER	Timer Scenario	END	1790946356089
USER	Counter Scenario	END	1790946356089
USER	No Metrics Scenario	END	1790946356089
USER	Gauge Scenario	END	1790946356089
USER	No Metrics Scenario	START	1790946356118
USER	Gauge Scenario	START	1790946356118
USER	Timer Scenario	START	1790946356118
USER	Counter Scenario	START	1790946356120
REQUEST		request_no_metrics	1790946356118	1790946356120	OK	 
REQUEST		request_timer	1790946356118	1790946356120	OK	 
USER	Timer Scenario	END	1790946356121
USER	No Metrics Scenario	END	1790946356121
REQUEST		request_gauge	1790946356118	1790946356121	OK	 
USER	Gauge Scenario	END	1790946356121
REQUEST		request_counter	1790946356119	1790946356123	OK	 
USER	Counter Scenario	END	1790946356124
USER	Counter Scenario	START	1790946356134
USER	Timer Scenario	START	1790946356134
USER	Gauge Scenario	START	1790946356134
USER	No Metrics Scenario	START	1790946356134
REQUEST		request_no_metrics	1790946356133	1790946356136	OK	 
REQUEST		request_counter	1790946356133	1790946356136	OK	 
REQUEST		request_timer	1790946356133	1790946356136	OK	 
REQUEST		request_gauge	1790946356133	1790946356137	OK	 
USER	No Metrics Scenario	END	1790946356137
USER	Counter Scenario	END	1790946356137
USER	Timer Scenario	END	1790946356137
USER	Gauge Scenario	END	1790946356137
USER	Counter Scenario	START	1790946356150
USER	Gauge Scenario	START	1790946356150
USER	No Metrics Scenario	START	1790946356151
USER	Timer Scenario	START	1790946356151
REQUEST		request_no_metrics	1790946356150	1790946356153	OK	 
REQUEST		request_gauge	1790946356149	1790946356153	OK	 
REQUEST		request_timer	1790946356149	1790946356153	OK	 
USER	Gauge Scenario	END	1790946356153
USER	No Metrics Scenario	END	1790946356153
USER	Timer Scenario	END	1790946356153
REQUEST		request_counter	1790946356149	1790946356153	OK	 
USER	Counter Scenario	END	1790946356153
USER	Timer Scenario	START	1790946356166
USER	Gauge Scenario	START	1790946356166
USER	No Metrics Scenario	START	1790946356166
USER	Counter Scenario	START	1790946356166
REQUEST		request_no_metrics	1790946356166	1790946356168	OK	 
REQUEST		request_timer	1790946356165	1790946356168	OK	 
REQUEST		request_counter	1790946356166	1790946356168	OK	 
REQUEST		request_gauge	1790946356165	1790946356168	OK	 
USER	No Metrics Scenario	END	1790946356168
USER	Counter Scenario	END	1790946356168
USER	Gauge Scenario	END	1790946356168
USER	Timer Scenario	END	1790946356168
USER	No Metrics Scenario	START	1790946356197
USER	Counter Scenario	START	1790946356197
USER	Timer Scenario	START	1790946356197
USER	Gauge Scenario	START	1790946356197
REQUEST		request_no_metrics	1790946356197	1790946356199	OK	 
REQUEST		request_counter	1790946356197	1790946356199	OK	 
REQUEST		request_timer	1790946356197	1790946356200	OK	 
USER	Counter Scenario	END	1790946356200
REQUEST		request_gauge	1790946356197	1790946356200	OK	 
USER	No Metrics Scenario	END	1790946356200
USER	Timer Scenario	END	1790946356200
USER	Gauge Scenario	END	1790946356200
USER	Timer Scenario	START	1790946356213
USER	Counter Scenario	START	1790946356213
USER	No Metrics Scenario	START	1790946356213
USER	Gauge Scenario	START	1790946356213
REQUEST		request_counter	1790946356212	1790946356215	OK	 
REQUEST		request_no_metrics	1790946356212	1790946356215	OK	 
REQUEST		request_timer	1790946356212	1790946356215	OK	 
USER	No Metrics Scenario	END	1790946356215
USER	Counter Scenario	END	1790946356215
USER	Timer Scenario	END	1790946356215
REQUEST		request_gauge	1790946356212	1790946356215	OK	 
USER	Gauge Scenario	END	1790946356215
USER	Timer Scenario	START	1790946356229
USER	No Metrics Scenario	START	1790946356229
USER	Counter Scenario	START	1790946356229
USER	Gauge Scenario	START	1790946356229
REQUEST		request_counter	1790946356229	1790946356231	OK	 
REQUEST		request_gauge	1790946356229	1790946356231	OK	 
REQUEST		request_no_metrics	1790946356228	1790946356231	OK	 
USER	Counter Scenario	END	1790946356232
USER	Gauge Scenario	END	1790946356232
USER	No Metrics Scenario	END	1790946356232
REQUEST		request_timer	1790946356228	1790946356232	OK	 
USER	Timer Scenario	END	1790946356232
USER	No Metrics Scenario	START	1790946356245
REQUEST		request_no_metrics	1790946356244	1790946356247	OK	 
USER	No Metrics Scenario	END	1790946356247
USER	Timer Scenario	START	1790946356261
USER	Gauge Scenario	START	1790946356261
USER	Counter Scenario	START	1790946356261
REQUEST		request_timer	1790946356261	1790946356263	OK	 
REQUEST		request_gauge	1790946356261	1790946356263	OK	 
REQUEST		request_counter	1790946356260	1790946356263	OK	 
USER	Gauge Scenario	END	1790946356264
USER	Timer Scenario	END	1790946356264
USER	Counter Scenario	END	1790946356264
USER	Gauge Scenario	START	1790946356277
USER	No Metrics Scenario	START	1790946356277
USER	Timer Scenario	START	1790946356277
USER	Counter Scenario	START	1790946356277
REQUEST		request_counter	1790946356276	1790946356279	OK	 
REQUEST		request_gauge	1790946356276	1790946356279	OK	 
REQUEST		request_no_metrics	1790946356276	1790946356279	OK	 
REQUEST		request_timer	1790946356277	1790946356279	OK	 
USER	Gauge Scenario	END	1790946356279
USER	Counter Scenario	END	1790946356279
USER	No Metrics Scenario	END	1790946356279
USER	Timer Scenario	END	1790946356279
USER	No Metrics Scenario	START	1790946356292
USER	Counter Scenario	START	1790946356292
USER	Gauge Scenario	START	1790946356292
USER	Timer Scenario	START	1790946356292
REQUEST		request_no_metrics	1790946356292	1790946356295	OK	 
REQUEST		request_timer	1790946356292	1790946356295	OK	 
REQUEST		request_gauge	1790946356292	1790946356295	OK	 
REQUEST		request_counter	1790946356292	1790946356295	OK	 
USER	No Metrics Scenario	END	1790946356295
USER	Gauge Scenario	END	1790946356295
USER	Timer Scenario	END	1790946356295
USER	Counter Scenario	END	1790946356295
USER	Timer Scenario	START	1790946356308
USER	Counter Scenario	START	1790946356308
USER	No Metrics Scenario	START	1790946356308
USER	Gauge Scenario	START	1790946356308
REQUEST		request_no_metrics	1790946356308	1790946356310	OK	 
REQUEST		request_counter	1790946356308	1790946356310	OK	 
REQUEST		request_gauge	1790946356308	1790946356310	OK	 
REQUEST		request_timer	1790946356308	1790946356311	OK	 
USER	No Metrics Scenario	END	1790946356311
USER	Gauge Scenario	END	1790946356311
USER	Counter Scenario	END	1790946356311
USER	Timer Scenario	END	1790946356311
USER	No Metrics Scenario	START	1790946356325
REQUEST		request_no_metrics	1790946356324	1790946356327	OK	 
USER	No Metrics Scenario	END	1790946356327
USER	Gauge Scenario	START	1790946356340
USER	Timer Scenario	START	1790946356340
USER	Counter Scenario	START	1790946356340
REQUEST		request_timer	1790946356340	1790946356343	OK	 
REQUEST		request_gauge	1790946356340	1790946356343	OK	 
REQUEST		request_counter	1790946356340	1790946356343	OK	 
USER	Timer Scenario	END	1790946356343
USER	Gauge Scenario	END	1790946356343
USER	Counter Scenario	END	1790946356344
USER	No Metrics Scenario	START	1790946356357
USER	Counter Scenario	START	1790946356357
USER	Timer Scenario	START	1790946356357
USER	Gauge Scenario	START	1790946356357
REQUEST		request_no_metrics	1790946356356	1790946356359	OK	 
REQUEST		request_gauge	1790946356356	1790946356359	OK	 
REQUEST		request_timer	1790946356356	1790946356359	OK	 
REQUEST		request_counter	1790946356356	1790946356360	OK	 
USER	Gauge Scenario	END	1790946356360
USER	Timer Scenario	END	1790946356360
USER	No Metrics Scenario	END	1790946356360
USER	Counter Scenario	END	1790946356360
USER	Timer Scenario	START	1790946356373
USER	No Metrics Scenario	START	1790946356373
USER	Gauge Scenario	START	1790946356373
USER	Counter Scenario	START	1790946356373
REQUEST		request_no_metrics	1790946356372	1790946356376	OK	 
REQUEST		request_timer	1790946356372	1790946356376	OK	 
REQUEST		request_gauge	1790946356372	1790946356376	OK	 
USER	No Metrics Scenario	END	1790946356376
USER	Timer Scenario	END	1790946356376
REQUEST		request_counter	1790946356372	1790946356376	OK	 
USER	Gauge Scenario	END	1790946356376
USER	Counter Scenario	END	1790946356376
USER	Timer Scenario	START	1790946356389
USER	Counter Scenario	START	1790946356389
USER	Gauge Scenario	START	1790946356389
USER	No Metrics Scenario	START	1790946356389
REQUEST		request_timer	1790946356389	1790946356392	OK	 
REQUEST		request_no_metrics	1790946356389	1790946356392	OK	 
REQUEST		request_gauge	1790946356389	1790946356392	OK	 
REQUEST		request_counter	1790946356389	1790946356392	OK	 
USER	No Metrics Scenario	END	1790946356392
USER	Timer Scenario	END	1790946356392
USER	Gauge Scenario	END	1790946356392
USER	Counter Scenario	END	1790946356392
USER	No Metrics Scenario	START	1790946356405
REQUEST		request_no_metrics	1790946356404	1790946356407	OK	 
USER	No Metrics Scenario	END	1790946356408
USER	Timer Scenario	START	1790946356420
USER	Gauge Scenario	START	1790946356420
USER	Counter Scenario	START	1790946356420
REQUEST		request_gauge	1790946356420	1790946356423	OK	 
REQUEST		request_counter	1790946356420	1790946356423	OK	 
REQUEST		request_timer	1790946356420	1790946356423	OK	 
USER	Gauge Scenario	END	1790946356423
USER	Counter Scenario	END	1790946356423
USER	Timer Scenario	END	1790946356423
USER	Timer Scenario	START	1790946356436
USER	Gauge Scenario	START	1790946356436
USER	Counter Scenario	START	1790946356436
USER	No Metrics Scenario	START	1790946356436
REQUEST		request_no_metrics	1790946356436	1790946356438	OK	 
REQUEST		request_timer	1790946356436	1790946356439	OK	 
REQUEST		request_counter	1790946356436	1790946356439	OK	 
REQUEST		request_gauge	1790946356436	1790946356439	OK	 
USER	No Metrics Scenario	END	1790946356439
USER	Timer Scenario	END	1790946356439
USER	Counter Scenario	END	1790946356439
USER	Gauge Scenario	END	1790946356439
USER	Counter Scenario	START	1790946356452
USER	Timer Scenario	START	1790946356452
USER	Gauge Scenario	START	1790946356452
USER	No Metrics Scenario	START	1790946356452
REQUEST		request_no_metrics	1790946356452	1790946356454	OK	 
REQUEST		request_timer	1790946356451	1790946356454	OK	 
REQUEST		request_counter	1790946356451	1790946356454	OK	 
REQUEST		request_gauge	1790946356452	1790946356455	OK	 
USER	No Metrics Scenario	END	1790946356455
USER	Timer Scenario	END	1790946356455
USER	Gauge Scenario	END	1790946356455
USER	Counter Scenario	END	1790946356455
USER	Timer Scenario	START	1790946356466
USER	No Metrics Scenario	START	1790946356466
USER	Counter Scenario	START	1790946356466
USER	Gauge Scenario	START	1790946356466
REQUEST		request_no_metrics	1790946356465	1790946356468	OK	 
REQUEST		request_gauge	1790946356465	1790946356468	OK	 
REQUEST		request_timer	1790946356465	1790946356468	OK	 
USER	No Metrics Scenario	END	1790946356468
REQUEST		request_counter	1790946356465	1790946356468	OK	 
USER	Gauge Scenario	END	1790946356468
USER	Counter Scenario	END	1790946356469
USER	Timer Scenario	END	1790946356469
USER	Gauge Scenario	START	1790946356497
USER	Timer Scenario	START	1790946356497
USER	Counter Scenario	START	1790946356497
USER	No Metrics Scenario	START	1790946356498
REQUEST		request_no_metrics	1790946356497	1790946356500	OK	 
REQUEST		request_timer	1790946356497	1790946356500	OK	 
REQUEST		request_counter	1790946356497	1790946356500	OK	 
USER	No Metrics Scenario	END	1790946356500
USER	Timer Scenario	END	1790946356500
USER	Counter Scenario	END	1790946356500
REQUEST		request_gauge	1790946356497	1790946356500	OK	 
USER	Gauge Scenario	END	1790946356501
USER	No Metrics Scenario	START	1790946356513
USER	Gauge Scenario	START	1790946356513
USER	Counter Scenario	START	1790946356513
USER	Timer Scenario	START	1790946356513
REQUEST		request_no_metrics	1790946356513	1790946356515	OK	 
REQUEST		request_timer	1790946356513	1790946356515	OK	 
REQUEST		request_counter	1790946356512	1790946356515	OK	 
USER	No Metrics Scenario	END	1790946356516
USER	Timer Scenario	END	1790946356516
USER	Counter Scenario	END	1790946356516
REQUEST		request_gauge	1790946356512	1790946356516	OK	 
USER	Gauge Scenario	END	1790946356516
USER	Counter Scenario	START	1790946356528
USER	Timer Scenario	START	1790946356528
USER	Gauge Scenario	START	1790946356528
USER	No Metrics Scenario	START	1790946356529
REQUEST		request_timer	1790946356528	1790946356530	OK	 
REQUEST		request_no_metrics	1790946356529	1790946356531	OK	 
USER	Timer Scenario	END	1790946356531
USER	No Metrics Scenario	END	1790946356531
REQUEST		request_counter	1790946356528	1790946356531	OK	 
USER	Counter Scenario	END	1790946356531
REQUEST		request_gauge	1790946356528	1790946356531	OK	 
USER	Gauge Scenario	END	1790946356532
USER	Gauge Scenario	START	1790946356559
USER	No Metrics Scenario	START	1790946356559
USER	Counter Scenario	START	1790946356559
USER	Timer Scenario	START	1790946356560
REQUEST		request_no_metrics	1790946356559	1790946356561	OK	 
REQUEST		request_timer	1790946356559	1790946356561	OK	 
REQUEST		request_gauge	1790946356559	1790946356562	OK	 
REQUEST		request_counter	1790946356559	1790946356562	OK	 
USER	No Metrics Scenario	END	1790946356562
USER	Timer Scenario	END	1790946356562
USER	Gauge Scenario	END	1790946356562
USER	Counter Scenario	END	1790946356562
USER	Counter Scenario	START	1790946356576
USER	No Metrics Scenario	START	1790946356576
USER	Gauge Scenario	START	1790946356576
USER	Timer Scenario	START	1790946356576
REQUEST		request_no_metrics	1790946356575	1790946356578	OK	 
REQUEST		request_gauge	1790946356575	1790946356578	OK	 
REQUEST		request_counter	1790946356575	1790946356578	OK	 
USER	No Metrics Scenario	END	1790946356578
USER	Gauge Scenario	END	1790946356579
REQUEST		request_timer	1790946356575	1790946356579	OK	 
USER	Timer Scenario	END	1790946356579
USER	Counter Scenario	END	1790946356579
USER	Counter Scenario	START	1790946356591
USER	Gauge Scenario	START	1790946356591
USER	No Metrics Scenario	START	1790946356591
USER	Timer Scenario	START	1790946356592
REQUEST		request_counter	1790946356591	1790946356594	OK	 
REQUEST		request_timer	1790946356591	1790946356594	OK	 
REQUEST		request_gauge	1790946356591	1790946356594	OK	 
USER	Timer Scenario	END	1790946356594
USER	Gauge Scenario	END	1790946356594
USER	Counter Scenario	END	1790946356595
REQUEST		request_no_metrics	1790946356591	1790946356595	OK	 
USER	No Metrics Scenario	END	1790946356595
USER	Counter Scenario	START	1790946356607
USER	Gauge Scenario	START	1790946356607
USER	Timer Scenario	START	1790946356608
USER	No Metrics Scenario	START	1790946356610
REQUEST		request_timer	1790946356607	1790946356610	OK	 
REQUEST		request_gauge	1790946356607	1790946356610	OK	 
USER	Timer Scenario	END	1790946356610
USER	Gauge Scenario	END	1790946356610
REQUEST		request_counter	1790946356607	1790946356610	OK	 
USER	Counter Scenario	END	1790946356610
REQUEST		request_no_metrics	1790946356609	1790946356612	OK	 
USER	No Metrics Scenario	END	1790946356612
USER	Counter Scenario	START	1790946356639
USER	No Metrics Scenario	START	1790946356640
USER	Gauge Scenario	START	1790946356640
USER	Timer Scenario	START	1790946356640
REQUEST		request_gauge	1790946356640	1790946356643	OK	 
REQUEST		request_no_metrics	1790946356640	1790946356642	OK	 
REQUEST		request_timer	1790946356640	1790946356643	OK	 
USER	No Metrics Scenario	END	1790946356643
USER	Gauge Scenario	END	1790946356643
USER	Timer Scenario	END	1790946356643
REQUEST		request_counter	1790946356639	1790946356644	OK	 
USER	Counter Scenario	END	1790946356644
USER	No Metrics Scenario	START	1790946356655
USER	Timer Scenario	START	1790946356655
USER	Gauge Scenario	START	1790946356655
USER	Counter Scenario	START	1790946356655
REQUEST		request_no_metrics	1790946356654	1790946356657	OK	 
REQUEST		request_gauge	1790946356654	1790946356657	OK	 
REQUEST		request_timer	1790946356654	1790946356657	OK	 
REQUEST		request_counter	1790946356654	1790946356658	OK	 
USER	No Metrics Scenario	END	1790946356658
USER	Gauge Scenario	END	1790946356658
USER	Timer Scenario	END	1790946356658
USER	Counter Scenario	END	1790946356658
USER	Counter Scenario	START	1790946356671
USER	No Metrics Scenario	START	1790946356671
USER	Gauge Scenario	START	1790946356671
USER	Timer Scenario	START	1790946356671
REQUEST		request_timer	1790946356670	1790946356674	OK	 
REQUEST		request_gauge	1790946356670	1790946356674	OK	 
REQUEST		request_counter	1790946356670	1790946356674	OK	 
REQUEST		request_no_metrics	1790946356670	1790946356674	OK	 
USER	Timer Scenario	END	1790946356674
USER	Counter Scenario	END	1790946356674
USER	No Metrics Scenario	END	1790946356674
USER	Gauge Scenario	END	1790946356674
USER	Gauge Scenario	START	1790946356686
USER	Counter Scenario	START	1790946356686
USER	No Metrics Scenario	START	1790946356686
USER	Timer Scenario	START	1790946356688
REQUEST		request_counter	1790946356686	1790946356689	OK	 
REQUEST		request_no_metrics	1790946356686	1790946356689	OK	 
REQUEST		request_gauge	1790946356686	1790946356689	OK	 
USER	Counter Scenario	END	1790946356689
USER	Gauge Scenario	END	1790946356689
USER	No Metrics Scenario	END	1790946356689
REQUEST		request_timer	1790946356687	1790946356690	OK	 
USER	Timer Scenario	END	1790946356690
USER	Counter Scenario	START	1790946356718
USER	Timer Scenario	START	1790946356718
USER	No Metrics Scenario	START	1790946356718
USER	Gauge Scenario	START	1790946356718
REQUEST		request_no_metrics	1790946356717	1790946356720	OK	 
REQUEST		request_gauge	1790946356718	1790946356720	OK	 
USER	No Metrics Scenario	END	1790946356721
USER	Gauge Scenario	END	1790946356721
REQUEST		request_timer	1790946356717	1790946356721	OK	 
REQUEST		request_counter	1790946356717	1790946356721	OK	 
USER	Counter Scenario	END	1790946356721
USER	Timer Scenario	END	1790946356721
USER	No Metrics Scenario	START	1790946356734
USER	Counter Scenario	START	1790946356734
USER	Timer Scenario	START	1790946356735
USER	Gauge Scenario	START	1790946356736
REQUEST		request_no_metrics	1790946356733	1790946356736	OK	 
USER	No Metrics Scenario	END	1790946356737
REQUEST		request_counter	1790946356733	1790946356737	OK	 
USER	Counter Scenario	END	1790946356738
REQUEST		request_timer	1790946356733	1790946356738	OK	 
REQUEST		request_gauge	1790946356736	1790946356738	OK	 
USER	Timer Scenario	END	1790946356738
USER	Gauge Scenario	END	1790946356738
USER	Gauge Scenario	START	1790946356750
USER	Counter Scenario	START	1790946356750
USER	No Metrics Scenario	START	1790946356750
USER	Timer Scenario	START	1790946356752
REQUEST		request_gauge	1790946356749	1790946356753	OK	 
REQUEST		request_no_metrics	1790946356749	1790946356754	OK	 
USER	Gauge Scenario	END	1790946356754
USER	No Metrics Scenario	END	1790946356754
REQUEST		request_counter	1790946356749	1790946356755	OK	 
USER	Counter Scenario	END	1790946356757
REQUEST		request_timer	1790946356750	1790946356763	OK	 
USER	Timer Scenario	END	1790946356764
USER	Counter Scenario	START	1790946356766
USER	No Metrics Scenario	START	1790946356766
REQUEST		request_no_metrics	1790946356765	1790946356770	OK	 
REQUEST		request_counter	1790946356765	1790946356770	OK	 
USER	Counter Scenario	END	1790946356770
USER	No Metrics Scenario	END	1790946356770
USER	Timer Scenario	START	1790946356773
USER	Gauge Scenario	START	1790946356781
REQUEST		request_timer	1790946356772	1790946356788	OK	 
REQUEST		request_gauge	1790946356781	1790946356788	OK	 
USER	Gauge Scenario	END	1790946356789
USER	Timer Scenario	END	1790946356789
USER	No Metrics Scenario	START	1790946356796
USER	Timer Scenario	START	1790946356796
REQUEST		request_no_metrics	1790946356796	1790946356798	OK	 
USER	No Metrics Scenario	END	1790946356799
USER	Gauge Scenario	START	1790946356799
USER	Counter Scenario	START	1790946356799
REQUEST		request_timer	1790946356796	1790946356799	OK	 
USER	Timer Scenario	END	1790946356800
REQUEST		request_counter	1790946356799	1790946356802	OK	 
USER	Counter Scenario	END	1790946356802
REQUEST		request_gauge	1790946356798	1790946356802	OK	 
USER	Gauge Scenario	END	1790946356802
USER	Timer Scenario	START	1790946356812
USER	Counter Scenario	START	1790946356812
USER	Gauge Scenario	START	1790946356812
USER	No Metrics Scenario	START	1790946356812
REQUEST		request_timer	1790946356812	1790946356814	OK	 
REQUEST		request_gauge	1790946356812	1790946356814	OK	 
REQUEST		request_no_metrics	1790946356812	1790946356814	OK	 
USER	Gauge Scenario	END	1790946356815
USER	Timer Scenario	END	1790946356815
USER	No Metrics Scenario	END	1790946356815
REQUEST		request_counter	1790946356812	1790946356815	OK	 
USER	Counter Scenario	END	1790946356815
USER	Gauge Scenario	START	1790946356828
USER	No Metrics Scenario	START	1790946356828
USER	Counter Scenario	START	1790946356828
USER	Timer Scenario	START	1790946356828
REQUEST		request_counter	1790946356828	1790946356830	OK	 
REQUEST		request_timer	1790946356828	1790946356830	OK	 
REQUEST		request_gauge	1790946356828	1790946356830	OK	 
USER	Timer Scenario	END	1790946356831
USER	Gauge Scenario	END	1790946356831
USER	Counter Scenario	END	1790946356831
REQUEST		request_no_metrics	1790946356828	1790946356831	OK	 
USER	No Metrics Scenario	END	1790946356831
USER	Gauge Scenario	START	1790946356860
USER	No Metrics Scenario	START	1790946356860
USER	Timer Scenario	START	1790946356860
USER	Counter Scenario	START	1790946356860
REQUEST		request_timer	1790946356860	1790946356862	OK	 
REQUEST		request_gauge	1790946356859	1790946356862	OK	 
REQUEST		request_no_metrics	1790946356859	1790946356862	OK	 
USER	Timer Scenario	END	1790946356862
USER	No Metrics Scenario	END	1790946356862
USER	Gauge Scenario	END	1790946356862
REQUEST		request_counter	1790946356860	1790946356862	OK	 
USER	Counter Scenario	END	1790946356863
USER	Gauge Scenario	START	1790946356876
USER	Timer Scenario	START	1790946356876
USER	No Metrics Scenario	START	1790946356876
USER	Counter Scenario	START	1790946356876
REQUEST		request_no_metrics	1790946356875	1790946356878	OK	 
REQUEST		request_gauge	1790946356875	1790946356878	OK	 
REQUEST		request_timer	1790946356875	1790946356878	OK	 
USER	No Metrics Scenario	END	1790946356878
REQUEST		request_counter	1790946356875	1790946356878	OK	 
USER	Gauge Scenario	END	1790946356878
USER	Timer Scenario	END	1790946356878
USER	Counter Scenario	END	1790946356878
USER	Gauge Scenario	START	1790946356892
USER	Counter Scenario	START	1790946356892
USER	No Metrics Scenario	START	1790946356892
USER	Timer Scenario	START	1790946356892
REQUEST		request_no_metrics	1790946356891	1790946356894	OK	 
REQUEST		request_counter	1790946356891	1790946356894	OK	 
REQUEST		request_timer	1790946356891	1790946356894	OK	 
REQUEST		request_gauge	1790946356891	1790946356894	OK	 
USER	No Metrics Scenario	END	1790946356894
USER	Counter Scenario	END	1790946356894
USER	Timer Scenario	END	1790946356894
USER	Gauge Scenario	END	1790946356894
USER	Timer Scenario	START	1790946356908
USER	Gauge Scenario	START	1790946356908
USER	No Metrics Scenario	START	1790946356908
USER	Counter Scenario	START	1790946356908
REQUEST		request_gauge	1790946356908	1790946356910	OK	 
REQUEST		request_counter	1790946356908	1790946356910	OK	 
REQUEST		request_timer	1790946356908	1790946356911	OK	 
USER	Counter Scenario	END	1790946356911
USER	Gauge Scenario	END	1790946356911
USER	Timer Scenario	END	1790946356911
REQUEST		request_no_metrics	1790946356908	1790946356911	OK	 
USER	No Metrics Scenario	END	1790946356911
USER	No Metrics Scenario	START	1790946356925
REQUEST		request_no_metrics	1790946356924	1790946356927	OK	 
USER	No Metrics Scenario	END	1790946356928
USER	Gauge Scenario	START	1790946356940
USER	Counter Scenario	START	1790946356940
USER	Timer Scenario	START	1790946356940
REQUEST		request_counter	1790946356940	1790946356942	OK	 
REQUEST		request_timer	1790946356940	1790946356942	OK	 
REQUEST		request_gauge	1790946356940	1790946356943	OK	 
USER	Gauge Scenario	END	1790946356943
USER	Counter Scenario	END	1790946356943
USER	Timer Scenario	END	1790946356943
USER	No Metrics Scenario	START	1790946356956
USER	Counter Scenario	START	1790946356956
USER	Timer Scenario	START	1790946356957
USER	Gauge Scenario	START	1790946356957
REQUEST		request_no_metrics	1790946356956	1790946356959	OK	 
REQUEST		request_timer	1790946356956	1790946356959	OK	 
REQUEST		request_gauge	1790946356957	1790946356959	OK	 
USER	No Metrics Scenario	END	1790946356959
USER	Gauge Scenario	END	1790946356959
USER	Timer Scenario	END	1790946356959
REQUEST		request_counter	1790946356956	1790946356959	OK	 
USER	Counter Scenario	END	1790946356960
USER	No Metrics Scenario	START	1790946356972
USER	Counter Scenario	START	1790946356972
USER	Timer Scenario	START	1790946356972
USER	Gauge Scenario	START	1790946356972
REQUEST		request_no_metrics	1790946356972	1790946356974	OK	 
REQUEST		request_counter	1790946356972	1790946356974	OK	 
REQUEST		request_gauge	1790946356972	1790946356974	OK	 
USER	Counter Scenario	END	1790946356975
USER	No Metrics Scenario	END	1790946356975
REQUEST		request_timer	1790946356972	1790946356975	OK	 
USER	Gauge Scenario	END	1790946356975
USER	Timer Scenario	END	1790946356975
USER	Gauge Scenario	START	1790946356988
USER	No Metrics Scenario	START	1790946356989
USER	Counter Scenario	START	1790946356989
USER	Timer Scenario	START	1790946356989
REQUEST		request_gauge	1790946356988	1790946356991	OK	 
REQUEST		request_no_metrics	1790946356988	1790946356991	OK	 
REQUEST		request_counter	1790946356989	1790946356991	OK	 
USER	No Metrics Scenario	END	1790946356991
USER	Gauge Scenario	END	1790946356991
USER	Counter Scenario	END	1790946356991
REQUEST		request_timer	1790946356988	1790946356991	OK	 
USER	Timer Scenario	END	1790946356992
USER	No Metrics Scenario	START	1790946357005
REQUEST		request_no_metrics	1790946357004	1790946357007	OK	 
USER	No Metrics Scenario	END	1790946357007
USER	Timer Scenario	START	1790946357021
USER	Gauge Scenario	START	1790946357021
USER	Counter Scenario	START	1790946357021
REQUEST		request_gauge	1790946357020	1790946357024	OK	 
REQUEST		request_counter	1790946357020	1790946357024	OK	 
REQUEST		request_timer	1790946357020	1790946357024	OK	 
USER	Gauge Scenario	END	1790946357024
USER	Timer Scenario	END	1790946357024
USER	Counter Scenario	END	1790946357024
USER	No Metrics Scenario	START	1790946357037
USER	Timer Scenario	START	1790946357037
USER	Counter Scenario	START	1790946357037
USER	Gauge Scenario	START	1790946357037
REQUEST		request_no_metrics	1790946357036	1790946357039	OK	 
REQUEST		request_timer	1790946357036	1790946357039	OK	 
USER	No Metrics Scenario	END	1790946357039
USER	Timer Scenario	END	1790946357040
REQUEST		request_counter	1790946357036	1790946357040	OK	 
USER	Counter Scenario	END	1790946357040
REQUEST		request_gauge	1790946357037	1790946357040	OK	 
USER	Gauge Scenario	END	1790946357041
USER	Timer Scenario	START	1790946357052
USER	Gauge Scenario	START	1790946357052
USER	Counter Scenario	START	1790946357052
USER	No Metrics Scenario	START	1790946357052
REQUEST		request_no_metrics	1790946357051	1790946357055	OK	 
REQUEST		request_timer	1790946357051	1790946357055	OK	 
REQUEST		request_gauge	1790946357051	1790946357055	OK	 
REQUEST		request_counter	1790946357051	1790946357055	OK	 
USER	No Metrics Scenario	END	1790946357055
USER	Timer Scenario	END	1790946357055
USER	Gauge Scenario	END	1790946357055
USER	Counter Scenario	END	1790946357055
USER	Gauge Scenario	START	1790946357067
USER	No Metrics Scenario	START	1790946357067
USER	Counter Scenario	START	1790946357067
USER	Timer Scenario	START	1790946357067
REQUEST		request_timer	1790946357067	1790946357070	OK	 
REQUEST		request_counter	1790946357067	1790946357070	OK	 
REQUEST		request_no_metrics	1790946357067	1790946357070	OK	 
REQUEST		request_gauge	1790946357067	1790946357070	OK	 
USER	Counter Scenario	END	1790946357070
USER	No Metrics Scenario	END	1790946357070
USER	Gauge Scenario	END	1790946357070
USER	Timer Scenario	END	1790946357070
USER	Timer Scenario	START	1790946357099
USER	Gauge Scenario	START	1790946357099
USER	No Metrics Scenario	START	1790946357099
USER	Counter Scenario	START	1790946357099
REQUEST		request_no_metrics	1790946357098	1790946357102	OK	 
REQUEST		request_timer	1790946357098	1790946357102	OK	 
REQUEST		request_gauge	1790946357098	1790946357102	OK	 
REQUEST		request_counter	1790946357098	1790946357102	OK	 
USER	Timer Scenario	END	1790946357102
USER	No Metrics Scenario	END	1790946357102
USER	Counter Scenario	END	1790946357102
USER	Gauge Scenario	END	1790946357102
USER	Counter Scenario	START	1790946357115
USER	Gauge Scenario	START	1790946357115
USER	Timer Scenario	START	1790946357115
USER	No Metrics Scenario	START	1790946357115
REQUEST		request_no_metrics	1790946357114	1790946357118	OK	 
REQUEST		request_gauge	1790946357114	1790946357118	OK	 
REQUEST		request_counter	1790946357114	1790946357118	OK	 
USER	No Metrics Scenario	END	1790946357118
USER	Gauge Scenario	END	1790946357118
USER	Counter Scenario	END	1790946357118
REQUEST		request_timer	1790946357115	1790946357118	OK	 
USER	Timer Scenario	END	1790946357119
USER	Counter Scenario	START	1790946357131
USER	Gauge Scenario	START	1790946357131
USER	Timer Scenario	START	1790946357131
USER	No Metrics Scenario	START	1790946357131
REQUEST		request_no_metrics	1790946357130	1790946357134	OK	 
REQUEST		request_counter	1790946357130	1790946357134	OK	 
REQUEST		request_gauge	1790946357130	1790946357134	OK	 
REQUEST		request_timer	1790946357130	1790946357134	OK	 
USER	Counter Scenario	END	1790946357134
USER	No Metrics Scenario	END	1790946357134
USER	Timer Scenario	END	1790946357134
USER	Gauge Scenario	END	1790946357134
USER	Timer Scenario	START	1790946357147
USER	No Metrics Scenario	START	1790946357147
USER	Counter Scenario	START	1790946357147
USER	Gauge Scenario	START	1790946357147
REQUEST		request_no_metrics	1790946357147	1790946357150	OK	 
REQUEST		request_gauge	1790946357146	1790946357150	OK	 
REQUEST		request_timer	1790946357146	1790946357150	OK	 
REQUEST		request_counter	1790946357146	1790946357150	OK	 
USER	Gauge Scenario	END	1790946357151
USER	No Metrics Scenario	END	1790946357151
USER	Counter Scenario	END	1790946357151
USER	Timer Scenario	END	1790946357151
USER	Timer Scenario	START	1790946357179
USER	Counter Scenario	START	1790946357179
USER	No Metrics Scenario	START	1790946357179
USER	Gauge Scenario	START	1790946357179
REQUEST		request_no_metrics	1790946357178	1790946357182	OK	 
REQUEST		request_gauge	1790946357178	1790946357182	OK	 
REQUEST		request_timer	1790946357178	1790946357182	OK	 
USER	Gauge Scenario	END	1790946357182
USER	No Metrics Scenario	END	1790946357182
REQUEST		request_counter	1790946357178	1790946357183	OK	 
USER	Timer Scenario	END	1790946357183
USER	Counter Scenario	END	1790946357183
USER	Counter Scenario	START	1790946357184
REQUEST		request_counter	1790946357183	1790946357187	OK	 
USER	Counter Scenario	END	1790946357187
USER	Gauge Scenario	START	1790946357195
USER	Timer Scenario	START	1790946357195
USER	No Metrics Scenario	START	1790946357195
REQUEST		request_no_metrics	1790946357194	1790946357198	OK	 
REQUEST		request_timer	1790946357194	1790946357198	OK	 
REQUEST		request_gauge	1790946357194	1790946357198	OK	 
USER	Gauge Scenario	END	1790946357198
USER	No Metrics Scenario	END	1790946357198
USER	Timer Scenario	END	1790946357198
USER	Counter Scenario	START	1790946357211
USER	Gauge Scenario	START	1790946357211
USER	No Metrics Scenario	START	1790946357211
USER	Timer Scenario	START	1790946357211
REQUEST		request_gauge	1790946357210	1790946357214	OK	 
REQUEST		request_counter	1790946357210	1790946357214	OK	 
REQUEST		request_timer	1790946357210	1790946357214	OK	 
REQUEST		request_no_metrics	1790946357210	1790946357214	OK	 
USER	Gauge Scenario	END	1790946357214
USER	Counter Scenario	END	1790946357214
USER	Timer Scenario	END	1790946357214
USER	No Metrics Scenario	END	1790946357214
USER	No Metrics Scenario	START	1790946357227
USER	Timer Scenario	START	1790946357227
USER	Counter Scenario	START	1790946357227
USER	Gauge Scenario	START	1790946357227
REQUEST		request_no_metrics	1790946357226	1790946357229	OK	 
REQUEST		request_timer	1790946357226	1790946357230	OK	 
REQUEST		request_gauge	1790946357226	1790946357230	OK	 
USER	Timer Scenario	END	1790946357230
REQUEST		request_counter	1790946357226	1790946357230	OK	 
USER	Gauge Scenario	END	1790946357230
USER	No Metrics Scenario	END	1790946357230
USER	Counter Scenario	END	1790946357230
USER	Gauge Scenario	START	1790946357258
USER	Timer Scenario	START	1790946357258
USER	No Metrics Scenario	START	1790946357258
USER	Counter Scenario	START	1790946357258
REQUEST		request_counter	1790946357258	1790946357261	OK	 
REQUEST		request_no_metrics	1790946357258	1790946357261	OK	 
REQUEST		request_timer	1790946357258	1790946357261	OK	 
REQUEST		request_gauge	1790946357258	1790946357261	OK	 
USER	Counter Scenario	END	1790946357261
USER	No Metrics Scenario	END	1790946357261
USER	Gauge Scenario	END	1790946357261
USER	Timer Scenario	END	1790946357261
USER	Counter Scenario	START	1790946357274
USER	No Metrics Scenario	START	1790946357274
USER	Timer Scenario	START	1790946357275
USER	Gauge Scenario	START	1790946357275
REQUEST		request_no_metrics	1790946357274	1790946357277	OK	 
REQUEST		request_timer	1790946357274	1790946357277	OK	 
REQUEST		request_gauge	1790946357274	1790946357277	OK	 
USER	No Metrics Scenario	END	1790946357277
USER	Gauge Scenario	END	1790946357278
USER	Timer Scenario	END	1790946357278
REQUEST		request_counter	1790946357274	1790946357277	OK	 
USER	Counter Scenario	END	1790946357278
USER	Timer Scenario	START	1790946357298
USER	No Metrics Scenario	START	1790946357298
USER	Gauge Scenario	START	1790946357299
USER	Counter Scenario	START	1790946357299
REQUEST		request_no_metrics	1790946357298	1790946357301	OK	 
REQUEST		request_gauge	1790946357298	1790946357301	OK	 
REQUEST		request_timer	1790946357298	1790946357301	OK	 
REQUEST		request_counter	1790946357299	1790946357301	OK	 
USER	No Metrics Scenario	END	1790946357302
USER	Gauge Scenario	END	1790946357302
USER	Timer Scenario	END	1790946357302
USER	Counter Scenario	END	1790946357302
USER	Counter Scenario	START	1790946357314
USER	Gauge Scenario	START	1790946357314
USER	Timer Scenario	START	1790946357314
USER	No Metrics Scenario	START	1790946357314
REQUEST		request_timer	1790946357313	1790946357316	OK	 
REQUEST		request_no_metrics	1790946357313	1790946357316	OK	 
REQUEST		request_counter	1790946357313	1790946357317	OK	 
REQUEST		request_gauge	1790946357313	1790946357317	OK	 
USER	Timer Scenario	END	1790946357317
USER	Counter Scenario	END	1790946357317
USER	No Metrics Scenario	END	1790946357317
USER	Gauge Scenario	END	1790946357317
USER	Counter Scenario	START	1790946357329
USER	No Metrics Scenario	START	1790946357329
USER	Timer Scenario	START	1790946357330
USER	Gauge Scenario	START	1790946357330
REQUEST		request_no_metrics	1790946357329	1790946357332	OK	 
REQUEST		request_counter	1790946357329	1790946357332	OK	 
REQUEST		request_gauge	1790946357329	1790946357332	OK	 
USER	No Metrics Scenario	END	1790946357332
USER	Counter Scenario	END	1790946357332
USER	Gauge Scenario	END	1790946357332
REQUEST		request_timer	1790946357329	1790946357333	OK	 
USER	Timer Scenario	END	1790946357333
USER	Timer Scenario	START	1790946357346
USER	Counter Scenario	START	1790946357346
USER	No Metrics Scenario	START	1790946357346
USER	Gauge Scenario	START	1790946357346
REQUEST		request_no_metrics	1790946357345	1790946357348	OK	 
REQUEST		request_timer	1790946357345	1790946357348	OK	 
REQUEST		request_counter	1790946357345	1790946357348	OK	 
USER	No Metrics Scenario	END	1790946357348
USER	Timer Scenario	END	1790946357349
USER	Counter Scenario	END	1790946357349
REQUEST		request_gauge	1790946357345	1790946357349	OK	 
USER	Gauge Scenario	END	1790946357349
USER	Gauge Scenario	START	1790946357378
USER	Counter Scenario	START	1790946357378
USER	No Metrics Scenario	START	1790946357378
USER	Timer Scenario	START	1790946357378
REQUEST		request_no_metrics	1790946357377	1790946357380	OK	 
REQUEST		request_counter	1790946357377	1790946357380	OK	 
REQUEST		request_gauge	1790946357377	1790946357380	OK	 
USER	Gauge Scenario	END	1790946357380
USER	Counter Scenario	END	1790946357380
USER	No Metrics Scenario	END	1790946357381
REQUEST		request_timer	1790946357377	1790946357381	OK	 
USER	Timer Scenario	END	1790946357381
USER	No Metrics Scenario	START	1790946357393
USER	Timer Scenario	START	1790946357393
USER	Gauge Scenario	START	1790946357393
USER	Counter Scenario	START	1790946357394
REQUEST		request_no_metrics	1790946357393	1790946357396	OK	 
REQUEST		request_gauge	1790946357393	1790946357396	OK	 
REQUEST		request_counter	1790946357393	1790946357396	OK	 
USER	No Metrics Scenario	END	1790946357396
REQUEST		request_timer	1790946357393	1790946357396	OK	 
USER	Counter Scenario	END	1790946357397
USER	Gauge Scenario	END	1790946357397
USER	Timer Scenario	END	1790946357397
USER	Timer Scenario	START	1790946357409
USER	Counter Scenario	START	1790946357409
USER	No Metrics Scenario	START	1790946357409
USER	Gauge Scenario	START	1790946357409
REQUEST		request_no_metrics	1790946357409	1790946357412	OK	 
REQUEST		request_gauge	1790946357409	1790946357412	OK	 
REQUEST		request_timer	1790946357409	1790946357412	OK	 
REQUEST		request_counter	1790946357409	1790946357412	OK	 
USER	Gauge Scenario	END	1790946357412
USER	Timer Scenario	END	1790946357412
USER	Counter Scenario	END	1790946357412
USER	No Metrics Scenario	END	1790946357412
USER	Timer Scenario	START	1790946357425
USER	No Metrics Scenario	START	1790946357425
USER	Counter Scenario	START	1790946357425
USER	Gauge Scenario	START	1790946357426
REQUEST		request_no_metrics	1790946357425	1790946357428	OK	 
REQUEST		request_timer	1790946357425	1790946357428	OK	 
REQUEST		request_counter	1790946357425	1790946357428	OK	 
REQUEST		request_gauge	1790946357425	1790946357428	OK	 
USER	No Metrics Scenario	END	1790946357428
USER	Timer Scenario	END	1790946357429
USER	Counter Scenario	END	1790946357429
USER	Gauge Scenario	END	1790946357429
USER	Gauge Scenario	START	1790946357457
USER	No Metrics Scenario	START	1790946357457
USER	Counter Scenario	START	1790946357457
USER	Timer Scenario	START	1790946357458
REQUEST		request_counter	1790946357457	1790946357460	OK	 
REQUEST		request_no_metrics	1790946357457	1790946357460	OK	 
REQUEST		request_timer	1790946357457	1790946357460	OK	 
REQUEST		request_gauge	1790946357457	1790946357460	OK	 
USER	Timer Scenario	END	1790946357460
USER	No Metrics Scenario	END	1790946357460
USER	Gauge Scenario	END	1790946357460
USER	Counter Scenario	END	1790946357460
USER	Timer Scenario	START	1790946357473
USER	Counter Scenario	START	1790946357473
USER	No Metrics Scenario	START	1790946357473
USER	Gauge Scenario	START	1790946357473
REQUEST		request_no_metrics	1790946357473	1790946357476	OK	 
REQUEST		request_gauge	1790946357473	1790946357476	OK	 
REQUEST		request_counter	1790946357473	1790946357476	OK	 
REQUEST		request_timer	1790946357473	1790946357476	OK	 
USER	Counter Scenario	END	1790946357476
USER	Gauge Scenario	END	1790946357476
USER	No Metrics Scenario	END	1790946357476
USER	Timer Scenario	END	1790946357476
USER	Counter Scenario	START	1790946357489
USER	Timer Scenario	START	1790946357489
USER	Gauge Scenario	START	1790946357489
USER	No Metrics Scenario	START	1790946357490
REQUEST		request_no_metrics	1790946357489	1790946357492	OK	 
REQUEST		request_timer	1790946357488	1790946357492	OK	 
USER	No Metrics Scenario	END	1790946357492
REQUEST		request_gauge	1790946357489	1790946357492	OK	 
REQUEST		request_counter	1790946357488	1790946357492	OK	 
USER	Gauge Scenario	END	1790946357492
USER	Timer Scenario	END	1790946357492
USER	Counter Scenario	END	1790946357492
USER	Counter Scenario	START	1790946357505
USER	Gauge Scenario	START	1790946357505
USER	Timer Scenario	START	1790946357505
USER	No Metrics Scenario	START	1790946357505
REQUEST		request_timer	1790946357505	1790946357508	OK	 
REQUEST		request_gauge	1790946357505	1790946357508	OK	 
REQUEST		request_no_metrics	1790946357505	1790946357508	OK	 
REQUEST		request_counter	1790946357505	1790946357508	OK	 
USER	Gauge Scenario	END	1790946357508
USER	No Metrics Scenario	END	1790946357508
USER	Timer Scenario	END	1790946357508
USER	Counter Scenario	END	1790946357508
USER	Gauge Scenario	START	1790946357537
USER	Timer Scenario	START	1790946357537
USER	No Metrics Scenario	START	1790946357537
USER	Counter Scenario	START	1790946357537
REQUEST		request_timer	1790946357537	1790946357541	OK	 
REQUEST		request_counter	1790946357537	1790946357541	OK	 
USER	Timer Scenario	END	1790946357541
USER	Counter Scenario	END	1790946357541
REQUEST		request_no_metrics	1790946357537	1790946357542	OK	 
USER	No Metrics Scenario	END	1790946357542
REQUEST		request_gauge	1790946357537	1790946357543	OK	 
USER	Gauge Scenario	END	1790946357543
USER	Timer Scenario	START	1790946357552
USER	No Metrics Scenario	START	1790946357552
USER	Counter Scenario	START	1790946357552
USER	Gauge Scenario	START	1790946357552
REQUEST		request_no_metrics	1790946357552	1790946357555	OK	 
REQUEST		request_timer	1790946357552	1790946357555	OK	 
REQUEST		request_counter	1790946357552	1790946357555	OK	 
USER	No Metrics Scenario	END	1790946357555
USER	Counter Scenario	END	1790946357555
USER	Timer Scenario	END	1790946357555
REQUEST		request_gauge	1790946357552	1790946357555	OK	 
USER	Gauge Scenario	END	1790946357556
USER	No Metrics Scenario	START	1790946357569
USER	Gauge Scenario	START	1790946357569
USER	Timer Scenario	START	1790946357569
USER	Counter Scenario	START	1790946357569
REQUEST		request_timer	1790946357569	1790946357572	OK	 
REQUEST		request_counter	1790946357569	1790946357572	OK	 
REQUEST		request_no_metrics	1790946357569	1790946357572	OK	 
REQUEST		request_gauge	1790946357569	1790946357572	OK	 
USER	Timer Scenario	END	1790946357572
USER	No Metrics Scenario	END	1790946357572
USER	Counter Scenario	END	1790946357572
USER	Gauge Scenario	END	1790946357572
USER	Counter Scenario	START	1790946357585
USER	Gauge Scenario	START	1790946357585
USER	Timer Scenario	START	1790946357586
REQUEST		request_counter	1790946357584	1790946357588	OK	 
REQUEST		request_gauge	1790946357584	1790946357588	OK	 
USER	Counter Scenario	END	1790946357588
REQUEST		request_timer	1790946357585	1790946357588	OK	 
USER	Gauge Scenario	END	1790946357588
USER	Timer Scenario	END	1790946357588
USER	No Metrics Scenario	START	1790946357600
REQUEST		request_no_metrics	1790946357600	1790946357602	OK	 
USER	No Metrics Scenario	END	1790946357603
USER	Counter Scenario	START	1790946357616
USER	No Metrics Scenario	START	1790946357616
USER	Timer Scenario	START	1790946357616
USER	Gauge Scenario	START	1790946357616
REQUEST		request_no_metrics	1790946357615	1790946357618	OK	 
REQUEST		request_counter	1790946357615	1790946357619	OK	 
REQUEST		request_timer	1790946357616	1790946357619	OK	 
REQUEST		request_gauge	1790946357616	1790946357619	OK	 
USER	Timer Scenario	END	1790946357619
USER	No Metrics Scenario	END	1790946357619
USER	Gauge Scenario	END	1790946357619
USER	Counter Scenario	END	1790946357619
USER	Timer Scenario	START	1790946357631
USER	No Metrics Scenario	START	1790946357631
USER	Counter Scenario	START	1790946357631
USER	Gauge Scenario	START	1790946357631
REQUEST		request_timer	1790946357631	1790946357635	OK	 
REQUEST		request_counter	1790946357631	1790946357635	OK	 
REQUEST		request_no_metrics	1790946357631	1790946357634	OK	 
USER	Timer Scenario	END	1790946357635
USER	Counter Scenario	END	1790946357635
REQUEST		request_gauge	1790946357631	1790946357635	OK	 
USER	No Metrics Scenario	END	1790946357635
USER	Gauge Scenario	END	1790946357635
USER	Counter Scenario	START	1790946357647
USER	Timer Scenario	START	1790946357647
USER	No Metrics Scenario	START	1790946357648
USER	Gauge Scenario	START	1790946357648
REQUEST		request_no_metrics	1790946357647	1790946357650	OK	 
REQUEST		request_counter	1790946357647	1790946357650	OK	 
USER	No Metrics Scenario	END	1790946357651
REQUEST		request_timer	1790946357647	1790946357651	OK	 
USER	Counter Scenario	END	1790946357651
REQUEST		request_gauge	1790946357647	1790946357651	OK	 
USER	Timer Scenario	END	1790946357651
USER	Gauge Scenario	END	1790946357651
USER	Counter Scenario	START	1790946357664
REQUEST		request_counter	1790946357663	1790946357667	OK	 
USER	Counter Scenario	END	1790946357668
USER	Timer Scenario	START	1790946357679
USER	Gauge Scenario	START	1790946357679
USER	No Metrics Scenario	START	1790946357679
REQUEST		request_timer	1790946357679	1790946357682	OK	 
USER	Timer Scenario	END	1790946357683
REQUEST		request_gauge	1790946357679	1790946357683	OK	 
REQUEST		request_no_metrics	1790946357679	1790946357683	OK	 
USER	Gauge Scenario	END	1790946357683
USER	No Metrics Scenario	END	1790946357684
USER	Counter Scenario	START	1790946357695
USER	No Metrics Scenario	START	1790946357695
USER	Gauge Scenario	START	1790946357695
USER	Timer Scenario	START	1790946357695
REQUEST		request_no_metrics	1790946357694	1790946357697	OK	 
REQUEST		request_gauge	1790946357694	1790946357697	OK	 
REQUEST		request_counter	1790946357694	1790946357697	OK	 
REQUEST		request_timer	1790946357694	1790946357697	OK	 
USER	Gauge Scenario	END	1790946357697
USER	Counter Scenario	END	1790946357697
USER	Timer Scenario	END	1790946357697
USER	No Metrics Scenario	END	1790946357698
USER	Timer Scenario	START	1790946357711
USER	Counter Scenario	START	1790946357711
USER	No Metrics Scenario	START	1790946357711
USER	Gauge Scenario	START	1790946357711
REQUEST		request_no_metrics	1790946357710	1790946357713	OK	 
REQUEST		request_counter	1790946357710	1790946357714	OK	 
REQUEST		request_timer	1790946357710	1790946357714	OK	 
USER	No Metrics Scenario	END	1790946357714
USER	Counter Scenario	END	1790946357714
USER	Timer Scenario	END	1790946357714
REQUEST		request_gauge	1790946357710	1790946357714	OK	 
USER	Gauge Scenario	END	1790946357715
USER	No Metrics Scenario	START	1790946357726
USER	Gauge Scenario	START	1790946357726
USER	Timer Scenario	START	1790946357726
USER	Counter Scenario	START	1790946357726
REQUEST		request_no_metrics	1790946357725	1790946357729	OK	 
REQUEST		request_gauge	1790946357725	1790946357729	OK	 
REQUEST		request_timer	1790946357725	1790946357729	OK	 
USER	No Metrics Scenario	END	1790946357729
REQUEST		request_counter	1790946357725	1790946357729	OK	 
USER	Gauge Scenario	END	1790946357729
USER	Timer Scenario	END	1790946357729
USER	Counter Scenario	END	1790946357729
USER	Gauge Scenario	START	1790946357758
USER	Timer Scenario	START	1790946357758
USER	Counter Scenario	START	1790946357758
USER	No Metrics Scenario	START	1790946357758
REQUEST		request_no_metrics	1790946357758	1790946357761	OK	 
REQUEST		request_timer	1790946357758	1790946357761	OK	 
REQUEST		request_gauge	1790946357758	1790946357761	OK	 
REQUEST		request_counter	1790946357758	1790946357761	OK	 
USER	No Metrics Scenario	END	1790946357762
USER	Timer Scenario	END	1790946357762
USER	Gauge Scenario	END	1790946357762
USER	Counter Scenario	END	1790946357762
USER	No Metrics Scenario	START	1790946357775
USER	Timer Scenario	START	1790946357775
USER	Counter Scenario	START	1790946357775
USER	Gauge Scenario	START	1790946357776
REQUEST		request_timer	1790946357774	1790946357778	OK	 
USER	Timer Scenario	END	1790946357778
REQUEST		request_no_metrics	1790946357774	1790946357778	OK	 
REQUEST		request_counter	1790946357774	1790946357779	OK	 
USER	Counter Scenario	END	1790946357779
USER	No Metrics Scenario	END	1790946357779
REQUEST		request_gauge	1790946357774	1790946357780	OK	 
USER	Gauge Scenario	END	1790946357781
USER	Counter Scenario	START	1790946357790
USER	No Metrics Scenario	START	1790946357790
USER	Gauge Scenario	START	1790946357790
USER	Timer Scenario	START	1790946357791
REQUEST		request_no_metrics	1790946357790	1790946357793	OK	 
USER	No Metrics Scenario	END	1790946357793
REQUEST		request_counter	1790946357790	1790946357793	OK	 
USER	Counter Scenario	END	1790946357793
REQUEST		request_gauge	1790946357790	1790946357793	OK	 
USER	Gauge Scenario	END	1790946357794
REQUEST		request_timer	1790946357791	1790946357794	OK	 
USER	Timer Scenario	END	1790946357795
USER	No Metrics Scenario	START	1790946357814
USER	Counter Scenario	START	1790946357814
USER	Gauge Scenario	START	1790946357816
REQUEST		request_no_metrics	1790946357814	1790946357817	OK	 
REQUEST		request_counter	1790946357814	1790946357817	OK	 
REQUEST		request_gauge	1790946357815	1790946357817	OK	 
USER	No Metrics Scenario	END	1790946357818
USER	Counter Scenario	END	1790946357818
USER	Gauge Scenario	END	1790946357818
USER	Timer Scenario	START	1790946357819
REQUEST		request_timer	1790946357818	1790946357822	OK	 
USER	Timer Scenario	END	1790946357823
USER	Timer Scenario	START	1790946357830
USER	Counter Scenario	START	1790946357830
USER	No Metrics Scenario	START	1790946357830
USER	Gauge Scenario	START	1790946357830
REQUEST		request_gauge	1790946357830	1790946357832	OK	 
USER	Gauge Scenario	END	1790946357833
REQUEST		request_timer	1790946357829	1790946357833	OK	 
REQUEST		request_no_metrics	1790946357830	1790946357833	OK	 
USER	No Metrics Scenario	END	1790946357833
USER	Timer Scenario	END	1790946357833
REQUEST		request_counter	1790946357829	1790946357834	OK	 
USER	Counter Scenario	END	1790946357834
USER	No Metrics Scenario	START	1790946357846
USER	Timer Scenario	START	1790946357846
USER	Counter Scenario	START	1790946357846
USER	Gauge Scenario	START	1790946357846
REQUEST		request_no_metrics	1790946357846	1790946357848	OK	 
REQUEST		request_counter	1790946357846	1790946357848	OK	 
USER	Counter Scenario	END	1790946357849
REQUEST		request_gauge	1790946357846	1790946357849	OK	 
USER	No Metrics Scenario	END	1790946357849
USER	Gauge Scenario	END	1790946357849
REQUEST		request_timer	1790946357846	1790946357849	OK	 
USER	Timer Scenario	END	1790946357849
USER	No Metrics Scenario	START	1790946357878
USER	Timer Scenario	START	1790946357878
USER	Gauge Scenario	START	1790946357878
USER	Counter Scenario	START	1790946357878
REQUEST		request_gauge	1790946357877	1790946357880	OK	 
REQUEST		request_counter	1790946357878	1790946357881	OK	 
USER	Gauge Scenario	END	1790946357881
USER	Counter Scenario	END	1790946357881
REQUEST		request_no_metrics	1790946357877	1790946357881	OK	 
USER	No Metrics Scenario	END	1790946357881
REQUEST		request_timer	1790946357877	1790946357882	OK	 
USER	Timer Scenario	END	1790946357882
USER	Counter Scenario	START	1790946357893
USER	Timer Scenario	START	1790946357893
USER	No Metrics Scenario	START	1790946357893
USER	Gauge Scenario	START	1790946357893
REQUEST		request_counter	1790946357892	1790946357895	OK	 
REQUEST		request_timer	1790946357892	1790946357895	OK	 
REQUEST		request_no_metrics	1790946357892	1790946357895	OK	 
REQUEST		request_gauge	1790946357893	1790946357895	OK	 
USER	Counter Scenario	END	1790946357895
USER	Timer Scenario	END	1790946357895
USER	Gauge Scenario	END	1790946357895
USER	No Metrics Scenario	END	1790946357895
USER	Counter Scenario	START	1790946357910
USER	Timer Scenario	START	1790946357910
USER	Gauge Scenario	START	1790946357910
USER	No Metrics Scenario	START	1790946357910
REQUEST		request_timer	1790946357909	1790946357912	OK	 
REQUEST		request_gauge	1790946357909	1790946357912	OK	 
USER	Timer Scenario	END	1790946357912
USER	Gauge Scenario	END	1790946357912
REQUEST		request_counter	1790946357909	1790946357913	OK	 
USER	Counter Scenario	END	1790946357913
REQUEST		request_no_metrics	1790946357909	1790946357913	OK	 
USER	No Metrics Scenario	END	1790946357913
USER	Counter Scenario	START	1790946357925
USER	Gauge Scenario	START	1790946357925
REQUEST		request_counter	1790946357924	1790946357927	OK	 
REQUEST		request_gauge	1790946357924	1790946357927	OK	 
USER	Gauge Scenario	END	1790946357927
USER	Counter Scenario	END	1790946357927
USER	No Metrics Scenario	START	1790946357940
USER	Timer Scenario	START	1790946357940
REQUEST		request_timer	1790946357940	1790946357942	OK	 
REQUEST		request_no_metrics	1790946357940	1790946357942	OK	 
USER	Timer Scenario	END	1790946357943
USER	No Metrics Scenario	END	1790946357943
USER	Gauge Scenario	START	1790946357956
USER	No Metrics Scenario	START	1790946357956
USER	Counter Scenario	START	1790946357956
USER	Timer Scenario	START	1790946357956
REQUEST		request_no_metrics	1790946357956	1790946357958	OK	 
REQUEST		request_timer	1790946357956	1790946357958	OK	 
USER	No Metrics Scenario	END	1790946357959
USER	Timer Scenario	END	1790946357959
REQUEST		request_counter	1790946357956	1790946357959	OK	 
REQUEST		request_gauge	1790946357956	1790946357959	OK	 
USER	Counter Scenario	END	1790946357959
USER	Gauge Scenario	END	1790946357959
USER	No Metrics Scenario	START	1790946357972
USER	Timer Scenario	START	1790946357972
USER	Counter Scenario	START	1790946357972
USER	Gauge Scenario	START	1790946357972
REQUEST		request_no_metrics	1790946357971	1790946357974	OK	 
REQUEST		request_counter	1790946357971	1790946357974	OK	 
USER	No Metrics Scenario	END	1790946357974
REQUEST		request_timer	1790946357971	1790946357974	OK	 
USER	Counter Scenario	END	1790946357974
REQUEST		request_gauge	1790946357971	1790946357974	OK	 
USER	Timer Scenario	END	1790946357974
USER	Gauge Scenario	END	1790946357975
USER	No Metrics Scenario	START	1790946357988
USER	Timer Scenario	START	1790946357988
USER	Gauge Scenario	START	1790946357988
USER	Counter Scenario	START	1790946357988
REQUEST		request_no_metrics	1790946357987	1790946357990	OK	 
REQUEST		request_counter	1790946357987	1790946357990	OK	 
REQUEST		request_gauge	1790946357987	1790946357990	OK	 
REQUEST		request_timer	1790946357987	1790946357990	OK	 
USER	Counter Scenario	END	1790946357990
USER	Gauge Scenario	END	1790946357990
USER	No Metrics Scenario	END	1790946357990
USER	Timer Scenario	END	1790946357990
USER	Timer Scenario	START	1790946358019
USER	Gauge Scenario	START	1790946358019
USER	Counter Scenario	START	1790946358020
USER	No Metrics Scenario	START	1790946358020
REQUEST		request_no_metrics	1790946358019	1790946358022	OK	 
REQUEST		request_gauge	1790946358019	1790946358022	OK	 
REQUEST		request_counter	1790946358019	1790946358022	OK	 
USER	No Metrics Scenario	END	1790946358022
USER	Counter Scenario	END	1790946358022
USER	Gauge Scenario	END	1790946358022
REQUEST		request_timer	1790946358019	1790946358022	OK	 
USER	Timer Scenario	END	1790946358023
USER	Gauge Scenario	START	1790946358035
USER	Counter Scenario	START	1790946358035
USER	Timer Scenario	START	1790946358035
USER	No Metrics Scenario	START	1790946358035
REQUEST		request_no_metrics	1790946358035	1790946358037	OK	 
REQUEST		request_timer	1790946358035	1790946358038	OK	 
REQUEST		request_counter	1790946358035	1790946358038	OK	 
REQUEST		request_gauge	1790946358035	1790946358038	OK	 
USER	Counter Scenario	END	1790946358038
USER	Gauge Scenario	END	1790946358038
USER	Timer Scenario	END	1790946358038
USER	No Metrics Scenario	END	1790946358038
USER	Gauge Scenario	START	1790946358050
USER	Timer Scenario	START	1790946358050
USER	No Metrics Scenario	START	1790946358050
USER	Counter Scenario	START	1790946358050
REQUEST		request_counter	1790946358050	1790946358053	OK	 
REQUEST		request_no_metrics	1790946358050	1790946358053	OK	 
REQUEST		request_timer	1790946358050	1790946358053	OK	 
REQUEST		request_gauge	1790946358050	1790946358053	OK	 
USER	No Metrics Scenario	END	1790946358053
USER	Counter Scenario	END	1790946358053
USER	Timer Scenario	END	1790946358053
USER	Gauge Scenario	END	1790946358053
USER	Gauge Scenario	START	1790946358066
USER	Counter Scenario	START	1790946358066
USER	No Metrics Scenario	START	1790946358066
USER	Timer Scenario	START	1790946358066
REQUEST		request_gauge	1790946358066	1790946358068	OK	 
REQUEST		request_no_metrics	1790946358066	1790946358068	OK	 
REQUEST		request_counter	1790946358066	1790946358068	OK	 
REQUEST		request_timer	1790946358066	1790946358068	OK	 
USER	No Metrics Scenario	END	1790946358069
USER	Gauge Scenario	END	1790946358069
USER	Counter Scenario	END	1790946358069
USER	Timer Scenario	END	1790946358069
USER	No Metrics Scenario	START	1790946358098
USER	Gauge Scenario	START	1790946358098
USER	Counter Scenario	START	1790946358098
USER	Timer Scenario	START	1790946358098
REQUEST		request_gauge	1790946358098	1790946358101	OK	 
REQUEST		request_counter	1790946358098	1790946358101	OK	 
REQUEST		request_timer	1790946358098	1790946358101	OK	 
REQUEST		request_no_metrics	1790946358098	1790946358101	OK	 
USER	Counter Scenario	END	1790946358101
USER	Timer Scenario	END	1790946358101
USER	No Metrics Scenario	END	1790946358101
USER	Gauge Scenario	END	1790946358101
USER	Gauge Scenario	START	1790946358114
USER	Timer Scenario	START	1790946358114
USER	Counter Scenario	START	1790946358114
USER	No Metrics Scenario	START	1790946358114
REQUEST		request_timer	1790946358114	1790946358117	OK	 
REQUEST		request_no_metrics	1790946358114	1790946358117	OK	 
REQUEST		request_gauge	1790946358114	1790946358117	OK	 
REQUEST		request_counter	1790946358114	1790946358117	OK	 
USER	Counter Scenario	END	1790946358117
USER	Gauge Scenario	END	1790946358118
USER	No Metrics Scenario	END	1790946358118
USER	Timer Scenario	END	1790946358118
USER	Gauge Scenario	START	1790946358130
USER	Counter Scenario	START	1790946358130
USER	No Metrics Scenario	START	1790946358131
USER	Timer Scenario	START	1790946358131
REQUEST		request_no_metrics	1790946358130	1790946358133	OK	 
REQUEST		request_timer	1790946358130	1790946358133	OK	 
USER	No Metrics Scenario	END	1790946358133
REQUEST		request_gauge	1790946358130	1790946358133	OK	 
REQUEST		request_counter	1790946358130	1790946358133	OK	 
USER	Counter Scenario	END	1790946358134
USER	Gauge Scenario	END	1790946358134
USER	Timer Scenario	END	1790946358134
USER	Counter Scenario	START	1790946358146
USER	Gauge Scenario	START	1790946358146
USER	No Metrics Scenario	START	1790946358146
USER	Timer Scenario	START	1790946358146
REQUEST		request_no_metrics	1790946358145	1790946358149	OK	 
REQUEST		request_timer	1790946358145	1790946358149	OK	 
REQUEST		request_gauge	1790946358145	1790946358149	OK	 
REQUEST		request_counter	1790946358145	1790946358149	OK	 
USER	No Metrics Scenario	END	1790946358149
USER	Counter Scenario	END	1790946358149
USER	Timer Scenario	END	1790946358149
USER	Gauge Scenario	END	1790946358149
USER	Gauge Scenario	START	1790946358178
USER	No Metrics Scenario	START	1790946358178
USER	Counter Scenario	START	1790946358178
USER	Timer Scenario	START	1790946358178
REQUEST		request_no_metrics	1790946358177	1790946358181	OK	 
REQUEST		request_counter	1790946358177	1790946358181	OK	 
REQUEST		request_gauge	1790946358177	1790946358181	OK	 
REQUEST		request_timer	1790946358178	1790946358181	OK	 
USER	Counter Scenario	END	1790946358181
USER	Gauge Scenario	END	1790946358181
USER	Timer Scenario	END	1790946358181
USER	No Metrics Scenario	END	1790946358182
USER	Timer Scenario	START	1790946358194
USER	Gauge Scenario	START	1790946358194
USER	No Metrics Scenario	START	1790946358194
USER	Counter Scenario	START	1790946358194
REQUEST		request_counter	1790946358193	1790946358197	OK	 
REQUEST		request_gauge	1790946358193	1790946358197	OK	 
REQUEST		request_no_metrics	1790946358193	1790946358197	OK	 
REQUEST		request_timer	1790946358193	1790946358197	OK	 
USER	Gauge Scenario	END	1790946358197
USER	No Metrics Scenario	END	1790946358197
USER	Timer Scenario	END	1790946358197
USER	Counter Scenario	END	1790946358197
USER	Counter Scenario	START	1790946358209
USER	Timer Scenario	START	1790946358209
USER	Gauge Scenario	START	1790946358209
USER	No Metrics Scenario	START	1790946358209
REQUEST		request_timer	1790946358209	1790946358211	OK	 
REQUEST		request_no_metrics	1790946358208	1790946358211	OK	 
REQUEST		request_gauge	1790946358208	1790946358211	OK	 
REQUEST		request_counter	1790946358208	1790946358212	OK	 
USER	Gauge Scenario	END	1790946358212
USER	Timer Scenario	END	1790946358212
USER	No Metrics Scenario	END	1790946358212
USER	Counter Scenario	END	1790946358212
USER	Timer Scenario	START	1790946358225
USER	No Metrics Scenario	START	1790946358225
USER	Counter Scenario	START	1790946358225
REQUEST		request_no_metrics	1790946358225	1790946358228	OK	 
REQUEST		request_timer	1790946358225	1790946358228	OK	 
REQUEST		request_counter	1790946358225	1790946358228	OK	 
USER	No Metrics Scenario	END	1790946358228
USER	Timer Scenario	END	1790946358228
USER	Counter Scenario	END	1790946358228
USER	Gauge Scenario	START	1790946358242
USER	Timer Scenario	START	1790946358244
REQUEST		request_gauge	1790946358241	1790946358245	OK	 
USER	Gauge Scenario	END	1790946358246
REQUEST		request_timer	1790946358244	1790946358247	OK	 
USER	Timer Scenario	END	1790946358247
USER	Counter Scenario	START	1790946358257
USER	Gauge Scenario	START	1790946358257
USER	No Metrics Scenario	START	1790946358257
REQUEST		request_gauge	1790946358256	1790946358262	OK	 
REQUEST		request_counter	1790946358256	1790946358263	OK	 
REQUEST		request_no_metrics	1790946358256	1790946358263	OK	 
USER	Gauge Scenario	END	1790946358263
USER	Counter Scenario	END	1790946358263
USER	No Metrics Scenario	END	1790946358263
USER	Counter Scenario	START	1790946358273
USER	Timer Scenario	START	1790946358273
USER	No Metrics Scenario	START	1790946358273
USER	Gauge Scenario	START	1790946358273
REQUEST		request_no_metrics	1790946358272	1790946358275	OK	 
REQUEST		request_timer	1790946358272	1790946358275	OK	 
REQUEST		request_gauge	1790946358272	1790946358275	OK	 
REQUEST		request_counter	1790946358272	1790946358275	OK	 
USER	No Metrics Scenario	END	1790946358275
USER	Gauge Scenario	END	1790946358275
USER	Timer Scenario	END	1790946358275
USER	Counter Scenario	END	1790946358275
USER	Counter Scenario	START	1790946358289
USER	No Metrics Scenario	START	1790946358289
USER	Timer Scenario	START	1790946358289
USER	Gauge Scenario	START	1790946358289
REQUEST		request_gauge	1790946358288	1790946358291	OK	 
REQUEST		request_no_metrics	1790946358288	1790946358291	OK	 
REQUEST		request_counter	1790946358288	1790946358291	OK	 
REQUEST		request_timer	1790946358288	1790946358291	OK	 
USER	No Metrics Scenario	END	1790946358292
USER	Gauge Scenario	END	1790946358292
USER	Counter Scenario	END	1790946358292
USER	Timer Scenario	END	1790946358292
USER	Gauge Scenario	START	1790946358305
USER	Counter Scenario	START	1790946358305
USER	Timer Scenario	START	1790946358305
REQUEST		request_timer	1790946358304	1790946358308	OK	 
REQUEST		request_counter	1790946358304	1790946358308	OK	 
REQUEST		request_gauge	1790946358304	1790946358308	OK	 
USER	Timer Scenario	END	1790946358308
USER	Gauge Scenario	END	1790946358308
USER	Counter Scenario	END	1790946358308
USER	No Metrics Scenario	START	1790946358315
REQUEST		request_no_metrics	1790946358315	1790946358318	OK	 
USER	No Metrics Scenario	END	1790946358319
USER	Gauge Scenario	START	1790946358332
USER	No Metrics Scenario	START	1790946358332
USER	Timer Scenario	START	1790946358332
USER	Counter Scenario	START	1790946358332
REQUEST		request_gauge	1790946358331	1790946358334	OK	 
REQUEST		request_counter	1790946358331	1790946358335	OK	 
REQUEST		request_timer	1790946358331	1790946358335	OK	 
USER	Gauge Scenario	END	1790946358335
USER	Counter Scenario	END	1790946358335
USER	Timer Scenario	END	1790946358335
REQUEST		request_no_metrics	1790946358331	1790946358335	OK	 
USER	No Metrics Scenario	END	1790946358336
USER	Timer Scenario	START	1790946358347
USER	No Metrics Scenario	START	1790946358347
USER	Gauge Scenario	START	1790946358348
USER	Counter Scenario	START	1790946358349
REQUEST		request_no_metrics	1790946358347	1790946358350	OK	 
REQUEST		request_timer	1790946358347	1790946358350	OK	 
USER	Timer Scenario	END	1790946358350
USER	No Metrics Scenario	END	1790946358350
REQUEST		request_counter	1790946358349	1790946358352	OK	 
REQUEST		request_gauge	1790946358347	1790946358352	OK	 
USER	Counter Scenario	END	1790946358352
USER	Gauge Scenario	END	1790946358352
USER	Counter Scenario	START	1790946358379
USER	No Metrics Scenario	START	1790946358379
USER	Gauge Scenario	START	1790946358379
USER	Timer Scenario	START	1790946358379
REQUEST		request_no_metrics	1790946358378	1790946358381	OK	 
REQUEST		request_gauge	1790946358379	1790946358381	OK	 
REQUEST		request_counter	1790946358378	1790946358381	OK	 
USER	No Metrics Scenario	END	1790946358381
USER	Gauge Scenario	END	1790946358381
USER	Counter Scenario	END	1790946358381
REQUEST		request_timer	1790946358379	1790946358382	OK	 
USER	Timer Scenario	END	1790946358382
USER	Gauge Scenario	START	1790946358394
USER	Counter Scenario	START	1790946358394
USER	Timer Scenario	START	1790946358394
USER	No Metrics Scenario	START	1790946358394
REQUEST		request_gauge	1790946358394	1790946358397	OK	 
REQUEST		request_no_metrics	1790946358394	1790946358396	OK	 
REQUEST		request_counter	1790946358394	1790946358397	OK	 
REQUEST		request_timer	1790946358394	1790946358397	OK	 
USER	No Metrics Scenario	END	1790946358397
USER	Gauge Scenario	END	1790946358397
USER	Counter Scenario	END	1790946358397
USER	Timer Scenario	END	1790946358397
USER	Timer Scenario	START	1790946358409
USER	No Metrics Scenario	START	1790946358409
USER	Counter Scenario	START	1790946358409
USER	Gauge Scenario	START	1790946358410
REQUEST		request_no_metrics	1790946358409	1790946358411	OK	 
REQUEST		request_counter	1790946358409	1790946358412	OK	 
REQUEST		request_timer	1790946358409	1790946358412	OK	 
REQUEST		request_gauge	1790946358410	1790946358412	OK	 
USER	Counter Scenario	END	1790946358412
USER	No Metrics Scenario	END	1790946358412
USER	Timer Scenario	END	1790946358412
USER	Gauge Scenario	END	1790946358412
USER	Counter Scenario	START	1790946358426
USER	Timer Scenario	START	1790946358426
USER	No Metrics Scenario	START	1790946358426
USER	Gauge Scenario	START	1790946358426
REQUEST		request_no_metrics	1790946358425	1790946358428	OK	 
REQUEST		request_counter	1790946358425	1790946358428	OK	 
REQUEST		request_timer	1790946358425	1790946358428	OK	 
REQUEST		request_gauge	1790946358425	1790946358428	OK	 
USER	Timer Scenario	END	1790946358428
USER	Counter Scenario	END	1790946358428
USER	No Metrics Scenario	END	1790946358428
USER	Gauge Scenario	END	1790946358428
USER	Timer Scenario	START	1790946358456
USER	Counter Scenario	START	1790946358456
USER	Gauge Scenario	START	1790946358456
USER	No Metrics Scenario	START	1790946358458
REQUEST		request_timer	1790946358456	1790946358459	OK	 
REQUEST		request_counter	1790946358456	1790946358459	OK	 
REQUEST		request_gauge	1790946358456	1790946358459	OK	 
USER	Timer Scenario	END	1790946358459
USER	Counter Scenario	END	1790946358459
USER	Gauge Scenario	END	1790946358459
REQUEST		request_no_metrics	1790946358456	1790946358461	OK	 
USER	No Metrics Scenario	END	1790946358461
USER	Counter Scenario	START	1790946358472
USER	Timer Scenario	START	1790946358472
USER	No Metrics Scenario	START	1790946358472
USER	Gauge Scenario	START	1790946358472
REQUEST		request_no_metrics	1790946358471	1790946358474	OK	 
REQUEST		request_counter	1790946358471	1790946358474	OK	 
REQUEST		request_gauge	1790946358471	1790946358474	OK	 
REQUEST		request_timer	1790946358471	1790946358474	OK	 
USER	Counter Scenario	END	1790946358474
USER	Gauge Scenario	END	1790946358474
USER	Timer Scenario	END	1790946358474
USER	No Metrics Scenario	END	1790946358474
USER	Gauge Scenario	START	1790946358487
USER	Timer Scenario	START	1790946358487
USER	No Metrics Scenario	START	1790946358487
USER	Counter Scenario	START	1790946358489
REQUEST		request_gauge	1790946358486	1790946358489	OK	 
USER	Gauge Scenario	END	1790946358489
REQUEST		request_no_metrics	1790946358486	1790946358489	OK	 
REQUEST		request_timer	1790946358487	1790946358489	OK	 
USER	Timer Scenario	END	1790946358490
USER	No Metrics Scenario	END	1790946358490
REQUEST		request_counter	1790946358488	1790946358491	OK	 
USER	Counter Scenario	END	1790946358491
USER	Counter Scenario	START	1790946358518
USER	No Metrics Scenario	START	1790946358519
USER	Gauge Scenario	START	1790946358519
USER	Timer Scenario	START	1790946358519
REQUEST		request_no_metrics	1790946358518	1790946358520	OK	 
REQUEST		request_timer	1790946358519	1790946358521	OK	 
USER	No Metrics Scenario	END	1790946358521
REQUEST		request_counter	1790946358518	1790946358521	OK	 
USER	Timer Scenario	END	1790946358521
USER	Counter Scenario	END	1790946358521
REQUEST		request_gauge	1790946358519	1790946358521	OK	 
USER	Gauge Scenario	END	1790946358521
USER	Gauge Scenario	START	1790946358534
USER	Counter Scenario	START	1790946358534
USER	No Metrics Scenario	START	1790946358534
USER	Timer Scenario	START	1790946358534
REQUEST		request_counter	1790946358533	1790946358536	OK	 
REQUEST		request_no_metrics	1790946358534	1790946358536	OK	 
REQUEST		request_gauge	1790946358533	1790946358536	OK	 
REQUEST		request_timer	1790946358534	1790946358536	OK	 
USER	Counter Scenario	END	1790946358536
USER	No Metrics Scenario	END	1790946358536
USER	Gauge Scenario	END	1790946358536
USER	Timer Scenario	END	1790946358536
USER	Timer Scenario	START	1790946358549
USER	No Metrics Scenario	START	1790946358549
USER	Counter Scenario	START	1790946358549
USER	Gauge Scenario	START	1790946358550
REQUEST		request_no_metrics	1790946358549	1790946358552	OK	 
REQUEST		request_timer	1790946358549	1790946358552	OK	 
REQUEST		request_gauge	1790946358549	1790946358552	OK	 
REQUEST		request_counter	1790946358549	1790946358552	OK	 
USER	No Metrics Scenario	END	1790946358552
USER	Gauge Scenario	END	1790946358552
USER	Timer Scenario	END	1790946358552
USER	Counter Scenario	END	1790946358552
USER	Timer Scenario	START	1790946358565
USER	Counter Scenario	START	1790946358565
USER	No Metrics Scenario	START	1790946358565
USER	Gauge Scenario	START	1790946358566
REQUEST		request_no_metrics	1790946358565	1790946358567	OK	 
REQUEST		request_counter	1790946358564	1790946358567	OK	 
USER	No Metrics Scenario	END	1790946358567
USER	Counter Scenario	END	1790946358567
REQUEST		request_gauge	1790946358565	1790946358567	OK	 
USER	Gauge Scenario	END	1790946358567
REQUEST		request_timer	1790946358564	1790946358567	OK	 
USER	Timer Scenario	END	1790946358568
USER	Timer Scenario	START	1790946358596
USER	Counter Scenario	START	1790946358596
USER	No Metrics Scenario	START	1790946358596
USER	Gauge Scenario	START	1790946358597
REQUEST		request_timer	1790946358596	1790946358599	OK	 
REQUEST		request_counter	1790946358596	1790946358599	OK	 
REQUEST		request_no_metrics	1790946358596	1790946358599	OK	 
REQUEST		request_gauge	1790946358596	1790946358599	OK	 
USER	Counter Scenario	END	1790946358599
USER	Timer Scenario	END	1790946358599
USER	No Metrics Scenario	END	1790946358599
USER	Gauge Scenario	END	1790946358599
USER	Timer Scenario	START	1790946358612
USER	No Metrics Scenario	START	1790946358612
USER	Counter Scenario	START	1790946358612
USER	Gauge Scenario	START	1790946358613
REQUEST		request_no_metrics	1790946358612	1790946358614	OK	 
REQUEST		request_gauge	1790946358612	1790946358614	OK	 
USER	Gauge Scenario	END	1790946358615
USER	No Metrics Scenario	END	1790946358615
REQUEST		request_counter	1790946358612	1790946358615	OK	 
REQUEST		request_timer	1790946358612	1790946358615	OK	 
USER	Timer Scenario	END	1790946358615
USER	Counter Scenario	END	1790946358615
USER	Gauge Scenario	START	1790946358628
USER	No Metrics Scenario	START	1790946358628
USER	Counter Scenario	START	1790946358628
USER	Timer Scenario	START	1790946358628
REQUEST		request_no_metrics	1790946358628	1790946358630	OK	 
REQUEST		request_gauge	1790946358628	1790946358631	OK	 
USER	No Metrics Scenario	END	1790946358631
USER	Gauge Scenario	END	1790946358631
REQUEST		request_timer	1790946358628	1790946358631	OK	 
USER	Timer Scenario	END	1790946358631
REQUEST		request_counter	1790946358628	1790946358631	OK	 
USER	Counter Scenario	END	1790946358631
USER	Gauge Scenario	START	1790946358660
USER	Timer Scenario	START	1790946358660
USER	Counter Scenario	START	1790946358660
USER	No Metrics Scenario	START	1790946358660
REQUEST		request_gauge	1790946358659	1790946358662	OK	 
REQUEST		request_no_metrics	1790946358659	1790946358662	OK	 
REQUEST		request_counter	1790946358659	1790946358662	OK	 
REQUEST		request_timer	1790946358659	1790946358662	OK	 
USER	Gauge Scenario	END	1790946358663
USER	Timer Scenario	END	1790946358663
USER	No Metrics Scenario	END	1790946358663
USER	Counter Scenario	END	1790946358663
USER	Gauge Scenario	START	1790946358675
USER	Counter Scenario	START	1790946358676
USER	No Metrics Scenario	START	1790946358676
USER	Timer Scenario	START	1790946358676
REQUEST		request_no_metrics	1790946358675	1790946358678	OK	 
REQUEST		request_counter	1790946358675	1790946358678	OK	 
REQUEST		request_gauge	1790946358675	1790946358678	OK	 
REQUEST		request_timer	1790946358675	1790946358678	OK	 
USER	Counter Scenario	END	1790946358678
USER	Gauge Scenario	END	1790946358678
USER	Timer Scenario	END	1790946358678
USER	No Metrics Scenario	END	1790946358678
USER	Counter Scenario	START	1790946358692
USER	Gauge Scenario	START	1790946358692
USER	Timer Scenario	START	1790946358692
USER	No Metrics Scenario	START	1790946358692
REQUEST		request_no_metrics	1790946358691	1790946358694	OK	 
REQUEST		request_counter	1790946358691	1790946358694	OK	 
USER	No Metrics Scenario	END	1790946358694
REQUEST		request_gauge	1790946358691	1790946358694	OK	 
USER	Counter Scenario	END	1790946358695
USER	Gauge Scenario	END	1790946358695
REQUEST		request_timer	1790946358691	1790946358695	OK	 
USER	Timer Scenario	END	1790946358695
USER	No Metrics Scenario	START	1790946358708
USER	Timer Scenario	START	1790946358708
USER	Gauge Scenario	START	1790946358708
USER	Counter Scenario	START	1790946358708
REQUEST		request_no_metrics	1790946358708	1790946358711	OK	 
REQUEST		request_timer	1790946358708	1790946358711	OK	 
REQUEST		request_gauge	1790946358708	1790946358711	OK	 
REQUEST		request_counter	1790946358708	1790946358711	OK	 
USER	Gauge Scenario	END	1790946358711
USER	No Metrics Scenario	END	1790946358711
USER	Timer Scenario	END	1790946358711
USER	Counter Scenario	END	1790946358711
USER	Gauge Scenario	START	1790946358741
USER	Timer Scenario	START	1790946358741
USER	No Metrics Scenario	START	1790946358741
USER	Counter Scenario	START	1790946358741
REQUEST		request_counter	1790946358740	1790946358743	OK	 
REQUEST		request_no_metrics	1790946358740	1790946358743	OK	 
REQUEST		request_timer	1790946358740	1790946358743	OK	 
REQUEST		request_gauge	1790946358740	1790946358743	OK	 
USER	Gauge Scenario	END	1790946358743
USER	Counter Scenario	END	1790946358743
USER	Timer Scenario	END	1790946358743
USER	No Metrics Scenario	END	1790946358743
USER	Counter Scenario	START	1790946358744
USER	Timer Scenario	START	1790946358744
REQUEST		request_timer	1790946358744	1790946358746	OK	 
REQUEST		request_counter	1790946358744	1790946358747	OK	 
USER	Timer Scenario	END	1790946358747
USER	Counter Scenario	END	1790946358747
USER	Gauge Scenario	START	1790946358757
USER	No Metrics Scenario	START	1790946358757
REQUEST		request_no_metrics	1790946358756	1790946358759	OK	 
REQUEST		request_gauge	1790946358756	1790946358759	OK	 
USER	No Metrics Scenario	END	1790946358760
USER	Gauge Scenario	END	1790946358760
USER	Counter Scenario	START	1790946358773
USER	Gauge Scenario	START	1790946358773
USER	No Metrics Scenario	START	1790946358773
USER	Timer Scenario	START	1790946358774
REQUEST		request_no_metrics	1790946358772	1790946358776	OK	 
REQUEST		request_gauge	1790946358772	1790946358776	OK	 
USER	No Metrics Scenario	END	1790946358776
REQUEST		request_timer	1790946358772	1790946358776	OK	 
USER	Gauge Scenario	END	1790946358776
REQUEST		request_counter	1790946358772	1790946358776	OK	 
USER	Timer Scenario	END	1790946358776
USER	Counter Scenario	END	1790946358776
USER	Gauge Scenario	START	1790946358789
USER	Counter Scenario	START	1790946358789
USER	No Metrics Scenario	START	1790946358789
USER	Timer Scenario	START	1790946358789
REQUEST		request_no_metrics	1790946358789	1790946358792	OK	 
USER	No Metrics Scenario	END	1790946358793
REQUEST		request_timer	1790946358789	1790946358793	OK	 
USER	Timer Scenario	END	1790946358793
REQUEST		request_gauge	1790946358788	1790946358793	OK	 
REQUEST		request_counter	1790946358788	1790946358793	OK	 
USER	Counter Scenario	END	1790946358793
USER	Gauge Scenario	END	1790946358794
USER	Timer Scenario	START	1790946358804
REQUEST		request_timer	1790946358804	1790946358808	OK	 
USER	Timer Scenario	END	1790946358808
USER	Counter Scenario	START	1790946358820
USER	Gauge Scenario	START	1790946358820
USER	No Metrics Scenario	START	1790946358820
REQUEST		request_no_metrics	1790946358820	1790946358823	OK	 
USER	No Metrics Scenario	END	1790946358823
REQUEST		request_counter	1790946358820	1790946358823	OK	 
USER	Counter Scenario	END	1790946358824
USER	Timer Scenario	START	1790946358827
REQUEST		request_gauge	1790946358820	1790946358829	OK	 
USER	Gauge Scenario	END	1790946358829
REQUEST		request_timer	1790946358826	1790946358830	OK	 
USER	Timer Scenario	END	1790946358830
USER	Counter Scenario	START	1790946358832
USER	Gauge Scenario	START	1790946358833
REQUEST		request_gauge	1790946358832	1790946358835	OK	 
USER	Gauge Scenario	END	1790946358835
USER	No Metrics Scenario	START	1790946358837
REQUEST		request_counter	1790946358831	1790946358838	OK	 
REQUEST		request_no_metrics	1790946358837	1790946358840	OK	 
USER	Counter Scenario	END	1790946358840
USER	No Metrics Scenario	END	1790946358840
USER	Timer Scenario	START	1790946358847
USER	Gauge Scenario	START	1790946358847
USER	Counter Scenario	START	1790946358847
USER	No Metrics Scenario	START	1790946358848
REQUEST		request_counter	1790946358847	1790946358849	OK	 
REQUEST		request_timer	1790946358847	1790946358849	OK	 
USER	Timer Scenario	END	1790946358850
USER	Counter Scenario	END	1790946358850
REQUEST		request_gauge	1790946358847	1790946358850	OK	 
REQUEST		request_no_metrics	1790946358848	1790946358850	OK	 
USER	Gauge Scenario	END	1790946358850
USER	No Metrics Scenario	END	1790946358850
USER	Gauge Scenario	START	1790946358879
USER	Counter Scenario	START	1790946358879
USER	No Metrics Scenario	START	1790946358879
USER	Timer Scenario	START	1790946358879
REQUEST		request_no_metrics	1790946358879	1790946358882	OK	 
REQUEST		request_counter	1790946358879	1790946358882	OK	 
USER	Counter Scenario	END	1790946358882
USER	No Metrics Scenario	END	1790946358882
REQUEST		request_timer	1790946358879	1790946358882	OK	 
USER	Timer Scenario	END	1790946358882
REQUEST		request_gauge	1790946358879	1790946358882	OK	 
USER	Gauge Scenario	END	1790946358883
USER	No Metrics Scenario	START	1790946358895
USER	Gauge Scenario	START	1790946358895
USER	Counter Scenario	START	1790946358895
USER	Timer Scenario	START	1790946358896
REQUEST		request_timer	1790946358895	1790946358898	OK	 
REQUEST		request_counter	1790946358895	1790946358898	OK	 
REQUEST		request_no_metrics	1790946358895	1790946358898	OK	 
USER	Timer Scenario	END	1790946358898
USER	No Metrics Scenario	END	1790946358898
USER	Counter Scenario	END	1790946358898
REQUEST		request_gauge	1790946358895	1790946358898	OK	 
USER	Gauge Scenario	END	1790946358898
USER	Counter Scenario	START	1790946358911
USER	Timer Scenario	START	1790946358911
USER	No Metrics Scenario	START	1790946358911
USER	Gauge Scenario	START	1790946358911
REQUEST		request_timer	1790946358911	1790946358914	OK	 
REQUEST		request_counter	1790946358911	1790946358914	OK	 
REQUEST		request_no_metrics	1790946358911	1790946358914	OK	 
REQUEST		request_gauge	1790946358911	1790946358914	OK	 
USER	Counter Scenario	END	1790946358915
USER	Timer Scenario	END	1790946358915
USER	Gauge Scenario	END	1790946358915
USER	No Metrics Scenario	END	1790946358915
USER	No Metrics Scenario	START	1790946358927
USER	Timer Scenario	START	1790946358927
USER	Gauge Scenario	START	1790946358927
USER	Counter Scenario	START	1790946358927
REQUEST		request_no_metrics	1790946358926	1790946358929	OK	 
REQUEST		request_timer	1790946358926	1790946358929	OK	 
REQUEST		request_gauge	1790946358926	1790946358929	OK	 
REQUEST		request_counter	1790946358926	1790946358930	OK	 
USER	Gauge Scenario	END	1790946358930
USER	Timer Scenario	END	1790946358930
USER	No Metrics Scenario	END	1790946358930
USER	Counter Scenario	END	1790946358930
USER	Gauge Scenario	START	1790946358958
USER	No Metrics Scenario	START	1790946358958
USER	Timer Scenario	START	1790946358958
USER	Counter Scenario	START	1790946358958
REQUEST		request_counter	1790946358958	1790946358961	OK	 
REQUEST		request_no_metrics	1790946358957	1790946358961	OK	 
REQUEST		request_gauge	1790946358957	1790946358961	OK	 
REQUEST		request_timer	1790946358957	1790946358961	OK	 
USER	Counter Scenario	END	1790946358961
USER	Timer Scenario	END	1790946358961
USER	No Metrics Scenario	END	1790946358961
USER	Gauge Scenario	END	1790946358961
USER	No Metrics Scenario	START	1790946358974
USER	Counter Scenario	START	1790946358974
USER	Gauge Scenario	START	1790946358974
USER	Timer Scenario	START	1790946358974
REQUEST		request_no_metrics	1790946358974	1790946358976	OK	 
REQUEST		request_gauge	1790946358974	1790946358976	OK	 
REQUEST		request_counter	1790946358974	1790946358976	OK	 
REQUEST		request_timer	1790946358974	1790946358977	OK	 
USER	No Metrics Scenario	END	1790946358977
USER	Counter Scenario	END	1790946358977
USER	Gauge Scenario	END	1790946358977
USER	Timer Scenario	END	1790946358977
USER	Gauge Scenario	START	1790946358990
USER	Timer Scenario	START	1790946358990
USER	Counter Scenario	START	1790946358990
USER	No Metrics Scenario	START	1790946358990
REQUEST		request_counter	1790946358990	1790946358993	OK	 
REQUEST		request_timer	1790946358990	1790946358993	OK	 
REQUEST		request_no_metrics	1790946358990	1790946358993	OK	 
REQUEST		request_gauge	1790946358990	1790946358993	OK	 
USER	No Metrics Scenario	END	1790946358993
USER	Counter Scenario	END	1790946358993
USER	Gauge Scenario	END	1790946358993
USER	Timer Scenario	END	1790946358993
USER	No Metrics Scenario	START	1790946359023
USER	Counter Scenario	START	1790946359025
USER	Counter Scenario	START	1790946359025
REQUEST		request_no_metrics	1790946359022	1790946359025	OK	 
USER	Timer Scenario	START	1790946359028
USER	Timer Scenario	START	1790946359028
REQUEST		request_counter	1790946359025	1790946359028	OK	 
REQUEST		request_counter	1790946359025	1790946359028	OK	 
REQUEST		request_timer	1790946359027	1790946359031	OK	 
REQUEST		request_timer	1790946359027	1790946359031	OK	 
USER	Gauge Scenario	START	1790946359032
USER	Gauge Scenario	START	1790946359032
REQUEST		request_gauge	1790946359032	1790946359035	OK	 
REQUEST		request_gauge	1790946359032	1790946359035	OK	 
USER	No Metrics Scenario	END	1790946359035
USER	Counter Scenario	END	1790946359035
USER	Counter Scenario	END	1790946359035
USER	Timer Scenario	END	1790946359035
USER	Timer Scenario	END	1790946359035
USER	Gauge Scenario	END	1790946359035
USER	Gauge Scenario	END	1790946359035
USER	No Metrics Scenario	START	1790946359038
REQUEST		request_no_metrics	1790946359037	1790946359040	OK	 
USER	No Metrics Scenario	END	1790946359040
USER	Counter Scenario	START	1790946359054
USER	Gauge Scenario	START	1790946359054
USER	Timer Scenario	START	1790946359054
USER	No Metrics Scenario	START	1790946359054
REQUEST		request_no_metrics	1790946359053	1790946359056	OK	 
REQUEST		request_timer	1790946359053	1790946359056	OK	 
REQUEST		request_counter	1790946359053	1790946359056	OK	 
REQUEST		request_gauge	1790946359053	1790946359056	OK	 
USER	No Metrics Scenario	END	1790946359057
USER	Timer Scenario	END	1790946359057
USER	Counter Scenario	END	1790946359057
USER	Gauge Scenario	END	1790946359057
USER	Counter Scenario	START	1790946359070
USER	Timer Scenario	START	1790946359070
USER	Gauge Scenario	START	1790946359070
USER	No Metrics Scenario	START	1790946359070
REQUEST		request_counter	1790946359069	1790946359072	OK	 
REQUEST		request_timer	1790946359069	1790946359073	OK	 
REQUEST		request_gauge	1790946359069	1790946359073	OK	 
USER	Counter Scenario	END	1790946359073
USER	Timer Scenario	END	1790946359073
USER	Gauge Scenario	END	1790946359073
REQUEST		request_no_metrics	1790946359069	1790946359073	OK	 
USER	No Metrics Scenario	END	1790946359073
USER	Counter Scenario	START	1790946359086
USER	No Metrics Scenario	START	1790946359086
USER	Gauge Scenario	START	1790946359086
REQUEST		request_no_metrics	1790946359085	1790946359088	OK	 
REQUEST		request_counter	1790946359085	1790946359088	OK	 
USER	No Metrics Scenario	END	1790946359088
USER	Counter Scenario	END	1790946359088
REQUEST		request_gauge	1790946359085	1790946359088	OK	 
USER	Gauge Scenario	END	1790946359088
USER	Timer Scenario	START	1790946359101
REQUEST		request_timer	1790946359101	1790946359103	OK	 
USER	Timer Scenario	END	1790946359103
USER	No Metrics Scenario	START	1790946359117
USER	Counter Scenario	START	1790946359117
USER	Gauge Scenario	START	1790946359117
USER	Timer Scenario	START	1790946359117
REQUEST		request_no_metrics	1790946359116	1790946359119	OK	 
REQUEST		request_counter	1790946359117	1790946359119	OK	 
REQUEST		request_gauge	1790946359116	1790946359119	OK	 
USER	No Metrics Scenario	END	1790946359119
USER	Counter Scenario	END	1790946359119
USER	Gauge Scenario	END	1790946359119
REQUEST		request_timer	1790946359117	1790946359119	OK	 
USER	Timer Scenario	END	1790946359119
USER	No Metrics Scenario	START	1790946359133
USER	Gauge Scenario	START	1790946359133
USER	Counter Scenario	START	1790946359133
USER	Timer Scenario	START	1790946359134
REQUEST		request_counter	1790946359133	1790946359135	OK	 
REQUEST		request_timer	1790946359133	1790946359135	OK	 
REQUEST		request_no_metrics	1790946359132	1790946359135	OK	 
REQUEST		request_gauge	1790946359132	1790946359135	OK	 
USER	Timer Scenario	END	1790946359135
USER	Counter Scenario	END	1790946359135
USER	No Metrics Scenario	END	1790946359135
USER	Gauge Scenario	END	1790946359136
USER	Timer Scenario	START	1790946359149
USER	No Metrics Scenario	START	1790946359149
USER	Gauge Scenario	START	1790946359149
USER	Counter Scenario	START	1790946359149
REQUEST		request_no_metrics	1790946359148	1790946359151	OK	 
REQUEST		request_gauge	1790946359148	1790946359151	OK	 
USER	Gauge Scenario	END	1790946359151
REQUEST		request_counter	1790946359148	1790946359151	OK	 
USER	No Metrics Scenario	END	1790946359151
REQUEST		request_timer	1790946359148	1790946359151	OK	 
USER	Counter Scenario	END	1790946359152
USER	Timer Scenario	END	1790946359152
USER	No Metrics Scenario	START	1790946359165
USER	Counter Scenario	START	1790946359165
USER	Gauge Scenario	START	1790946359165
REQUEST		request_no_metrics	1790946359164	1790946359167	OK	 
REQUEST		request_gauge	1790946359164	1790946359167	OK	 
REQUEST		request_counter	1790946359164	1790946359167	OK	 
USER	Counter Scenario	END	1790946359167
USER	No Metrics Scenario	END	1790946359167
USER	Gauge Scenario	END	1790946359167
USER	Timer Scenario	START	1790946359181
REQUEST		request_timer	1790946359181	1790946359183	OK	 
USER	Timer Scenario	END	1790946359184
USER	Gauge Scenario	START	1790946359197
USER	No Metrics Scenario	START	1790946359197
USER	Counter Scenario	START	1790946359197
USER	Timer Scenario	START	1790946359197
REQUEST		request_counter	1790946359196	1790946359199	OK	 
REQUEST		request_no_metrics	1790946359196	1790946359199	OK	 
REQUEST		request_timer	1790946359196	1790946359199	OK	 
REQUEST		request_gauge	1790946359196	1790946359199	OK	 
USER	Timer Scenario	END	1790946359199
USER	Counter Scenario	END	1790946359199
USER	No Metrics Scenario	END	1790946359199
USER	Gauge Scenario	END	1790946359200
USER	Timer Scenario	START	1790946359213
USER	Gauge Scenario	START	1790946359213
USER	Counter Scenario	START	1790946359213
USER	No Metrics Scenario	START	1790946359213
REQUEST		request_no_metrics	1790946359212	1790946359215	OK	 
REQUEST		request_gauge	1790946359212	1790946359215	OK	 
REQUEST		request_timer	1790946359213	1790946359215	OK	 
REQUEST		request_counter	1790946359212	1790946359215	OK	 
USER	No Metrics Scenario	END	1790946359216
USER	Gauge Scenario	END	1790946359216
USER	Timer Scenario	END	1790946359216
USER	Counter Scenario	END	1790946359216
USER	Counter Scenario	START	1790946359229
USER	No Metrics Scenario	START	1790946359229
USER	Timer Scenario	START	1790946359230
USER	Gauge Scenario	START	1790946359230
REQUEST		request_no_metrics	1790946359228	1790946359231	OK	 
REQUEST		request_timer	1790946359229	1790946359231	OK	 
USER	No Metrics Scenario	END	1790946359231
USER	Timer Scenario	END	1790946359231
REQUEST		request_counter	1790946359228	1790946359232	OK	 
USER	Counter Scenario	END	1790946359232
REQUEST		request_gauge	1790946359229	1790946359232	OK	 
USER	Gauge Scenario	END	1790946359232
USER	Gauge Scenario	START	1790946359245
USER	Counter Scenario	START	1790946359245
USER	No Metrics Scenario	START	1790946359245
REQUEST		request_no_metrics	1790946359245	1790946359248	OK	 
REQUEST		request_gauge	1790946359245	1790946359248	OK	 
REQUEST		request_counter	1790946359245	1790946359248	OK	 
USER	Gauge Scenario	END	1790946359248
USER	Counter Scenario	END	1790946359248
USER	No Metrics Scenario	END	1790946359248
USER	Timer Scenario	START	1790946359261
REQUEST		request_timer	1790946359261	1790946359264	OK	 
USER	Timer Scenario	END	1790946359264
USER	Gauge Scenario	START	1790946359277
USER	Counter Scenario	START	1790946359277
USER	No Metrics Scenario	START	1790946359277
USER	Timer Scenario	START	1790946359277
REQUEST		request_gauge	1790946359277	1790946359279	OK	 
REQUEST		request_no_metrics	1790946359277	1790946359279	OK	 
REQUEST		request_counter	1790946359277	1790946359279	OK	 
REQUEST		request_timer	1790946359277	1790946359279	OK	 
USER	No Metrics Scenario	END	1790946359280
USER	Gauge Scenario	END	1790946359280
USER	Timer Scenario	END	1790946359280
USER	Counter Scenario	END	1790946359280
USER	Counter Scenario	START	1790946359293
USER	No Metrics Scenario	START	1790946359293
USER	Gauge Scenario	START	1790946359293
USER	Timer Scenario	START	1790946359293
REQUEST		request_counter	1790946359292	1790946359296	OK	 
REQUEST		request_timer	1790946359293	1790946359296	OK	 
USER	Timer Scenario	END	1790946359296
USER	Counter Scenario	END	1790946359296
REQUEST		request_no_metrics	1790946359292	1790946359296	OK	 
USER	No Metrics Scenario	END	1790946359296
REQUEST		request_gauge	1790946359292	1790946359296	OK	 
USER	Gauge Scenario	END	1790946359297
USER	Counter Scenario	START	1790946359308
USER	No Metrics Scenario	START	1790946359308
USER	Timer Scenario	START	1790946359308
USER	Gauge Scenario	START	1790946359308
REQUEST		request_counter	1790946359307	1790946359309	OK	 
REQUEST		request_timer	1790946359307	1790946359310	OK	 
REQUEST		request_no_metrics	1790946359307	1790946359309	OK	 
REQUEST		request_gauge	1790946359308	1790946359310	OK	 
USER	Timer Scenario	END	1790946359310
USER	Counter Scenario	END	1790946359310
USER	Gauge Scenario	END	1790946359310
USER	No Metrics Scenario	END	1790946359310
USER	Counter Scenario	START	1790946359339
USER	Timer Scenario	START	1790946359339
USER	No Metrics Scenario	START	1790946359339
USER	Gauge Scenario	START	1790946359339
REQUEST		request_counter	1790946359339	1790946359341	OK	 
REQUEST		request_no_metrics	1790946359339	1790946359341	OK	 
REQUEST		request_gauge	1790946359339	1790946359341	OK	 
REQUEST		request_timer	1790946359339	1790946359341	OK	 
USER	Counter Scenario	END	1790946359341
USER	Gauge Scenario	END	1790946359341
USER	Timer Scenario	END	1790946359341
USER	No Metrics Scenario	END	1790946359341
USER	Counter Scenario	START	1790946359355
USER	Gauge Scenario	START	1790946359355
USER	Timer Scenario	START	1790946359355
USER	No Metrics Scenario	START	1790946359355
REQUEST		request_no_metrics	1790946359355	1790946359357	OK	 
REQUEST		request_counter	1790946359355	1790946359357	OK	 
USER	No Metrics Scenario	END	1790946359357
REQUEST		request_gauge	1790946359355	1790946359357	OK	 
USER	Counter Scenario	END	1790946359357
USER	Gauge Scenario	END	1790946359357
REQUEST		request_timer	1790946359355	1790946359357	OK	 
USER	Timer Scenario	END	1790946359358
USER	Timer Scenario	START	1790946359371
USER	No Metrics Scenario	START	1790946359371
USER	Counter Scenario	START	1790946359371
USER	Gauge Scenario	START	1790946359371
REQUEST		request_gauge	1790946359371	1790946359372	OK	 
REQUEST		request_no_metrics	1790946359370	1790946359372	OK	 
REQUEST		request_timer	1790946359370	1790946359372	OK	 
USER	Gauge Scenario	END	1790946359373
USER	No Metrics Scenario	END	1790946359373
USER	Timer Scenario	END	1790946359373
REQUEST		request_counter	1790946359370	1790946359373	OK	 
USER	Counter Scenario	END	1790946359373
USER	No Metrics Scenario	START	1790946359387
USER	Timer Scenario	START	1790946359387
USER	Counter Scenario	START	1790946359387
USER	Gauge Scenario	START	1790946359387
REQUEST		request_timer	1790946359386	1790946359388	OK	 
REQUEST		request_counter	1790946359386	1790946359388	OK	 
REQUEST		request_gauge	1790946359386	1790946359388	OK	 
REQUEST		request_no_metrics	1790946359386	1790946359388	OK	 
USER	Counter Scenario	END	1790946359388
USER	Timer Scenario	END	1790946359388
USER	Gauge Scenario	END	1790946359388
USER	No Metrics Scenario	END	1790946359388
USER	Timer Scenario	START	1790946359419
USER	Gauge Scenario	START	1790946359419
USER	No Metrics Scenario	START	1790946359419
USER	Counter Scenario	START	1790946359419
REQUEST		request_timer	1790946359418	1790946359420	OK	 
REQUEST		request_no_metrics	1790946359418	1790946359420	OK	 
USER	Timer Scenario	END	1790946359421
USER	No Metrics Scenario	END	1790946359421
REQUEST		request_gauge	1790946359418	1790946359421	OK	 
USER	Gauge Scenario	END	1790946359421
REQUEST		request_counter	1790946359418	1790946359421	OK	 
USER	Counter Scenario	END	1790946359421
USER	Counter Scenario	START	1790946359435
USER	No Metrics Scenario	START	1790946359435
USER	Timer Scenario	START	1790946359435
USER	Gauge Scenario	START	1790946359435
REQUEST		request_timer	1790946359434	1790946359436	OK	 
REQUEST		request_no_metrics	1790946359434	1790946359436	OK	 
REQUEST		request_gauge	1790946359434	1790946359436	OK	 
REQUEST		request_counter	1790946359434	1790946359437	OK	 
USER	Timer Scenario	END	1790946359437
USER	No Metrics Scenario	END	1790946359437
USER	Gauge Scenario	END	1790946359437
USER	Counter Scenario	END	1790946359437
USER	Timer Scenario	START	1790946359448
USER	No Metrics Scenario	START	1790946359448
USER	Counter Scenario	START	1790946359448
REQUEST		request_timer	1790946359448	1790946359450	OK	 
REQUEST		request_no_metrics	1790946359448	1790946359450	OK	 
REQUEST		request_counter	1790946359448	1790946359450	OK	 
USER	Gauge Scenario	START	1790946359450
USER	Counter Scenario	END	1790946359450
USER	No Metrics Scenario	END	1790946359450
USER	Timer Scenario	END	1790946359450
REQUEST		request_gauge	1790946359449	1790946359452	OK	 
USER	Gauge Scenario	END	1790946359452
USER	No Metrics Scenario	START	1790946359479
USER	Timer Scenario	START	1790946359479
USER	Counter Scenario	START	1790946359479
USER	Gauge Scenario	START	1790946359479
REQUEST		request_no_metrics	1790946359479	1790946359481	OK	 
REQUEST		request_gauge	1790946359479	1790946359481	OK	 
USER	Gauge Scenario	END	1790946359481
USER	No Metrics Scenario	END	1790946359481
REQUEST		request_timer	1790946359479	1790946359481	OK	 
REQUEST		request_counter	1790946359479	1790946359481	OK	 
USER	Counter Scenario	END	1790946359481
USER	Timer Scenario	END	1790946359481
USER	Timer Scenario	START	1790946359495
USER	Counter Scenario	START	1790946359495
USER	No Metrics Scenario	START	1790946359495
USER	Gauge Scenario	START	1790946359495
REQUEST		request_no_metrics	1790946359495	1790946359497	OK	 
REQUEST		request_timer	1790946359495	1790946359497	OK	 
REQUEST		request_gauge	1790946359495	1790946359497	OK	 
REQUEST		request_counter	1790946359495	1790946359497	OK	 
USER	Timer Scenario	END	1790946359497
USER	No Metrics Scenario	END	1790946359497
USER	Counter Scenario	END	1790946359497
USER	Gauge Scenario	END	1790946359497
USER	Counter Scenario	START	1790946359511
USER	No Metrics Scenario	START	1790946359511
USER	Timer Scenario	START	1790946359511
USER	Gauge Scenario	START	1790946359511
REQUEST		request_counter	1790946359511	1790946359513	OK	 
REQUEST		request_no_metrics	1790946359511	1790946359513	OK	 
REQUEST		request_gauge	1790946359511	1790946359513	OK	 
USER	Counter Scenario	END	1790946359513
USER	Gauge Scenario	END	1790946359513
USER	No Metrics Scenario	END	1790946359513
REQUEST		request_timer	1790946359511	1790946359513	OK	 
USER	Timer Scenario	END	1790946359514
USER	Counter Scenario	START	1790946359527
USER	Timer Scenario	START	1790946359527
USER	Gauge Scenario	START	1790946359527
USER	No Metrics Scenario	START	1790946359527
REQUEST		request_no_metrics	1790946359526	1790946359529	OK	 
REQUEST		request_gauge	1790946359526	1790946359529	OK	 
REQUEST		request_counter	1790946359526	1790946359529	OK	 
USER	Counter Scenario	END	1790946359529
USER	No Metrics Scenario	END	1790946359529
USER	Gauge Scenario	END	1790946359529
REQUEST		request_timer	1790946359526	1790946359529	OK	 
USER	Timer Scenario	END	1790946359530
USER	Counter Scenario	START	1790946359558
USER	No Metrics Scenario	START	1790946359558
USER	Gauge Scenario	START	1790946359558
USER	Timer Scenario	START	1790946359558
REQUEST		request_timer	1790946359558	1790946359560	OK	 
REQUEST		request_counter	1790946359558	1790946359560	OK	 
REQUEST		request_no_metrics	1790946359558	1790946359560	OK	 
REQUEST		request_gauge	1790946359558	1790946359560	OK	 
USER	No Metrics Scenario	END	1790946359560
USER	Timer Scenario	END	1790946359560
USER	Counter Scenario	END	1790946359560
USER	Gauge Scenario	END	1790946359560
USER	Counter Scenario	START	1790946359574
USER	Gauge Scenario	START	1790946359574
USER	No Metrics Scenario	START	1790946359574
USER	Timer Scenario	START	1790946359574
REQUEST		request_no_metrics	1790946359574	1790946359576	OK	 
REQUEST		request_timer	1790946359574	1790946359576	OK	 
REQUEST		request_gauge	1790946359574	1790946359576	OK	 
REQUEST		request_counter	1790946359574	1790946359576	OK	 
USER	Gauge Scenario	END	1790946359577
USER	No Metrics Scenario	END	1790946359577
USER	Timer Scenario	END	1790946359577
USER	Counter Scenario	END	1790946359577
USER	Counter Scenario	START	1790946359590
USER	Timer Scenario	START	1790946359590
USER	Gauge Scenario	START	1790946359590
USER	No Metrics Scenario	START	1790946359590
REQUEST		request_no_metrics	1790946359590	1790946359592	OK	 
REQUEST		request_timer	1790946359590	1790946359592	OK	 
REQUEST		request_gauge	1790946359590	1790946359592	OK	 
REQUEST		request_counter	1790946359590	1790946359592	OK	 
USER	No Metrics Scenario	END	1790946359592
USER	Gauge Scenario	END	1790946359592
USER	Timer Scenario	END	1790946359592
USER	Counter Scenario	END	1790946359593
USER	No Metrics Scenario	START	1790946359606
USER	Counter Scenario	START	1790946359606
USER	Gauge Scenario	START	1790946359606
REQUEST		request_counter	1790946359606	1790946359608	OK	 
REQUEST		request_no_metrics	1790946359606	1790946359608	OK	 
REQUEST		request_gauge	1790946359606	1790946359608	OK	 
USER	Gauge Scenario	END	1790946359608
USER	No Metrics Scenario	END	1790946359608
USER	Counter Scenario	END	1790946359608
USER	Timer Scenario	START	1790946359622
REQUEST		request_timer	1790946359621	1790946359624	OK	 
USER	Timer Scenario	END	1790946359624
USER	Timer Scenario	START	1790946359638
USER	No Metrics Scenario	START	1790946359638
USER	Gauge Scenario	START	1790946359638
USER	Counter Scenario	START	1790946359638
REQUEST		request_no_metrics	1790946359637	1790946359640	OK	 
REQUEST		request_timer	1790946359637	1790946359640	OK	 
REQUEST		request_counter	1790946359637	1790946359640	OK	 
REQUEST		request_gauge	1790946359637	1790946359640	OK	 
USER	Counter Scenario	END	1790946359640
USER	No Metrics Scenario	END	1790946359640
USER	Timer Scenario	END	1790946359640
USER	Gauge Scenario	END	1790946359640
USER	Timer Scenario	START	1790946359654
USER	Gauge Scenario	START	1790946359654
USER	No Metrics Scenario	START	1790946359654
USER	Counter Scenario	START	1790946359654
REQUEST		request_no_metrics	1790946359653	1790946359656	OK	 
REQUEST		request_gauge	1790946359653	1790946359656	OK	 
REQUEST		request_counter	1790946359653	1790946359656	OK	 
USER	No Metrics Scenario	END	1790946359656
USER	Gauge Scenario	END	1790946359656
REQUEST		request_timer	1790946359653	1790946359656	OK	 
USER	Counter Scenario	END	1790946359656
USER	Timer Scenario	END	1790946359656
USER	No Metrics Scenario	START	1790946359670
USER	Gauge Scenario	START	1790946359670
USER	Counter Scenario	START	1790946359670
USER	Timer Scenario	START	1790946359670
REQUEST		request_no_metrics	1790946359669	1790946359671	OK	 
REQUEST		request_timer	1790946359669	1790946359671	OK	 
REQUEST		request_gauge	1790946359669	1790946359671	OK	 
REQUEST		request_counter	1790946359669	1790946359671	OK	 
USER	No Metrics Scenario	END	1790946359672
USER	Gauge Scenario	END	1790946359672
USER	Timer Scenario	END	1790946359672
USER	Counter Scenario	END	1790946359672
USER	Counter Scenario	START	1790946359686
USER	Gauge Scenario	START	1790946359686
USER	No Metrics Scenario	START	1790946359686
REQUEST		request_counter	1790946359685	1790946359688	OK	 
REQUEST		request_no_metrics	1790946359685	1790946359688	OK	 
REQUEST		request_gauge	1790946359685	1790946359688	OK	 
USER	Counter Scenario	END	1790946359688
USER	No Metrics Scenario	END	1790946359688
USER	Gauge Scenario	END	1790946359688
USER	Timer Scenario	START	1790946359702
REQUEST		request_timer	1790946359701	1790946359704	OK	 
USER	Timer Scenario	END	1790946359704
USER	Timer Scenario	START	1790946359717
USER	No Metrics Scenario	START	1790946359717
USER	Counter Scenario	START	1790946359717
USER	Gauge Scenario	START	1790946359717
REQUEST		request_timer	1790946359716	1790946359719	OK	 
REQUEST		request_no_metrics	1790946359716	1790946359719	OK	 
REQUEST		request_gauge	1790946359717	1790946359719	OK	 
REQUEST		request_counter	1790946359716	1790946359719	OK	 
USER	Timer Scenario	END	1790946359719
USER	No Metrics Scenario	END	1790946359719
USER	Gauge Scenario	END	1790946359719
USER	Counter Scenario	END	1790946359719
USER	No Metrics Scenario	START	1790946359733
USER	Timer Scenario	START	1790946359733
USER	Gauge Scenario	START	1790946359733
USER	Counter Scenario	START	1790946359733
REQUEST		request_no_metrics	1790946359732	1790946359735	OK	 
REQUEST		request_gauge	1790946359732	1790946359735	OK	 
REQUEST		request_timer	1790946359732	1790946359735	OK	 
USER	No Metrics Scenario	END	1790946359735
USER	Gauge Scenario	END	1790946359735
USER	Timer Scenario	END	1790946359735
REQUEST		request_counter	1790946359732	1790946359735	OK	 
USER	Counter Scenario	END	1790946359735
USER	Counter Scenario	START	1790946359748
USER	Gauge Scenario	START	1790946359748
USER	Timer Scenario	START	1790946359748
USER	No Metrics Scenario	START	1790946359748
REQUEST		request_no_metrics	1790946359748	1790946359750	OK	 
REQUEST		request_timer	1790946359748	1790946359750	OK	 
REQUEST		request_counter	1790946359748	1790946359750	OK	 
REQUEST		request_gauge	1790946359748	1790946359750	OK	 
USER	No Metrics Scenario	END	1790946359750
USER	Counter Scenario	END	1790946359750
USER	Timer Scenario	END	1790946359750
USER	Gauge Scenario	END	1790946359750
USER	No Metrics Scenario	START	1790946359765
REQUEST		request_no_metrics	1790946359764	1790946359767	OK	 
USER	No Metrics Scenario	END	1790946359767
USER	Gauge Scenario	START	1790946359781
USER	Counter Scenario	START	1790946359781
USER	Timer Scenario	START	1790946359781
REQUEST		request_gauge	1790946359780	1790946359783	OK	 
REQUEST		request_counter	1790946359780	1790946359783	OK	 
USER	Gauge Scenario	END	1790946359783
USER	Counter Scenario	END	1790946359783
REQUEST		request_timer	1790946359780	1790946359783	OK	 
USER	Timer Scenario	END	1790946359784
USER	Timer Scenario	START	1790946359797
USER	No Metrics Scenario	START	1790946359797
USER	Gauge Scenario	START	1790946359797
USER	Counter Scenario	START	1790946359797
REQUEST		request_no_metrics	1790946359796	1790946359799	OK	 
REQUEST		request_gauge	1790946359796	1790946359799	OK	 
REQUEST		request_timer	1790946359796	1790946359799	OK	 
REQUEST		request_counter	1790946359796	1790946359799	OK	 
USER	Timer Scenario	END	1790946359799
USER	No Metrics Scenario	END	1790946359799
USER	Gauge Scenario	END	1790946359799
USER	Counter Scenario	END	1790946359799
USER	Gauge Scenario	START	1790946359813
USER	Timer Scenario	START	1790946359813
USER	No Metrics Scenario	START	1790946359813
USER	Counter Scenario	START	1790946359813
REQUEST		request_gauge	1790946359812	1790946359815	OK	 
USER	Gauge Scenario	END	1790946359816
REQUEST		request_no_metrics	1790946359812	1790946359816	OK	 
REQUEST		request_counter	1790946359812	1790946359816	OK	 
REQUEST		request_timer	1790946359812	1790946359816	OK	 
USER	No Metrics Scenario	END	1790946359816
USER	Counter Scenario	END	1790946359816
USER	Timer Scenario	END	1790946359816
USER	Counter Scenario	START	1790946359829
USER	Timer Scenario	START	1790946359829
USER	No Metrics Scenario	START	1790946359829
USER	Gauge Scenario	START	1790946359829
REQUEST		request_no_metrics	1790946359829	1790946359832	OK	 
REQUEST		request_timer	1790946359829	1790946359832	OK	 
REQUEST		request_gauge	1790946359829	1790946359832	OK	 
USER	Timer Scenario	END	1790946359832
USER	No Metrics Scenario	END	1790946359832
USER	Gauge Scenario	END	1790946359833
REQUEST		request_counter	1790946359829	1790946359833	OK	 
USER	Counter Scenario	END	1790946359833
USER	No Metrics Scenario	START	1790946359845
USER	Counter Scenario	START	1790946359845
USER	Gauge Scenario	START	1790946359845
REQUEST		request_no_metrics	1790946359845	1790946359847	OK	 
REQUEST		request_counter	1790946359845	1790946359848	OK	 
USER	No Metrics Scenario	END	1790946359848
USER	Counter Scenario	END	1790946359848
REQUEST		request_gauge	1790946359845	1790946359848	OK	 
USER	Gauge Scenario	END	1790946359849
USER	Timer Scenario	START	1790946359861
REQUEST		request_timer	1790946359861	1790946359864	OK	 
USER	Timer Scenario	END	1790946359864
USER	No Metrics Scenario	START	1790946359877
USER	Timer Scenario	START	1790946359877
USER	Gauge Scenario	START	1790946359877
USER	Counter Scenario	START	1790946359878
REQUEST		request_no_metrics	1790946359877	1790946359879	OK	 
REQUEST		request_timer	1790946359877	1790946359879	OK	 
REQUEST		request_counter	1790946359877	1790946359880	OK	 
REQUEST		request_gauge	1790946359877	1790946359880	OK	 
USER	Timer Scenario	END	1790946359880
USER	No Metrics Scenario	END	1790946359880
USER	Counter Scenario	END	1790946359880
USER	Gauge Scenario	END	1790946359880
USER	Counter Scenario	START	1790946359894
USER	Gauge Scenario	START	1790946359894
USER	Timer Scenario	START	1790946359894
USER	No Metrics Scenario	START	1790946359894
REQUEST		request_no_metrics	1790946359893	1790946359896	OK	 
REQUEST		request_counter	1790946359893	1790946359896	OK	 
REQUEST		request_gauge	1790946359893	1790946359896	OK	 
REQUEST		request_timer	1790946359893	1790946359896	OK	 
USER	No Metrics Scenario	END	1790946359896
USER	Gauge Scenario	END	1790946359896
USER	Counter Scenario	END	1790946359896
USER	Timer Scenario	END	1790946359896
USER	Counter Scenario	START	1790946359909
USER	Gauge Scenario	START	1790946359909
USER	No Metrics Scenario	START	1790946359909
USER	Timer Scenario	START	1790946359909
REQUEST		request_no_metrics	1790946359909	1790946359911	OK	 
REQUEST		request_timer	1790946359909	1790946359911	OK	 
REQUEST		request_counter	1790946359909	1790946359911	OK	 
REQUEST		request_gauge	1790946359909	1790946359911	OK	 
USER	Timer Scenario	END	1790946359911
USER	No Metrics Scenario	END	1790946359911
USER	Counter Scenario	END	1790946359911
USER	Gauge Scenario	END	1790946359911
USER	No Metrics Scenario	START	1790946359925
USER	Counter Scenario	START	1790946359925
REQUEST		request_no_metrics	1790946359924	1790946359927	OK	 
USER	No Metrics Scenario	END	1790946359927
REQUEST		request_counter	1790946359924	1790946359927	OK	 
USER	Counter Scenario	END	1790946359928
USER	Timer Scenario	START	1790946359940
USER	Gauge Scenario	START	1790946359940
REQUEST		request_timer	1790946359940	1790946359943	OK	 
REQUEST		request_gauge	1790946359940	1790946359943	OK	 
USER	Timer Scenario	END	1790946359943
USER	Gauge Scenario	END	1790946359943
USER	Gauge Scenario	START	1790946359957
USER	Counter Scenario	START	1790946359957
USER	No Metrics Scenario	START	1790946359957
USER	Timer Scenario	START	1790946359957
REQUEST		request_gauge	1790946359956	1790946359959	OK	 
REQUEST		request_counter	1790946359956	1790946359959	OK	 
REQUEST		request_no_metrics	1790946359956	1790946359959	OK	 
REQUEST		request_timer	1790946359956	1790946359959	OK	 
USER	Gauge Scenario	END	1790946359959
USER	Counter Scenario	END	1790946359959
USER	Timer Scenario	END	1790946359959
USER	No Metrics Scenario	END	1790946359959
USER	Timer Scenario	START	1790946359972
USER	Counter Scenario	START	1790946359972
USER	Gauge Scenario	START	1790946359972
USER	No Metrics Scenario	START	1790946359972
REQUEST		request_no_metrics	1790946359972	1790946359974	OK	 
REQUEST		request_gauge	1790946359972	1790946359974	OK	 
REQUEST		request_counter	1790946359972	1790946359974	OK	 
REQUEST		request_timer	1790946359972	1790946359974	OK	 
USER	No Metrics Scenario	END	1790946359975
USER	Counter Scenario	END	1790946359975
USER	Gauge Scenario	END	1790946359975
USER	Timer Scenario	END	1790946359975
USER	Counter Scenario	START	1790946359988
USER	Gauge Scenario	START	1790946359988
USER	No Metrics Scenario	START	1790946359989
USER	Timer Scenario	START	1790946359989
REQUEST		request_no_metrics	1790946359988	1790946359990	OK	 
REQUEST		request_timer	1790946359988	1790946359990	OK	 
REQUEST		request_gauge	1790946359988	1790946359990	OK	 
REQUEST		request_counter	1790946359988	1790946359990	OK	 
USER	Gauge Scenario	END	1790946359990
USER	No Metrics Scenario	END	1790946359991
USER	Timer Scenario	END	1790946359992
USER	Counter Scenario	END	1790946359992
